{"train_loss": 1.7774832243848967e-06, "test_loss": 2.360748513858097e-06, "train_acc": 1.0, "test_acc": 1.0, "all_loss": 2.1274424503867194e-06, "percent_x_embed_trivial_rep": 2.7158850168795823e-10, "percent_y_embed_trivial_rep": 5.0843804860756237e-11, "percent_unembed_trivial_rep": 0.07575834542512894, "percent_hidden_x_trivial_rep": 3.3087588726288426e-15, "percent_hidden_y_trivial_rep": 3.3087588726288426e-15, "percent_hidden_xy_trivial_rep": 3.3087588726288426e-15, "total_percent_hidden_trivial_rep": 9.926276617886528e-15, "hidden_excluded_loss_trivial_rep": 1.8430058969909665e-06, "hidden_restricted_loss_trivial_rep": 4.816803301704735, "logit_sign_rep_trace_similarity": 0.3755825161933899, "logit_excluded_loss_sign_rep": 0.001573077099861316, "logit_restricted_loss_sign_rep": 4.094518976032585, "percent_x_embed_sign_rep": 0.038824982941150665, "percent_y_embed_sign_rep": 0.03881724178791046, "percent_unembed_sign_rep": 0.123141348361969, "percent_hidden_x_sign_rep": 0.014217130839824677, "percent_hidden_y_sign_rep": 0.014214524067938328, "percent_hidden_xy_sign_rep": 0.0142139857634902, "total_percent_hidden_sign_rep": 0.042645640671253204, "hidden_excluded_loss_sign_rep": 0.0015762436648875276, "hidden_restricted_loss_sign_rep": 4.095215683331705, "logit_standard_rep_trace_similarity": 0.6733072996139526, "logit_excluded_loss_standard_rep": 16.34093236713471, "logit_restricted_loss_standard_rep": 1.8311183077950058e-06, "percent_x_embed_standard_rep": 0.9611750245094299, "percent_y_embed_standard_rep": 0.9611828327178955, "percent_unembed_standard_rep": 0.7972757816314697, "percent_hidden_x_standard_rep": 0.37233206629753113, "percent_hidden_y_standard_rep": 0.3723453879356384, "percent_hidden_xy_standard_rep": 0.11228103935718536, "total_percent_hidden_standard_rep": 0.8569584488868713, "hidden_excluded_loss_standard_rep": 16.361121043513723, "hidden_restricted_loss_standard_rep": 1.9964483278199263e-06, "logit_standard_sign_rep_trace_similarity": 1.57160684466362e-09, "logit_excluded_loss_standard_sign_rep": 1.7774833402900745e-06, "logit_restricted_loss_standard_sign_rep": 4.7874916703576185, "percent_x_embed_standard_sign_rep": 9.828020619551125e-10, "percent_y_embed_standard_sign_rep": 1.144161210220318e-09, "percent_unembed_standard_sign_rep": 0.00010930425196420401, "percent_hidden_x_standard_sign_rep": 6.064270752226264e-10, "percent_hidden_y_standard_sign_rep": 5.842032413383436e-10, "percent_hidden_xy_standard_sign_rep": 5.513983367122499e-13, "total_percent_hidden_standard_sign_rep": 1.19118170882615e-09, "hidden_excluded_loss_standard_sign_rep": 1.7774832627551875e-06, "hidden_restricted_loss_standard_sign_rep": 4.787491704237386, "logit_s5_5d_a_rep_trace_similarity": -2.106389729306102e-09, "logit_excluded_loss_s5_5d_a_rep": 1.7774833402900745e-06, "logit_restricted_loss_s5_5d_a_rep": 4.787491864118104, "percent_x_embed_s5_5d_a_rep": 3.3419329525941066e-09, "percent_y_embed_s5_5d_a_rep": 2.2809927280320608e-09, "percent_unembed_s5_5d_a_rep": 0.00017271426622755826, "percent_hidden_x_s5_5d_a_rep": 1.5105166006890158e-09, "percent_hidden_y_s5_5d_a_rep": 1.104884406188944e-09, "percent_hidden_xy_s5_5d_a_rep": 2.891202902088885e-13, "total_percent_hidden_s5_5d_a_rep": 2.6156901089535722e-09, "hidden_excluded_loss_s5_5d_a_rep": 1.7774833986954385e-06, "hidden_restricted_loss_s5_5d_a_rep": 4.787491752884616, "logit_s5_5d_b_rep_trace_similarity": 0.00072768161771819, "logit_excluded_loss_s5_5d_b_rep": 1.856691544904784e-06, "logit_restricted_loss_s5_5d_b_rep": 4.745609755476273, "percent_x_embed_s5_5d_b_rep": 9.139160539461955e-09, "percent_y_embed_s5_5d_b_rep": 8.836322784588901e-09, "percent_unembed_s5_5d_b_rep": 0.0031884449999779463, "percent_hidden_x_s5_5d_b_rep": 0.00017222105816472322, "percent_hidden_y_s5_5d_b_rep": 0.00017225390183739364, "percent_hidden_xy_s5_5d_b_rep": 5.6683715229155496e-05, "total_percent_hidden_s5_5d_b_rep": 0.000401158700697124, "hidden_excluded_loss_s5_5d_b_rep": 1.857238174327697e-06, "hidden_restricted_loss_s5_5d_b_rep": 4.746073387286617, "logit_s5_6d_rep_trace_similarity": 4.994944902136922e-09, "logit_excluded_loss_s5_6d_rep": 1.7774833402900745e-06, "logit_restricted_loss_s5_6d_rep": 4.787491397508641, "percent_x_embed_s5_6d_rep": 4.768796912912876e-09, "percent_y_embed_s5_6d_rep": 2.35868347076007e-09, "percent_unembed_s5_6d_rep": 0.00035420936183072627, "percent_hidden_x_s5_6d_rep": 2.1640189640237395e-09, "percent_hidden_y_s5_6d_rep": 1.2267038496105442e-09, "percent_hidden_xy_s5_6d_rep": 1.056875615669528e-12, "total_percent_hidden_s5_6d_rep": 3.391779745953727e-09, "hidden_excluded_loss_s5_6d_rep": 1.7774842977651763e-06, "hidden_restricted_loss_s5_6d_rep": 4.787491670723509, "percent_logits_explained": 0.594405472278595, "total_logit_excluded_loss": 17.16646067488623, "total_logit_restricted_loss": 1.8847468309011916e-09, "total_hidden_excluded_loss": 17.175767275649232, "total_hidden_restricted_loss": 2.0559772058848666e-09, "test_loss_restricted_loss_ratio": 1148.2367154173098, "sum_of_squared_weights": 4923.1640625, "percent_hidden_explained": 0.899604082107544, "percent_hidden_xy_explained": 0.12649501860141754, "percent_x_embed_explained": 1.0, "percent_y_embed_explained": 1.0000001192092896, "percent_unembed_explained": 0.9204171299934387, "epoch": 250000.0}