{"train_loss": 1.5257473933161236e-06, "test_loss": 8.21506546344608e-06, "train_acc": 1.0, "test_acc": 1.0, "all_loss": 6.208366812643362e-06, "logit_trivial_rep_trace_similarity": -7.200125495820942e-10, "percent_x_embed_trivial_rep": 2.7415098884375766e-05, "percent_y_embed_trivial_rep": 2.6533889467827976e-05, "percent_unembed_trivial_rep": 0.0022348840720951557, "percent_hidden_trivial_rep": 0.3226151168346405, "excluded_loss_trivial_rep": 6.233913154574111e-06, "logit_sign_rep_trace_similarity": 5.497176061908249e-06, "percent_x_embed_sign_rep": 9.369779036205728e-06, "percent_y_embed_sign_rep": 5.916908321523806e-06, "percent_unembed_sign_rep": 9.777348896022886e-05, "percent_hidden_sign_rep": 1.3911320984050235e-09, "excluded_loss_sign_rep": 6.212886546563823e-06, "logit_freq_1_rep_trace_similarity": 0.3831008970737457, "percent_x_embed_freq_1_rep": 0.14376318454742432, "percent_y_embed_freq_1_rep": 0.13862338662147522, "percent_unembed_freq_1_rep": 0.11788643896579742, "percent_hidden_freq_1_rep": 0.01153471041470766, "excluded_loss_freq_1_rep": 0.000260120170423761, "logit_freq_2_rep_trace_similarity": 0.013952001929283142, "percent_x_embed_freq_2_rep": 8.091874769888818e-05, "percent_y_embed_freq_2_rep": 0.00024155246501322836, "percent_unembed_freq_2_rep": 0.004864105023443699, "percent_hidden_freq_2_rep": 0.004623908083885908, "excluded_loss_freq_2_rep": 6.286531061050482e-06, "logit_freq_3_rep_trace_similarity": 1.447134400223149e-05, "percent_x_embed_freq_3_rep": 0.0007609151070937514, "percent_y_embed_freq_3_rep": 0.00036749031278304756, "percent_unembed_freq_3_rep": 0.00027619919274002314, "percent_hidden_freq_3_rep": 0.0016074051382020116, "excluded_loss_freq_3_rep": 6.468286301242188e-06, "logit_freq_4_rep_trace_similarity": -3.40546466759406e-05, "percent_x_embed_freq_4_rep": 1.8196147721027955e-05, "percent_y_embed_freq_4_rep": 1.3347738786251284e-05, "percent_unembed_freq_4_rep": 0.00020356410823296756, "percent_hidden_freq_4_rep": 0.00047579745296388865, "excluded_loss_freq_4_rep": 6.216345809662016e-06, "logit_freq_5_rep_trace_similarity": 0.00014250933600123972, "percent_x_embed_freq_5_rep": 0.00020351946295704693, "percent_y_embed_freq_5_rep": 0.00028849433874711394, "percent_unembed_freq_5_rep": 0.00028345867758616805, "percent_hidden_freq_5_rep": 0.0001972806203411892, "excluded_loss_freq_5_rep": 6.304388534772443e-06, "logit_freq_6_rep_trace_similarity": 6.292391481110826e-05, "percent_x_embed_freq_6_rep": 2.604256951599382e-05, "percent_y_embed_freq_6_rep": 1.5101231838343665e-05, "percent_unembed_freq_6_rep": 0.00028658832889050245, "percent_hidden_freq_6_rep": 0.00390632776543498, "excluded_loss_freq_6_rep": 6.217151167220436e-06, "logit_freq_7_rep_trace_similarity": 0.00042112809023819864, "percent_x_embed_freq_7_rep": 0.00038674549432471395, "percent_y_embed_freq_7_rep": 0.0002540455316193402, "percent_unembed_freq_7_rep": 0.00037148577393963933, "percent_hidden_freq_7_rep": 0.0013158074580132961, "excluded_loss_freq_7_rep": 6.351706815621583e-06, "logit_freq_8_rep_trace_similarity": -5.983451956126373e-07, "percent_x_embed_freq_8_rep": 1.945015901583247e-05, "percent_y_embed_freq_8_rep": 2.0432553355931304e-05, "percent_unembed_freq_8_rep": 0.00019259753753431141, "percent_hidden_freq_8_rep": 0.0036669126711785793, "excluded_loss_freq_8_rep": 6.2153267208486795e-06, "logit_freq_9_rep_trace_similarity": 6.936585123185068e-06, "percent_x_embed_freq_9_rep": 3.0170087484293617e-05, "percent_y_embed_freq_9_rep": 1.637744571780786e-05, "percent_unembed_freq_9_rep": 0.00013984928955323994, "percent_hidden_freq_9_rep": 0.0011926607694476843, "excluded_loss_freq_9_rep": 6.225342985999305e-06, "logit_freq_10_rep_trace_similarity": 7.537732744822279e-05, "percent_x_embed_freq_10_rep": 9.817711543291807e-06, "percent_y_embed_freq_10_rep": 1.4180470316205174e-05, "percent_unembed_freq_10_rep": 0.00015833324869163334, "percent_hidden_freq_10_rep": 0.003516563680022955, "excluded_loss_freq_10_rep": 6.2115341279422864e-06, "logit_freq_11_rep_trace_similarity": 3.906906204065308e-05, "percent_x_embed_freq_11_rep": 3.256629133829847e-05, "percent_y_embed_freq_11_rep": 2.5162462407024577e-05, "percent_unembed_freq_11_rep": 0.00021397130331024528, "percent_hidden_freq_11_rep": 0.0012844110606238246, "excluded_loss_freq_11_rep": 6.226302502909675e-06, "logit_freq_12_rep_trace_similarity": 0.3597359359264374, "percent_x_embed_freq_12_rep": 0.1269906759262085, "percent_y_embed_freq_12_rep": 0.13521984219551086, "percent_unembed_freq_12_rep": 0.11238139867782593, "percent_hidden_freq_12_rep": 0.010315241292119026, "excluded_loss_freq_12_rep": 0.00015616300515830517, "logit_freq_13_rep_trace_similarity": 5.779077037004754e-05, "percent_x_embed_freq_13_rep": 5.2154740842524916e-05, "percent_y_embed_freq_13_rep": 2.0256346033420414e-05, "percent_unembed_freq_13_rep": 0.00014988123439252377, "percent_hidden_freq_13_rep": 0.0007422436028718948, "excluded_loss_freq_13_rep": 6.2348726714844815e-06, "logit_freq_14_rep_trace_similarity": 6.0709651734214276e-05, "percent_x_embed_freq_14_rep": 1.2422473446349613e-05, "percent_y_embed_freq_14_rep": 1.5537201761617325e-05, "percent_unembed_freq_14_rep": 0.00019834145496133715, "percent_hidden_freq_14_rep": 0.0033787484280765057, "excluded_loss_freq_14_rep": 6.2140088630258106e-06, "logit_freq_15_rep_trace_similarity": 2.696402816582122e-06, "percent_x_embed_freq_15_rep": 2.07438843062846e-05, "percent_y_embed_freq_15_rep": 1.9068447727477178e-05, "percent_unembed_freq_15_rep": 0.000254240381764248, "percent_hidden_freq_15_rep": 0.0010161693207919598, "excluded_loss_freq_15_rep": 6.213940650923178e-06, "logit_freq_16_rep_trace_similarity": 7.407661541947164e-06, "percent_x_embed_freq_16_rep": 3.8044854591134936e-05, "percent_y_embed_freq_16_rep": 2.5301626010332257e-05, "percent_unembed_freq_16_rep": 0.0003488268703222275, "percent_hidden_freq_16_rep": 0.0040282136760652065, "excluded_loss_freq_16_rep": 6.225488959898939e-06, "logit_freq_17_rep_trace_similarity": 0.00011028397420886904, "percent_x_embed_freq_17_rep": 0.000724479032214731, "percent_y_embed_freq_17_rep": 0.0008114729425869882, "percent_unembed_freq_17_rep": 0.00023040959786158055, "percent_hidden_freq_17_rep": 0.0014108640607446432, "excluded_loss_freq_17_rep": 6.693147952319123e-06, "logit_freq_18_rep_trace_similarity": 8.651756616018247e-06, "percent_x_embed_freq_18_rep": 2.1049174392828718e-05, "percent_y_embed_freq_18_rep": 1.742841413943097e-05, "percent_unembed_freq_18_rep": 0.00015872767835389823, "percent_hidden_freq_18_rep": 0.0034248828887939453, "excluded_loss_freq_18_rep": 6.214642326085595e-06, "logit_freq_19_rep_trace_similarity": 2.7369662348064594e-05, "percent_x_embed_freq_19_rep": 3.131450284854509e-05, "percent_y_embed_freq_19_rep": 3.082491457462311e-05, "percent_unembed_freq_19_rep": 0.00018214019655715674, "percent_hidden_freq_19_rep": 0.0015365552389994264, "excluded_loss_freq_19_rep": 6.238588412088575e-06, "logit_freq_20_rep_trace_similarity": 1.758475264068693e-05, "percent_x_embed_freq_20_rep": 9.527208021609113e-06, "percent_y_embed_freq_20_rep": 1.1855939192173537e-05, "percent_unembed_freq_20_rep": 0.0002281517954543233, "percent_hidden_freq_20_rep": 0.0035142176784574986, "excluded_loss_freq_20_rep": 6.214128461579094e-06, "logit_freq_21_rep_trace_similarity": 0.25766655802726746, "percent_x_embed_freq_21_rep": 0.07977034151554108, "percent_y_embed_freq_21_rep": 0.08159546554088593, "percent_unembed_freq_21_rep": 0.09309303760528564, "percent_hidden_freq_21_rep": 0.008716579526662827, "excluded_loss_freq_21_rep": 6.437720003305003e-05, "logit_freq_22_rep_trace_similarity": -2.6370389605290256e-06, "percent_x_embed_freq_22_rep": 2.0329647668404505e-05, "percent_y_embed_freq_22_rep": 2.995075919898227e-05, "percent_unembed_freq_22_rep": 0.0001548287400510162, "percent_hidden_freq_22_rep": 0.003649229882284999, "excluded_loss_freq_22_rep": 6.221156581887044e-06,