{"train_loss": 1.664695630793163e-06, "test_loss": 2.3250884657873893e-05, "train_acc": 1.0, "test_acc": 1.0, "all_loss": 1.6775318008726118e-05, "logit_trivial_rep_trace_similarity": 3.298191586509347e-08, "logit_excluded_loss_trivial_rep": 1.6646956071559703e-06, "logit_restricted_loss_trivial_rep": 4.804021044733257, "percent_x_embed_trivial_rep": 8.376271580345929e-05, "percent_y_embed_trivial_rep": 2.515942105674185e-05, "percent_unembed_trivial_rep": 0.0065841772593557835, "percent_hidden_trivial_rep": 0.3249548077583313, "embed_excluded_loss_trivial_rep": 1.680851170189951e-05, "embed_restricted_loss_trivial_rep": 4.804563077447337, "logit_sign_rep_trace_similarity": 0.283439040184021, "logit_excluded_loss_sign_rep": 1.810821936045943e-05, "logit_restricted_loss_sign_rep": 4.130720936843236, "percent_x_embed_sign_rep": 0.033637773245573044, "percent_y_embed_sign_rep": 0.03452538698911667, "percent_unembed_sign_rep": 0.05526947230100632, "percent_hidden_sign_rep": 0.008475222624838352, "embed_excluded_loss_sign_rep": 0.00019701954079998728, "embed_restricted_loss_sign_rep": 4.158515326395636, "logit_freq_1_rep_trace_similarity": 2.8810771254939027e-05, "logit_excluded_loss_freq_1_rep": 1.6653738766748194e-06, "logit_restricted_loss_freq_1_rep": 4.803623648615469, "percent_x_embed_freq_1_rep": 0.0005154869286343455, "percent_y_embed_freq_1_rep": 4.714752867585048e-05, "percent_unembed_freq_1_rep": 0.0005437833024188876, "percent_hidden_freq_1_rep": 1.8023126813204726e-06, "embed_excluded_loss_freq_1_rep": 1.7352762363724642e-05, "embed_restricted_loss_freq_1_rep": 4.8053080556168535, "logit_freq_2_rep_trace_similarity": 0.00011260055180173367, "logit_excluded_loss_freq_2_rep": 1.668260402888139e-06, "logit_restricted_loss_freq_2_rep": 4.802468133884197, "percent_x_embed_freq_2_rep": 0.0002251984114991501, "percent_y_embed_freq_2_rep": 8.194296970032156e-05, "percent_unembed_freq_2_rep": 0.0007367930957116187, "percent_hidden_freq_2_rep": 5.445045644592028e-06, "embed_excluded_loss_freq_2_rep": 1.6568381695377943e-05, "embed_restricted_loss_freq_2_rep": 4.805585909434664, "logit_freq_3_rep_trace_similarity": 0.2701475918292999, "logit_excluded_loss_freq_3_rep": 0.000490004972414237, "logit_restricted_loss_freq_3_rep": 2.680763784679331, "percent_x_embed_freq_3_rep": 0.15512284636497498, "percent_y_embed_freq_3_rep": 0.16078026592731476, "percent_unembed_freq_3_rep": 0.14582864940166473, "percent_hidden_freq_3_rep": 0.01167671475559473, "embed_excluded_loss_freq_3_rep": 0.00306697213806461, "embed_restricted_loss_freq_3_rep": 3.292201829831503, "logit_freq_4_rep_trace_similarity": -4.214610453345813e-05, "logit_excluded_loss_freq_4_rep": 1.6636249907761488e-06, "logit_restricted_loss_freq_4_rep": 4.8046024504870815, "percent_x_embed_freq_4_rep": 0.0013876575976610184, "percent_y_embed_freq_4_rep": 0.0004485958779696375, "percent_unembed_freq_4_rep": 0.0007074539316818118, "percent_hidden_freq_4_rep": 3.260789526393637e-06, "embed_excluded_loss_freq_4_rep": 1.8427372959471437e-05, "embed_restricted_loss_freq_4_rep": 4.808089549598133, "logit_freq_5_rep_trace_similarity": 0.0834539532661438, "logit_excluded_loss_freq_5_rep": 9.410067395209139e-06, "logit_restricted_loss_freq_5_rep": 3.8182718324317975, "percent_x_embed_freq_5_rep": 0.029696356505155563, "percent_y_embed_freq_5_rep": 0.038571812212467194, "percent_unembed_freq_5_rep": 0.06260287761688232, "percent_hidden_freq_5_rep": 0.0026194623205810785, "embed_excluded_loss_freq_5_rep": 5.926281852668773e-05, "embed_restricted_loss_freq_5_rep": 4.232117582734002, "logit_freq_6_rep_trace_similarity": 0.2735288441181183, "logit_excluded_loss_freq_6_rep": 9.33108452193975e-05, "logit_restricted_loss_freq_6_rep": 2.669981500728685, "percent_x_embed_freq_6_rep": 0.15686872601509094, "percent_y_embed_freq_6_rep": 0.16024814546108246, "percent_unembed_freq_6_rep": 0.14316977560520172, "percent_hidden_freq_6_rep": 0.01219177059829235, "embed_excluded_loss_freq_6_rep": 0.0010974459527483414, "embed_restricted_loss_freq_6_rep": 3.3134413506653813, "logit_freq_7_rep_trace_similarity": 0.26001012325286865, "logit_excluded_loss_freq_7_rep": 0.00021077930504888553, "logit_restricted_loss_freq_7_rep": 2.714502383347112, "percent_x_embed_freq_7_rep": 0.14824658632278442, "percent_y_embed_freq_7_rep": 0.15236549079418182, "percent_unembed_freq_7_rep": 0.14470529556274414, "percent_hidden_freq_7_rep": 0.010922429151833057, "embed_excluded_loss_freq_7_rep": 0.0022677864850542194, "embed_restricted_loss_freq_7_rep": 3.275126720538484, "logit_freq_8_rep_trace_similarity": 0.0016295715468004346, "logit_excluded_loss_freq_8_rep": 1.7119742098502256e-06, "logit_restricted_loss_freq_8_rep": 4.781605889927945, "percent_x_embed_freq_8_rep": 0.0008271347032859921, "percent_y_embed_freq_8_rep": 0.00019332586089149117, "percent_unembed_freq_8_rep": 0.0013250340707600117, "percent_hidden_freq_8_rep": 9.787055023480207e-05, "embed_excluded_loss_freq_8_rep": 1.7488956797689407e-05, "embed_restricted_loss_freq_8_rep": 4.808210412407799, "logit_freq_9_rep_trace_similarity": 0.0001550641463836655, "logit_excluded_loss_freq_9_rep": 1.6686274879040788e-06, "logit_restricted_loss_freq_9_rep": 4.801882661341952, "percent_x_embed_freq_9_rep": 0.0001538486103527248, "percent_y_embed_freq_9_rep": 0.0003838322008959949, "percent_unembed_freq_9_rep": 0.0006070963572710752, "percent_hidden_freq_9_rep": 6.998602475505322e-05, "embed_excluded_loss_freq_9_rep": 1.6707459838671523e-05, "embed_restricted_loss_freq_9_rep": 4.807050423893498, "logit_freq_10_rep_trace_similarity": 0.001577767194248736, "logit_excluded_loss_freq_10_rep": 1.7005441365321716e-06, "logit_restricted_loss_freq_10_rep": 4.782316527000594, "percent_x_embed_freq_10_rep": 0.0001135874044848606, "percent_y_embed_freq_10_rep": 4.1541825339663774e-05, "percent_unembed_freq_10_rep": 0.00176170002669096, "percent_hidden_freq_10_rep": 4.346337300376035e-05, "embed_excluded_loss_freq_10_rep": 1.683798075907744e-05, "embed_restricted_loss_freq_10_rep": 4.805217655843012, "logit_freq_11_rep_trace_similarity": 0.0001212181814480573, "logit_excluded_loss_freq_11_rep": 1.6678218476368185e-06, "logit_restricted_loss_freq_11_rep": 4.802349310239439, "percent_x_embed_freq_11_rep": 0.0008530617924407125, "percent_y_embed_freq_11_rep": 6.18079211562872e-05, "percent_unembed_freq_11_rep": 0.0005062875570729375, "percent_hidden_freq_11_rep": 4.6196426410460845e-05, "embed_excluded_loss_freq_11_rep": 1.7389228005000255e-05, "embed_restricted_loss_freq_11_rep": 4.805210375795361, "logit_freq_12_rep_trace_similarity": 0.015019056387245655, "logit_excluded_loss_freq_12_rep": 2.119628077899607e-06, "logit_restricted_loss_freq_12_rep": 4.602213197776285, "percent_x_embed_freq_12_rep": 0.0002851441386155784, "percent_y_embed_freq_12_rep": 4.967020504409447e-05, "percent_unembed_freq_12_rep": 0.012694388628005981, "percent_hidden_freq_12_rep": 0.00044767317012883723, "embed_excluded_loss_freq_12_rep": 1.6986126816939304e-05, "embed_restricted_loss_freq_12_rep": 4.805114694080801, "logit_freq_13_rep_trace_similarity": 0.008423288352787495, "logit_excluded_loss_freq_13_rep": 1.8530824335315767e-06, "logit_restricted_loss_freq_13_rep": 4.689517718990785, "percent_x_embed_freq_13_rep": 0.0001199370453832671, "percent_y_embed_freq_13_rep": 0.0007777835126034915, "percent_unembed_freq_13_rep": 0.0057478067465126514, "percent_hidden_freq_13_rep": 0.0003121047338936478, "embed_excluded_loss_freq_13_rep": 1.7806928712348316e-05, "embed_restricted_loss_freq_13_rep": 4.805432425758381, "logit_freq_14_rep_trace_similarity": 0.012237395159900188, "logit_excluded_loss_freq_14_rep": 1.933604032361406e-06, "logit_restricted_loss_freq_14_rep": 4.638780156978382, "percent_x_embed_freq_14_rep": 0.0002250391262350604, "percent_y_embed_freq_14_rep": 4.6080680476734415e-05, "percent_unembed_freq_14_rep": 0.009151052683591843, "percent_hidden_freq_14_rep": 0.00040606080438010395,