{"train_loss": 2.795557679266107, "test_loss": 8.966637060189674, "train_acc": 0.308159738779068, "test_acc": 0.0035879628267139196, "all_loss": 6.498205321455244, "percent_x_embed_trivial_rep": 0.008493373170495033, "percent_y_embed_trivial_rep": 0.010228988714516163, "percent_unembed_trivial_rep": 0.0347430445253849, "percent_hidden_x_trivial_rep": 2.038329942184139e-15, "percent_hidden_y_trivial_rep": 2.038329942184139e-15, "percent_hidden_xy_trivial_rep": 2.038329942184139e-15, "total_percent_hidden_trivial_rep": 6.114990038310654e-15, "hidden_excluded_loss_trivial_rep": 3.157678850188668, "hidden_restricted_loss_trivial_rep": 5.150525694414706, "logit_sign_rep_trace_similarity": 0.0008088609902188182, "logit_excluded_loss_sign_rep": 2.7979326610731308, "logit_restricted_loss_sign_rep": 4.784815339632741, "percent_x_embed_sign_rep": 0.005641106981784105, "percent_y_embed_sign_rep": 0.009204239584505558, "percent_unembed_sign_rep": 0.003178311511874199, "percent_hidden_x_sign_rep": 0.0027656021993607283, "percent_hidden_y_sign_rep": 0.00422881543636322, "percent_hidden_xy_sign_rep": 1.1340932360326406e-05, "total_percent_hidden_sign_rep": 0.007005758583545685, "hidden_excluded_loss_sign_rep": 2.797683226503214, "hidden_restricted_loss_sign_rep": 4.784976634192932, "logit_standard_rep_trace_similarity": 0.00942576676607132, "logit_excluded_loss_standard_rep": 2.906292457177023, "logit_restricted_loss_standard_rep": 4.663063167275007, "percent_x_embed_standard_rep": 0.11755649000406265, "percent_y_embed_standard_rep": 0.11299410462379456, "percent_unembed_standard_rep": 0.09288378059864044, "percent_hidden_x_standard_rep": 0.049784526228904724, "percent_hidden_y_standard_rep": 0.04897024482488632, "percent_hidden_xy_standard_rep": 0.00037729335599578917, "total_percent_hidden_standard_rep": 0.09913206100463867, "hidden_excluded_loss_standard_rep": 2.894569489535653, "hidden_restricted_loss_standard_rep": 4.6700102809260775, "logit_standard_sign_rep_trace_similarity": 0.01353304460644722, "logit_excluded_loss_standard_sign_rep": 2.9548129790827553, "logit_restricted_loss_standard_sign_rep": 4.609141341750144, "percent_x_embed_standard_sign_rep": 0.13754239678382874, "percent_y_embed_standard_sign_rep": 0.13582700490951538, "percent_unembed_standard_sign_rep": 0.12302868068218231, "percent_hidden_x_standard_sign_rep": 0.05565878003835678, "percent_hidden_y_standard_sign_rep": 0.06436159461736679, "percent_hidden_xy_standard_sign_rep": 0.000480435264762491, "total_percent_hidden_standard_sign_rep": 0.12050081044435501, "hidden_excluded_loss_standard_sign_rep": 2.9390598673065416, "hidden_restricted_loss_standard_sign_rep": 4.620741988869108, "logit_s5_5d_a_rep_trace_similarity": 0.03312256932258606, "logit_excluded_loss_s5_5d_a_rep": 3.2873276198120216, "logit_restricted_loss_s5_5d_a_rep": 4.245030348370462, "percent_x_embed_s5_5d_a_rep": 0.23967087268829346, "percent_y_embed_s5_5d_a_rep": 0.24985304474830627, "percent_unembed_s5_5d_a_rep": 0.2665393352508545, "percent_hidden_x_s5_5d_a_rep": 0.1000223457813263, "percent_hidden_y_s5_5d_a_rep": 0.10475808382034302, "percent_hidden_xy_s5_5d_a_rep": 0.002110238652676344, "total_percent_hidden_s5_5d_a_rep": 0.20689067244529724, "hidden_excluded_loss_s5_5d_a_rep": 3.2338520911664674, "hidden_restricted_loss_s5_5d_a_rep": 4.291632360852966, "logit_s5_5d_b_rep_trace_similarity": 0.018022757023572922, "logit_excluded_loss_s5_5d_b_rep": 3.0616725306284027, "logit_restricted_loss_s5_5d_b_rep": 4.490738354877629, "percent_x_embed_s5_5d_b_rep": 0.19580629467964172, "percent_y_embed_s5_5d_b_rep": 0.20026902854442596, "percent_unembed_s5_5d_b_rep": 0.2160830795764923, "percent_hidden_x_s5_5d_b_rep": 0.07580897212028503, "percent_hidden_y_s5_5d_b_rep": 0.0898239016532898, "percent_hidden_xy_s5_5d_b_rep": 0.0008648338261991739, "total_percent_hidden_s5_5d_b_rep": 0.16649770736694336, "hidden_excluded_loss_s5_5d_b_rep": 3.0304121833033646, "hidden_restricted_loss_s5_5d_b_rep": 4.5083140853733905, "logit_s5_6d_rep_trace_similarity": 0.018136853352189064, "logit_excluded_loss_s5_6d_rep": 3.11821840096144, "logit_restricted_loss_s5_6d_rep": 4.428782865795103, "percent_x_embed_s5_6d_rep": 0.29528945684432983, "percent_y_embed_s5_6d_rep": 0.28162360191345215, "percent_unembed_s5_6d_rep": 0.2635437250137329, "percent_hidden_x_s5_6d_rep": 0.11660134047269821, "percent_hidden_y_s5_6d_rep": 0.12860938906669617, "percent_hidden_xy_s5_6d_rep": 0.0009717869106680155, "total_percent_hidden_s5_6d_rep": 0.24618253111839294, "hidden_excluded_loss_s5_6d_rep": 3.086225183896251, "hidden_restricted_loss_s5_6d_rep": 4.448556689923295, "percent_logits_explained": 0.0020235124975442886, "total_logit_excluded_loss": 4.197788232720057, "total_logit_restricted_loss": 3.2936158962065796, "total_hidden_excluded_loss": 4.04201338401067, "total_hidden_restricted_loss": 3.395384641058548, "test_loss_restricted_loss_ratio": 2.640831012710898, "sum_of_squared_weights": 4097.82177734375, "percent_hidden_explained": 0.8392038345336914, "percent_hidden_xy_explained": 0.004804587922990322, "percent_x_embed_explained": 0.9858655333518982, "percent_y_embed_explained": 0.9805667996406555, "percent_unembed_explained": 0.9620785713195801, "epoch": 1000000.0}