{"train_loss": 2.041566711356593, "test_loss": 8.385208284841763, "train_acc": 0.4532986283302307, "test_acc": 0.010763888247311115, "all_loss": 5.847751627778605, "percent_x_embed_trivial_rep": 0.0030588738154619932, "percent_y_embed_trivial_rep": 0.003796257544308901, "percent_unembed_trivial_rep": 0.02959904633462429, "percent_hidden_x_trivial_rep": 1.1536176871832968e-15, "percent_hidden_y_trivial_rep": 1.1536176871832968e-15, "percent_hidden_xy_trivial_rep": 1.1536176871832968e-15, "total_percent_hidden_trivial_rep": 3.460852955670772e-15, "hidden_excluded_loss_trivial_rep": 2.9470711954643014, "hidden_restricted_loss_trivial_rep": 6.169381751714325, "logit_sign_rep_trace_similarity": 0.6810681819915771, "logit_excluded_loss_sign_rep": 4.956361210561207, "logit_restricted_loss_sign_rep": 4.094448949875848, "percent_x_embed_sign_rep": 0.3618168532848358, "percent_y_embed_sign_rep": 0.3561939001083374, "percent_unembed_sign_rep": 0.1237540990114212, "percent_hidden_x_sign_rep": 0.128215491771698, "percent_hidden_y_sign_rep": 0.12532182037830353, "percent_hidden_xy_sign_rep": 0.0911777913570404, "total_percent_hidden_sign_rep": 0.34471508860588074, "hidden_excluded_loss_sign_rep": 4.604252947527886, "hidden_restricted_loss_sign_rep": 4.905828685671279, "logit_standard_rep_trace_similarity": 0.016336992383003235, "logit_excluded_loss_standard_rep": 2.4000559427743724, "logit_restricted_loss_standard_rep": 4.35396403217247, "percent_x_embed_standard_rep": 0.10386696457862854, "percent_y_embed_standard_rep": 0.10258497297763824, "percent_unembed_standard_rep": 0.16628283262252808, "percent_hidden_x_standard_rep": 0.04765893518924713, "percent_hidden_y_standard_rep": 0.042430657893419266, "percent_hidden_xy_standard_rep": 0.0008895875071175396, "total_percent_hidden_standard_rep": 0.09097917377948761, "hidden_excluded_loss_standard_rep": 2.3630515861294628, "hidden_restricted_loss_standard_rep": 4.401102762151719, "logit_standard_sign_rep_trace_similarity": 0.003647702978923917, "logit_excluded_loss_standard_sign_rep": 2.1188997176341604, "logit_restricted_loss_standard_sign_rep": 4.689595122917666, "percent_x_embed_standard_sign_rep": 0.05852894112467766, "percent_y_embed_standard_sign_rep": 0.07065598666667938, "percent_unembed_standard_sign_rep": 0.07393467426300049, "percent_hidden_x_standard_sign_rep": 0.026134509593248367, "percent_hidden_y_standard_sign_rep": 0.029506217688322067, "percent_hidden_xy_standard_sign_rep": 0.00013174762716516852, "total_percent_hidden_standard_sign_rep": 0.05577247589826584, "hidden_excluded_loss_standard_sign_rep": 2.1094661573164712, "hidden_restricted_loss_standard_sign_rep": 4.6953636425134375, "logit_s5_5d_a_rep_trace_similarity": 0.01766262762248516, "logit_excluded_loss_s5_5d_a_rep": 2.5316249717862407, "logit_restricted_loss_s5_5d_a_rep": 4.200506916714667, "percent_x_embed_s5_5d_a_rep": 0.1759869009256363, "percent_y_embed_s5_5d_a_rep": 0.16086262464523315, "percent_unembed_s5_5d_a_rep": 0.23517736792564392, "percent_hidden_x_s5_5d_a_rep": 0.07129954546689987, "percent_hidden_y_s5_5d_a_rep": 0.0665431022644043, "percent_hidden_xy_s5_5d_a_rep": 0.0011359099298715591, "total_percent_hidden_s5_5d_a_rep": 0.13897857069969177, "hidden_excluded_loss_s5_5d_a_rep": 2.4722652591677567, "hidden_restricted_loss_s5_5d_a_rep": 4.26548528694146, "logit_s5_5d_b_rep_trace_similarity": 0.005549303255975246, "logit_excluded_loss_s5_5d_b_rep": 2.190066875069427, "logit_restricted_loss_s5_5d_b_rep": 4.601460588505623, "percent_x_embed_s5_5d_b_rep": 0.10135810822248459, "percent_y_embed_s5_5d_b_rep": 0.10435605049133301, "percent_unembed_s5_5d_b_rep": 0.12115170061588287, "percent_hidden_x_s5_5d_b_rep": 0.04695907607674599, "percent_hidden_y_s5_5d_b_rep": 0.05088220536708832, "percent_hidden_xy_s5_5d_b_rep": 0.0002675452851690352, "total_percent_hidden_s5_5d_b_rep": 0.09810882061719894, "hidden_excluded_loss_s5_5d_b_rep": 2.175098300293073, "hidden_restricted_loss_s5_5d_b_rep": 4.615197766326539, "logit_s5_6d_rep_trace_similarity": 0.013935023918747902, "logit_excluded_loss_s5_6d_rep": 2.50647496663267, "logit_restricted_loss_s5_6d_rep": 4.229355812903237, "percent_x_embed_s5_6d_rep": 0.19538332521915436, "percent_y_embed_s5_6d_rep": 0.20155014097690582, "percent_unembed_s5_6d_rep": 0.2501002550125122, "percent_hidden_x_s5_6d_rep": 0.0862049013376236, "percent_hidden_y_s5_6d_rep": 0.0844879001379013, "percent_hidden_xy_s5_6d_rep": 0.0010093111777678132, "total_percent_hidden_s5_6d_rep": 0.17170211672782898, "hidden_excluded_loss_s5_6d_rep": 2.4539589659333627, "hidden_restricted_loss_s5_6d_rep": 4.283013055755254, "percent_logits_explained": 0.4646710157394409, "total_logit_excluded_loss": 6.678827960109359, "total_logit_restricted_loss": 2.3627881875932952, "total_hidden_excluded_loss": 6.074687660972728, "total_hidden_restricted_loss": 3.3006770016112967, "test_loss_restricted_loss_ratio": 2.5404510289096276, "sum_of_squared_weights": 5082.71240234375, "percent_hidden_explained": 0.8444837331771851, "percent_hidden_xy_explained": 0.09448013454675674, "percent_x_embed_explained": 0.9384121298789978, "percent_y_embed_explained": 0.9255476593971252, "percent_unembed_explained": 0.8964662551879883, "epoch": 1000000.0}