{"train_loss": 1.6181035838036013e-06, "test_loss": 3.3324808363615715e-06, "train_acc": 1.0, "test_acc": 1.0, "all_loss": 2.646729912832856e-06, "percent_x_embed_trivial_rep": 9.812636259098895e-10, "percent_y_embed_trivial_rep": 1.8325734263413551e-09, "percent_unembed_trivial_rep": 0.060617439448833466, "percent_hidden_x_trivial_rep": 3.6346539520519874e-15, "percent_hidden_y_trivial_rep": 3.6346539520519874e-15, "percent_hidden_xy_trivial_rep": 3.6346539520519874e-15, "total_percent_hidden_trivial_rep": 1.0903961856155962e-14, "hidden_excluded_loss_trivial_rep": 1.6765419907006043e-06, "hidden_restricted_loss_trivial_rep": 4.80884241531088, "logit_sign_rep_trace_similarity": 0.34205490350723267, "logit_excluded_loss_sign_rep": 1.4976608541470843e-05, "logit_restricted_loss_sign_rep": 4.120605895879457, "percent_x_embed_sign_rep": 0.027793657034635544, "percent_y_embed_sign_rep": 0.02779567427933216, "percent_unembed_sign_rep": 0.05887230113148689, "percent_hidden_x_sign_rep": 0.010162214748561382, "percent_hidden_y_sign_rep": 0.01016327366232872, "percent_hidden_xy_sign_rep": 0.01016184687614441, "total_percent_hidden_sign_rep": 0.030487336218357086, "hidden_excluded_loss_sign_rep": 1.5018011760349384e-05, "hidden_restricted_loss_sign_rep": 4.121040464324248, "logit_standard_rep_trace_similarity": 0.530840277671814, "logit_excluded_loss_standard_rep": 0.08491748914797016, "logit_restricted_loss_standard_rep": 0.04007141294308057, "percent_x_embed_standard_rep": 0.5049160718917847, "percent_y_embed_standard_rep": 0.504827082157135, "percent_unembed_standard_rep": 0.399566650390625, "percent_hidden_x_standard_rep": 0.20537912845611572, "percent_hidden_y_standard_rep": 0.1890699714422226, "percent_hidden_xy_standard_rep": 0.058466482907533646, "total_percent_hidden_standard_rep": 0.45291560888290405, "hidden_excluded_loss_standard_rep": 0.08612900081707259, "hidden_restricted_loss_standard_rep": 0.042902272313525544, "logit_standard_sign_rep_trace_similarity": -3.081368049606681e-09, "logit_excluded_loss_standard_sign_rep": 1.6181035417266916e-06, "logit_restricted_loss_standard_sign_rep": 4.787491808119953, "percent_x_embed_standard_sign_rep": 1.0496428171080652e-09, "percent_y_embed_standard_sign_rep": 9.303553483164251e-10, "percent_unembed_standard_sign_rep": 0.0009286688873544335, "percent_hidden_x_standard_sign_rep": 6.004038377582788e-10, "percent_hidden_y_standard_sign_rep": 5.573552730453457e-10, "percent_hidden_xy_standard_sign_rep": 4.976429424791151e-13, "total_percent_hidden_standard_sign_rep": 1.1582567127632615e-09, "hidden_excluded_loss_standard_sign_rep": 1.6181035274679838e-06, "hidden_restricted_loss_standard_sign_rep": 4.787491802015857, "logit_s5_5d_a_rep_trace_similarity": 0.39868098497390747, "logit_excluded_loss_s5_5d_a_rep": 0.18117431309000678, "logit_restricted_loss_s5_5d_a_rep": 0.010310091437149681, "percent_x_embed_s5_5d_a_rep": 0.4672901928424835, "percent_y_embed_s5_5d_a_rep": 0.46737730503082275, "percent_unembed_s5_5d_a_rep": 0.4757525324821472, "percent_hidden_x_s5_5d_a_rep": 0.19484908878803253, "percent_hidden_y_s5_5d_a_rep": 0.18010865151882172, "percent_hidden_xy_s5_5d_a_rep": 0.04348008334636688, "total_percent_hidden_s5_5d_a_rep": 0.4184378385543823, "hidden_excluded_loss_s5_5d_a_rep": 0.18062349449029963, "hidden_restricted_loss_s5_5d_a_rep": 0.010875146655418418, "logit_s5_5d_b_rep_trace_similarity": 0.0003692990285344422, "logit_excluded_loss_s5_5d_b_rep": 1.632315526321449e-06, "logit_restricted_loss_s5_5d_b_rep": 4.777705303545882, "percent_x_embed_s5_5d_b_rep": 2.2450579173494134e-09, "percent_y_embed_s5_5d_b_rep": 2.3731061560283706e-09, "percent_unembed_s5_5d_b_rep": 0.00196482939645648, "percent_hidden_x_s5_5d_b_rep": 7.850088877603412e-05, "percent_hidden_y_s5_5d_b_rep": 7.864375220378861e-05, "percent_hidden_xy_s5_5d_b_rep": 2.4373175619984977e-05, "total_percent_hidden_s5_5d_b_rep": 0.00018151782569475472, "hidden_excluded_loss_s5_5d_b_rep": 1.632645033529409e-06, "hidden_restricted_loss_s5_5d_b_rep": 4.777774305853194, "logit_s5_6d_rep_trace_similarity": 8.498318493366241e-09, "logit_excluded_loss_s5_6d_rep": 1.6181035417366756e-06, "logit_restricted_loss_s5_6d_rep": 4.7874914724821265, "percent_x_embed_s5_6d_rep": 1.903876611919486e-09, "percent_y_embed_s5_6d_rep": 1.8717063454687377e-09, "percent_unembed_s5_6d_rep": 0.0022975655738264322, "percent_hidden_x_s5_6d_rep": 1.0889537049862952e-09, "percent_hidden_y_s5_6d_rep": 1.0582661413849337e-09, "percent_hidden_xy_s5_6d_rep": 8.517202242964983e-13, "total_percent_hidden_s5_6d_rep": 2.148071498453419e-09, "hidden_excluded_loss_s5_6d_rep": 1.6181039875229926e-06, "hidden_restricted_loss_s5_6d_rep": 4.787491653058256, "percent_logits_explained": 0.5577396154403687, "total_logit_excluded_loss": 8.335180346758792, "total_logit_restricted_loss": 6.040125832860137e-08, "total_hidden_excluded_loss": 8.316105172759205, "total_hidden_restricted_loss": 6.842120149897267e-08, "test_loss_restricted_loss_ratio": 48.70538317588018, "sum_of_squared_weights": 5016.8154296875, "percent_hidden_explained": 0.9018408060073853, "percent_hidden_xy_explained": 0.11210840940475464, "percent_x_embed_explained": 0.9999998807907104, "percent_y_embed_explained": 1.0, "percent_unembed_explained": 0.9341914653778076, "epoch": 250000.0}