{"train_loss": 1.5347519718411351e-06, "test_loss": 3.2628057996762536e-06, "train_acc": 1.0, "test_acc": 1.0, "all_loss": 2.5715843260413854e-06, "percent_x_embed_trivial_rep": 5.343495090848194e-10, "percent_y_embed_trivial_rep": 9.069045514564777e-10, "percent_unembed_trivial_rep": 0.0482814684510231, "percent_hidden_x_trivial_rep": 2.659043944503326e-15, "percent_hidden_y_trivial_rep": 2.659043944503326e-15, "percent_hidden_xy_trivial_rep": 2.659043944503326e-15, "total_percent_hidden_trivial_rep": 7.977131833509978e-15, "hidden_excluded_loss_trivial_rep": 1.5543216707221643e-06, "hidden_restricted_loss_trivial_rep": 4.798322503291084, "logit_sign_rep_trace_similarity": 0.5074324607849121, "logit_excluded_loss_sign_rep": 0.0006386624359667776, "logit_restricted_loss_sign_rep": 4.094780936276558, "percent_x_embed_sign_rep": 0.06823006272315979, "percent_y_embed_sign_rep": 0.06824054569005966, "percent_unembed_sign_rep": 0.10117680579423904, "percent_hidden_x_sign_rep": 0.02470342256128788, "percent_hidden_y_sign_rep": 0.02470717392861843, "percent_hidden_xy_sign_rep": 0.02470296248793602, "total_percent_hidden_sign_rep": 0.07411356270313263, "hidden_excluded_loss_sign_rep": 0.0006400450649597379, "hidden_restricted_loss_sign_rep": 4.095465447642766, "logit_standard_rep_trace_similarity": 0.7570189237594604, "logit_excluded_loss_standard_rep": 7.788970176865112, "logit_restricted_loss_standard_rep": 9.771749563345927e-05, "percent_x_embed_standard_rep": 0.931769847869873, "percent_y_embed_standard_rep": 0.9317593574523926, "percent_unembed_standard_rep": 0.843011736869812, "percent_hidden_x_standard_rep": 0.35003095865249634, "percent_hidden_y_standard_rep": 0.3505208194255829, "percent_hidden_xy_standard_rep": 0.1055469885468483, "total_percent_hidden_standard_rep": 0.8060987591743469, "hidden_excluded_loss_standard_rep": 7.7937081929055445, "hidden_restricted_loss_standard_rep": 0.0001031251456126333, "logit_standard_sign_rep_trace_similarity": 1.3369572116062045e-09, "logit_excluded_loss_standard_sign_rep": 1.5347520146943547e-06, "logit_restricted_loss_standard_sign_rep": 4.787491702013033, "percent_x_embed_standard_sign_rep": 8.719071020735214e-10, "percent_y_embed_standard_sign_rep": 1.0979070985683848e-09, "percent_unembed_standard_sign_rep": 0.0006310241296887398, "percent_hidden_x_standard_sign_rep": 5.387920665178569e-10, "percent_hidden_y_standard_sign_rep": 6.831273324792164e-10, "percent_hidden_xy_standard_sign_rep": 2.1356800063241504e-13, "total_percent_hidden_standard_sign_rep": 1.2221330614181625e-09, "hidden_excluded_loss_standard_sign_rep": 1.5347520771633234e-06, "hidden_restricted_loss_standard_sign_rep": 4.787491719437206, "logit_s5_5d_a_rep_trace_similarity": -2.1391315385699272e-09, "logit_excluded_loss_s5_5d_a_rep": 1.5347520146943547e-06, "logit_restricted_loss_s5_5d_a_rep": 4.787491824320079, "percent_x_embed_s5_5d_a_rep": 2.7323654450128743e-09, "percent_y_embed_s5_5d_a_rep": 2.8885027703040578e-09, "percent_unembed_s5_5d_a_rep": 0.0014907432487234473, "percent_hidden_x_s5_5d_a_rep": 1.4410256321539805e-09, "percent_hidden_y_s5_5d_a_rep": 1.5566209432549272e-09, "percent_hidden_xy_s5_5d_a_rep": 3.0737145142491207e-13, "total_percent_hidden_s5_5d_a_rep": 2.997953885142124e-09, "hidden_excluded_loss_s5_5d_a_rep": 1.5347520396629306e-06, "hidden_restricted_loss_s5_5d_a_rep": 4.787491760328432, "logit_s5_5d_b_rep_trace_similarity": 0.0006476457347162068, "logit_excluded_loss_s5_5d_b_rep": 1.5770930980721929e-06, "logit_restricted_loss_s5_5d_b_rep": 4.762817411875225, "percent_x_embed_s5_5d_b_rep": 3.2405949035307913e-09, "percent_y_embed_s5_5d_b_rep": 3.2582911924095015e-09, "percent_unembed_s5_5d_b_rep": 0.0034880749881267548, "percent_hidden_x_s5_5d_b_rep": 0.0002100332494592294, "percent_hidden_y_s5_5d_b_rep": 0.00021034889505244792, "percent_hidden_xy_s5_5d_b_rep": 5.4031992476666346e-05, "total_percent_hidden_s5_5d_b_rep": 0.00047441411879844964, "hidden_excluded_loss_s5_5d_b_rep": 1.577196760138762e-06, "hidden_restricted_loss_s5_5d_b_rep": 4.762980292373274, "logit_s5_6d_rep_trace_similarity": 5.977199180051684e-09, "logit_excluded_loss_s5_6d_rep": 1.5347520146943162e-06, "logit_restricted_loss_s5_6d_rep": 4.787491469380039, "percent_x_embed_s5_6d_rep": 3.3520215492188754e-09, "percent_y_embed_s5_6d_rep": 3.385826730095687e-09, "percent_unembed_s5_6d_rep": 0.0019201838877052069, "percent_hidden_x_s5_6d_rep": 1.8745742735859494e-09, "percent_hidden_y_s5_6d_rep": 1.947972672056153e-09, "percent_hidden_xy_s5_6d_rep": 8.251567289695172e-13, "total_percent_hidden_s5_6d_rep": 3.823371841349399e-09, "hidden_excluded_loss_s5_6d_rep": 1.534751994595676e-06, "hidden_restricted_loss_s5_6d_rep": 4.787491711866142, "percent_logits_explained": 0.8305658102035522, "total_logit_excluded_loss": 8.063705546761765, "total_logit_restricted_loss": 6.490721928143169e-07, "total_hidden_excluded_loss": 8.066254886277552, "total_hidden_restricted_loss": 6.869755694325612e-07, "test_loss_restricted_loss_ratio": 4.749522319070701, "sum_of_squared_weights": 5015.3017578125, "percent_hidden_explained": 0.8802123069763184, "percent_hidden_xy_explained": 0.13024994730949402, "percent_x_embed_explained": 0.9999998807907104, "percent_y_embed_explained": 0.9999998807907104, "percent_unembed_explained": 0.9441885352134705, "epoch": 250000.0}