{"train_loss": 1.5806032895572165e-06, "test_loss": 2.976880588117634e-06, "train_acc": 1.0, "test_acc": 1.0, "all_loss": 2.4183697350443727e-06, "percent_x_embed_trivial_rep": 1.3234399132144858e-09, "percent_y_embed_trivial_rep": 5.093377386522491e-10, "percent_unembed_trivial_rep": 0.052607834339141846, "percent_hidden_x_trivial_rep": 2.3405000522711645e-15, "percent_hidden_y_trivial_rep": 2.3405000522711645e-15, "percent_hidden_xy_trivial_rep": 2.3405000522711645e-15, "total_percent_hidden_trivial_rep": 7.021499945055257e-15, "hidden_excluded_loss_trivial_rep": 1.6195977698773307e-06, "hidden_restricted_loss_trivial_rep": 4.804659924898732, "logit_sign_rep_trace_similarity": 0.5058462619781494, "logit_excluded_loss_sign_rep": 0.0005745397653597975, "logit_restricted_loss_sign_rep": 4.0948738777795635, "percent_x_embed_sign_rep": 0.06945726275444031, "percent_y_embed_sign_rep": 0.06945604830980301, "percent_unembed_sign_rep": 0.09276857227087021, "percent_hidden_x_sign_rep": 0.02514377422630787, "percent_hidden_y_sign_rep": 0.02514360286295414, "percent_hidden_xy_sign_rep": 0.02514195628464222, "total_percent_hidden_sign_rep": 0.07542933523654938, "hidden_excluded_loss_sign_rep": 0.0005760814701632605, "hidden_restricted_loss_sign_rep": 4.0954388986197285, "logit_standard_rep_trace_similarity": 0.772475004196167, "logit_excluded_loss_standard_rep": 7.02618306547747, "logit_restricted_loss_standard_rep": 9.993199311590111e-05, "percent_x_embed_standard_rep": 0.9305428266525269, "percent_y_embed_standard_rep": 0.9305439591407776, "percent_unembed_standard_rep": 0.8434419631958008, "percent_hidden_x_standard_rep": 0.3682296872138977, "percent_hidden_y_standard_rep": 0.3462071120738983, "percent_hidden_xy_standard_rep": 0.10455423593521118, "total_percent_hidden_standard_rep": 0.8189910054206848, "hidden_excluded_loss_standard_rep": 7.020106296464151, "hidden_restricted_loss_standard_rep": 0.0001066517481698261, "logit_standard_sign_rep_trace_similarity": -2.6557245291769505e-10, "logit_excluded_loss_standard_sign_rep": 1.5806034129991038e-06, "logit_restricted_loss_standard_sign_rep": 4.787491750702985, "percent_x_embed_standard_sign_rep": 9.408948065114942e-10, "percent_y_embed_standard_sign_rep": 8.804615925228632e-10, "percent_unembed_standard_sign_rep": 0.0005773911252617836, "percent_hidden_x_standard_sign_rep": 5.860404939106445e-10, "percent_hidden_y_standard_sign_rep": 5.243585010639151e-10, "percent_hidden_xy_standard_sign_rep": 2.489682451086578e-13, "total_percent_hidden_standard_sign_rep": 1.110648017998983e-09, "hidden_excluded_loss_standard_sign_rep": 1.5806031582656395e-06, "hidden_restricted_loss_standard_sign_rep": 4.787491744512061, "logit_s5_5d_a_rep_trace_similarity": -1.9463186617940664e-09, "logit_excluded_loss_s5_5d_a_rep": 1.5806034129991809e-06, "logit_restricted_loss_s5_5d_a_rep": 4.787491815345434, "percent_x_embed_s5_5d_a_rep": 2.7889854870011277e-09, "percent_y_embed_s5_5d_a_rep": 2.8143278818504314e-09, "percent_unembed_s5_5d_a_rep": 0.0013250693446025252, "percent_hidden_x_s5_5d_a_rep": 1.566712648504165e-09, "percent_hidden_y_s5_5d_a_rep": 1.5136322195630214e-09, "percent_hidden_xy_s5_5d_a_rep": 2.949657120117355e-13, "total_percent_hidden_s5_5d_a_rep": 3.0806397433025268e-09, "hidden_excluded_loss_s5_5d_a_rep": 1.5806031546628816e-06, "hidden_restricted_loss_s5_5d_a_rep": 4.787491729075444, "logit_s5_5d_b_rep_trace_similarity": 0.0022369392681866884, "logit_excluded_loss_s5_5d_b_rep": 1.7337265153244106e-06, "logit_restricted_loss_s5_5d_b_rep": 4.704233207878325, "percent_x_embed_s5_5d_b_rep": 9.038547688078324e-09, "percent_y_embed_s5_5d_b_rep": 9.476196716207141e-09, "percent_unembed_s5_5d_b_rep": 0.0075065880082547665, "percent_hidden_x_s5_5d_b_rep": 0.0006733599002473056, "percent_hidden_y_s5_5d_b_rep": 0.0006739820237271488, "percent_hidden_xy_s5_5d_b_rep": 0.00019180017989128828, "total_percent_hidden_s5_5d_b_rep": 0.0015391421038657427, "hidden_excluded_loss_s5_5d_b_rep": 1.7410089951961735e-06, "hidden_restricted_loss_s5_5d_b_rep": 4.705571815121288, "logit_s5_6d_rep_trace_similarity": 2.6302586775273085e-09, "logit_excluded_loss_s5_6d_rep": 1.580603412999335e-06, "logit_restricted_loss_s5_6d_rep": 4.787491625107272, "percent_x_embed_s5_6d_rep": 3.598186859576913e-09, "percent_y_embed_s5_6d_rep": 3.724609509703214e-09, "percent_unembed_s5_6d_rep": 0.0017726030200719833, "percent_hidden_x_s5_6d_rep": 2.0291937019578654e-09, "percent_hidden_y_s5_6d_rep": 1.998477605624771e-09, "percent_hidden_xy_s5_6d_rep": 1.1271082808392285e-12, "total_percent_hidden_s5_6d_rep": 4.028798628041841e-09, "hidden_excluded_loss_s5_6d_rep": 1.5806032212784662e-06, "hidden_restricted_loss_s5_6d_rep": 4.7874918260687815, "percent_logits_explained": 0.8526030778884888, "total_logit_excluded_loss": 7.4064188762313385, "total_logit_restricted_loss": 6.799566935537663e-07, "total_hidden_excluded_loss": 7.397591556652706, "total_hidden_restricted_loss": 7.297265838696322e-07, "test_loss_restricted_loss_ratio": 4.079446540554513, "sum_of_squared_weights": 5037.34765625, "percent_hidden_explained": 0.894420325756073, "percent_hidden_xy_explained": 0.12969619035720825, "percent_x_embed_explained": 1.0000001192092896, "percent_y_embed_explained": 1.0, "percent_unembed_explained": 0.9362105131149292, "epoch": 250000.0}