{"train_loss": 1.7052136473936578e-06, "test_loss": 3.5644584363693584e-06, "train_acc": 1.0, "test_acc": 1.0, "all_loss": 2.8207605285116474e-06, "percent_x_embed_trivial_rep": 8.705804077635548e-08, "percent_y_embed_trivial_rep": 9.894160513113093e-08, "percent_unembed_trivial_rep": 0.0542503297328949, "percent_hidden_x_trivial_rep": 3.691847310716492e-15, "percent_hidden_y_trivial_rep": 3.691847310716492e-15, "percent_hidden_xy_trivial_rep": 3.691847310716492e-15, "total_percent_hidden_trivial_rep": 1.1075541932149477e-14, "hidden_excluded_loss_trivial_rep": 1.7371572014674476e-06, "hidden_restricted_loss_trivial_rep": 4.799528079473393, "logit_sign_rep_trace_similarity": 0.45660871267318726, "logit_excluded_loss_sign_rep": 0.0008673694335684304, "logit_restricted_loss_sign_rep": 4.09469143842863, "percent_x_embed_sign_rep": 0.06229986622929573, "percent_y_embed_sign_rep": 0.062331151217222214, "percent_unembed_sign_rep": 0.09309766441583633, "percent_hidden_x_sign_rep": 0.02256086654961109, "percent_hidden_y_sign_rep": 0.02256188541650772, "percent_hidden_xy_sign_rep": 0.02255965769290924, "total_percent_hidden_sign_rep": 0.0676824077963829, "hidden_excluded_loss_sign_rep": 0.0008706410284614607, "hidden_restricted_loss_sign_rep": 4.095572910627771, "logit_standard_rep_trace_similarity": 0.7302321195602417, "logit_excluded_loss_standard_rep": 9.536224813843809, "logit_restricted_loss_standard_rep": 2.9408521912356883e-05, "percent_x_embed_standard_rep": 0.9377000331878662, "percent_y_embed_standard_rep": 0.9376686811447144, "percent_unembed_standard_rep": 0.8438994884490967, "percent_hidden_x_standard_rep": 0.3584643304347992, "percent_hidden_y_standard_rep": 0.3540966212749481, "percent_hidden_xy_standard_rep": 0.10504154860973358, "total_percent_hidden_standard_rep": 0.8176025152206421, "hidden_excluded_loss_standard_rep": 9.523965687457183, "hidden_restricted_loss_standard_rep": 3.154394283439714e-05, "logit_standard_sign_rep_trace_similarity": 1.1241354513913393e-09, "logit_excluded_loss_standard_sign_rep": 1.705213723133079e-06, "logit_restricted_loss_standard_sign_rep": 4.787491703556867, "percent_x_embed_standard_sign_rep": 1.4966758943302239e-09, "percent_y_embed_standard_sign_rep": 1.7691605957992351e-09, "percent_unembed_standard_sign_rep": 0.0006157320458441973, "percent_hidden_x_standard_sign_rep": 1.2542196170528541e-09, "percent_hidden_y_standard_sign_rep": 1.0768581581999115e-09, "percent_hidden_xy_standard_sign_rep": 5.4646722260146e-13, "total_percent_hidden_standard_sign_rep": 2.331624227025486e-09, "hidden_excluded_loss_standard_sign_rep": 1.7052139944157864e-06, "hidden_restricted_loss_standard_sign_rep": 4.787491708585069, "logit_s5_5d_a_rep_trace_similarity": -4.8094079829752445e-09, "logit_excluded_loss_s5_5d_a_rep": 1.7052137231331175e-06, "logit_restricted_loss_s5_5d_a_rep": 4.787491952554214, "percent_x_embed_s5_5d_a_rep": 1.0252236393171188e-08, "percent_y_embed_s5_5d_a_rep": 1.0381446813312323e-08, "percent_unembed_s5_5d_a_rep": 0.0012899147113785148, "percent_hidden_x_s5_5d_a_rep": 5.234389810482298e-09, "percent_hidden_y_s5_5d_a_rep": 4.643730289188852e-09, "percent_hidden_xy_s5_5d_a_rep": 2.4405857109582874e-12, "total_percent_hidden_s5_5d_a_rep": 9.880560369879277e-09, "hidden_excluded_loss_s5_5d_a_rep": 1.7052138554953237e-06, "hidden_restricted_loss_s5_5d_a_rep": 4.787491857717984, "logit_s5_5d_b_rep_trace_similarity": 0.00128653971478343, "logit_excluded_loss_s5_5d_b_rep": 1.8140955668575776e-06, "logit_restricted_loss_s5_5d_b_rep": 4.7314398973346465, "percent_x_embed_s5_5d_b_rep": 5.722183260559177e-08, "percent_y_embed_s5_5d_b_rep": 6.478033043322284e-08, "percent_unembed_s5_5d_b_rep": 0.004973242990672588, "percent_hidden_x_s5_5d_b_rep": 0.00044021219946444035, "percent_hidden_y_s5_5d_b_rep": 0.00040715414797887206, "percent_hidden_xy_s5_5d_b_rep": 0.0001352661638520658, "total_percent_hidden_s5_5d_b_rep": 0.0009826325112953782, "hidden_excluded_loss_s5_5d_b_rep": 1.811752727000693e-06, "hidden_restricted_loss_s5_5d_b_rep": 4.732987634229501, "logit_s5_6d_rep_trace_similarity": -4.292814992368221e-09, "logit_excluded_loss_s5_6d_rep": 1.7052137231330404e-06, "logit_restricted_loss_s5_6d_rep": 4.787491967469942, "percent_x_embed_s5_6d_rep": 6.27004848041679e-09, "percent_y_embed_s5_6d_rep": 6.427042897882984e-09, "percent_unembed_s5_6d_rep": 0.0018736700294539332, "percent_hidden_x_s5_6d_rep": 6.990125811512371e-09, "percent_hidden_y_s5_6d_rep": 3.828712458187056e-09, "percent_hidden_xy_s5_6d_rep": 1.959456728817255e-11, "total_percent_hidden_s5_6d_rep": 1.0838433261994851e-08, "hidden_excluded_loss_s5_6d_rep": 1.7052124283008925e-06, "hidden_restricted_loss_s5_6d_rep": 4.787492178682096, "percent_logits_explained": 0.741732120513916, "total_logit_excluded_loss": 10.285671706799146, "total_logit_restricted_loss": 1.1064656218073299e-07, "total_hidden_excluded_loss": 10.266468881457053, "total_hidden_restricted_loss": 1.1968437354036129e-07, "test_loss_restricted_loss_ratio": 29.78215393480179, "sum_of_squared_weights": 5234.63134765625, "percent_hidden_explained": 0.8852849006652832, "percent_hidden_xy_explained": 0.12760120630264282, "percent_x_embed_explained": 0.9999998807907104, "percent_y_embed_explained": 0.9999998211860657, "percent_unembed_explained": 0.9369971752166748, "epoch": 250000.0}