{"train_loss": 2.1358954735366904e-06, "test_loss": 0.00011442030013784746, "train_acc": 1.0, "test_acc": 1.0, "all_loss": 6.95065381498497e-05, "percent_x_embed_trivial_rep": 1.883290497062262e-05, "percent_y_embed_trivial_rep": 8.734494258533232e-06, "percent_unembed_trivial_rep": 0.027281764894723892, "percent_hidden_x_trivial_rep": 3.7430826396300104e-15, "percent_hidden_y_trivial_rep": 3.7430826396300104e-15, "percent_hidden_xy_trivial_rep": 3.7430826396300104e-15, "total_percent_hidden_trivial_rep": 1.1229247918890031e-14, "hidden_excluded_loss_trivial_rep": 2.3835697354871883e-06, "hidden_restricted_loss_trivial_rep": 4.850073453703023, "logit_sign_rep_trace_similarity": 0.40879467129707336, "logit_excluded_loss_sign_rep": 7.442469474207545e-05, "logit_restricted_loss_sign_rep": 4.0986453641114755, "percent_x_embed_sign_rep": 0.05668267607688904, "percent_y_embed_sign_rep": 0.0508001334965229, "percent_unembed_sign_rep": 0.06425927579402924, "percent_hidden_x_sign_rep": 0.020784154534339905, "percent_hidden_y_sign_rep": 0.018375050276517868, "percent_hidden_xy_sign_rep": 0.016201773658394814, "total_percent_hidden_sign_rep": 0.055360980331897736, "hidden_excluded_loss_sign_rep": 8.281237143793558e-05, "hidden_restricted_loss_sign_rep": 4.115788462052785, "logit_standard_rep_trace_similarity": 0.3936265707015991, "logit_excluded_loss_standard_rep": 0.09297633295131343, "logit_restricted_loss_standard_rep": 0.059926428571007856, "percent_x_embed_standard_rep": 0.4180988669395447, "percent_y_embed_standard_rep": 0.4246583878993988, "percent_unembed_standard_rep": 0.30641990900039673, "percent_hidden_x_standard_rep": 0.16841287910938263, "percent_hidden_y_standard_rep": 0.16520796716213226, "percent_hidden_xy_standard_rep": 0.04867730289697647, "total_percent_hidden_standard_rep": 0.38229814171791077, "hidden_excluded_loss_standard_rep": 0.12347038065425071, "hidden_restricted_loss_standard_rep": 0.7514587670755719, "logit_standard_sign_rep_trace_similarity": 0.18846966326236725, "logit_excluded_loss_standard_sign_rep": 0.0007520661411857656, "logit_restricted_loss_standard_sign_rep": 0.8206476286611203, "percent_x_embed_standard_sign_rep": 0.19277167320251465, "percent_y_embed_standard_sign_rep": 0.18977606296539307, "percent_unembed_standard_sign_rep": 0.24233978986740112, "percent_hidden_x_standard_sign_rep": 0.07128449529409409, "percent_hidden_y_standard_sign_rep": 0.06798161566257477, "percent_hidden_xy_standard_sign_rep": 0.015039869584143162, "total_percent_hidden_standard_sign_rep": 0.15430597960948944, "hidden_excluded_loss_standard_sign_rep": 0.0005808002119345679, "hidden_restricted_loss_standard_sign_rep": 1.0330821979543279, "logit_s5_5d_a_rep_trace_similarity": 5.1123148296028376e-05, "logit_excluded_loss_s5_5d_a_rep": 2.1395794936726706e-06, "logit_restricted_loss_s5_5d_a_rep": 4.785788881650812, "percent_x_embed_s5_5d_a_rep": 0.0001741770829539746, "percent_y_embed_s5_5d_a_rep": 0.0005145948962308466, "percent_unembed_s5_5d_a_rep": 0.005172361619770527, "percent_hidden_x_s5_5d_a_rep": 0.0002198565489379689, "percent_hidden_y_s5_5d_a_rep": 0.00032874554744921625, "percent_hidden_xy_s5_5d_a_rep": 8.958166290540248e-06, "total_percent_hidden_s5_5d_a_rep": 0.0005575602408498526, "hidden_excluded_loss_s5_5d_a_rep": 2.1412230949495663e-06, "hidden_restricted_loss_s5_5d_a_rep": 4.786006928678461, "logit_s5_5d_b_rep_trace_similarity": 0.22757551074028015, "logit_excluded_loss_s5_5d_b_rep": 0.007858715244928764, "logit_restricted_loss_s5_5d_b_rep": 0.1154952137555169, "percent_x_embed_s5_5d_b_rep": 0.33183416724205017, "percent_y_embed_s5_5d_b_rep": 0.3336622714996338, "percent_unembed_s5_5d_b_rep": 0.3458782136440277, "percent_hidden_x_s5_5d_b_rep": 0.12365622073411942, "percent_hidden_y_s5_5d_b_rep": 0.1226278692483902, "percent_hidden_xy_s5_5d_b_rep": 0.02413216605782509, "total_percent_hidden_s5_5d_b_rep": 0.270416259765625, "hidden_excluded_loss_s5_5d_b_rep": 0.008576706484528398, "hidden_restricted_loss_s5_5d_b_rep": 0.15822494258295225, "logit_s5_6d_rep_trace_similarity": -4.6097506128717214e-05, "logit_excluded_loss_s5_6d_rep": 2.131435128408127e-06, "logit_restricted_loss_s5_6d_rep": 4.789334407106986, "percent_x_embed_s5_6d_rep": 0.0004196735972072929, "percent_y_embed_s5_6d_rep": 0.0005797715275548398, "percent_unembed_s5_6d_rep": 0.008648697286844254, "percent_hidden_x_s5_6d_rep": 0.0001865038211690262, "percent_hidden_y_s5_6d_rep": 0.0002499495749361813, "percent_hidden_xy_s5_6d_rep": 1.035996660903038e-06, "total_percent_hidden_s5_6d_rep": 0.0004374893906060606, "hidden_excluded_loss_s5_6d_rep": 2.1312207360649686e-06, "hidden_restricted_loss_s5_6d_rep": 4.789400805382554, "percent_logits_explained": 0.4093663990497589, "total_logit_excluded_loss": 12.00480434960842, "total_logit_restricted_loss": 2.6589039549669124e-08, "total_hidden_excluded_loss": 11.180790572100179, "total_hidden_restricted_loss": 1.215297261523584e-07, "test_loss_restricted_loss_ratio": 941.5005181070017, "sum_of_squared_weights": 6418.34912109375, "percent_hidden_explained": 0.8623813390731812, "percent_hidden_xy_explained": 0.10405111312866211, "percent_x_embed_explained": 0.9993873834609985, "percent_y_embed_explained": 0.9988968372344971, "percent_unembed_explained": 0.9588972330093384, "epoch": 250000.0}