{
    "train_loss": 0.0000019058099336776562,
    "test_loss": 0.000006390037605271858,
    "train_acc": 1,
    "test_acc": 1,
    "all_loss": 0.000004596346525421801,
    "percent_x_embed_trivial_rep": 6.429423251574917e-7,
    "percent_y_embed_trivial_rep": 0.0000023676893761148676,
    "percent_unembed_trivial_rep": 0.05129445716738701,
    "percent_hidden_x_trivial_rep": 1.9370203547695516e-15,
    "percent_hidden_y_trivial_rep": 1.9370203547695516e-15,
    "percent_hidden_xy_trivial_rep": 1.9370203547695516e-15,
    "total_percent_hidden_trivial_rep": 5.811061064308655e-15,
    "hidden_excluded_loss_trivial_rep": 0.000002083372614143757,
    "hidden_restricted_loss_trivial_rep": 4.842240860062221,
    "logit_sign_rep_trace_similarity": 0.4376251697540283,
    "logit_excluded_loss_sign_rep": 0.00007761717322000114,
    "logit_restricted_loss_sign_rep": 4.099233996233593,
    "percent_x_embed_sign_rep": 0.04460573568940163,
    "percent_y_embed_sign_rep": 0.04252082481980324,
    "percent_unembed_sign_rep": 0.07024212181568146,
    "percent_hidden_x_sign_rep": 0.01628119871020317,
    "percent_hidden_y_sign_rep": 0.015539135783910751,
    "percent_hidden_xy_sign_rep": 0.015027396380901337,
    "total_percent_hidden_sign_rep": 0.04684773087501526,
    "hidden_excluded_loss_sign_rep": 0.00007881477507851083,
    "hidden_restricted_loss_sign_rep": 4.102538572745706,
    "logit_standard_rep_trace_similarity": 0.08228008449077606,
    "logit_excluded_loss_standard_rep": 0.000014209120690420744,
    "logit_restricted_loss_standard_rep": 2.9363084960519488,
    "percent_x_embed_standard_rep": 0.039914533495903015,
    "percent_y_embed_standard_rep": 0.040036559104919434,
    "percent_unembed_standard_rep": 0.11787936091423035,
    "percent_hidden_x_standard_rep": 0.019117938354611397,
    "percent_hidden_y_standard_rep": 0.01909770630300045,
    "percent_hidden_xy_standard_rep": 0.0048217070288956165,
    "total_percent_hidden_standard_rep": 0.043037351220846176,
    "hidden_excluded_loss_standard_rep": 0.000016098945645341926,
    "hidden_restricted_loss_standard_rep": 3.2044588230245323,
    "logit_standard_sign_rep_trace_similarity": 0.15619723498821259,
    "logit_excluded_loss_standard_sign_rep": 0.00008840293582127407,
    "logit_restricted_loss_standard_sign_rep": 1.5200941604167817,
    "percent_x_embed_standard_sign_rep": 0.13137619197368622,
    "percent_y_embed_standard_sign_rep": 0.13160479068756104,
    "percent_unembed_standard_sign_rep": 0.2115010768175125,
    "percent_hidden_x_standard_sign_rep": 0.04811004176735878,
    "percent_hidden_y_standard_sign_rep": 0.047962870448827744,
    "percent_hidden_xy_standard_sign_rep": 0.009665154851973057,
    "total_percent_hidden_standard_sign_rep": 0.105738066136837,
    "hidden_excluded_loss_standard_sign_rep": 0.00010137329416354042,
    "hidden_restricted_loss_standard_sign_rep": 1.5874740599465171,
    "logit_s5_5d_a_rep_trace_similarity": 0.5480101108551025,
    "logit_excluded_loss_s5_5d_a_rep": 3.3618738041435123,
    "logit_restricted_loss_s5_5d_a_rep": 0.00007542017132399941,
    "percent_x_embed_s5_5d_a_rep": 0.7841013669967651,
    "percent_y_embed_s5_5d_a_rep": 0.7858226895332336,
    "percent_unembed_s5_5d_a_rep": 0.541366696357727,
    "percent_hidden_x_s5_5d_a_rep": 0.3109601140022278,
    "percent_hidden_y_s5_5d_a_rep": 0.31219786405563354,
    "percent_hidden_xy_s5_5d_a_rep": 0.07318872958421707,
    "total_percent_hidden_s5_5d_a_rep": 0.6963467001914978,
    "hidden_excluded_loss_s5_5d_a_rep": 3.3232952444951014,
    "hidden_restricted_loss_s5_5d_a_rep": 0.00010854943981938792,
    "logit_s5_5d_b_rep_trace_similarity": -8.833012543618679e-9,
    "logit_excluded_loss_s5_5d_b_rep": 0.0000019058099271695588,
    "logit_restricted_loss_s5_5d_b_rep": 4.787492011139686,
    "percent_x_embed_s5_5d_b_rep": 7.906837709015235e-7,
    "percent_y_embed_s5_5d_b_rep": 0.000005211363713897299,
    "percent_unembed_s5_5d_b_rep": 0.003190891817212105,
    "percent_hidden_x_s5_5d_b_rep": 4.1611940559960203e-7,
    "percent_hidden_y_s5_5d_b_rep": 0.0000030189435165084433,
    "percent_hidden_xy_s5_5d_b_rep": 3.2683536432820404e-10,
    "total_percent_hidden_s5_5d_b_rep": 0.0000034353895443928195,
    "hidden_excluded_loss_s5_5d_b_rep": 0.0000019058141302099516,
    "hidden_restricted_loss_s5_5d_b_rep": 4.787491959936151,
    "logit_s5_6d_rep_trace_similarity": 3.848253982141614e-8,
    "logit_excluded_loss_s5_6d_rep": 0.000001905813583284071,
    "logit_restricted_loss_s5_6d_rep": 4.787490339806575,
    "percent_x_embed_s5_6d_rep": 7.318216148632928e-7,
    "percent_y_embed_s5_6d_rep": 0.000007476367500203196,
    "percent_unembed_s5_6d_rep": 0.004525452386587858,
    "percent_hidden_x_s5_6d_rep": 3.6657831969932886e-7,
    "percent_hidden_y_s5_6d_rep": 0.0000035273455978312995,
    "percent_hidden_xy_s5_6d_rep": 1.8428271408854613e-10,
    "total_percent_hidden_s5_6d_rep": 0.0000038941079765209,
    "hidden_excluded_loss_s5_6d_rep": 0.0000019058180898615455,
    "hidden_restricted_loss_s5_6d_rep": 4.787490532070942,
    "percent_logits_explained": 0.5229984521865845,
    "total_logit_excluded_loss": 11.040763733343008,
    "total_logit_restricted_loss": 7.715745881899633e-8,
    "total_hidden_excluded_loss": 10.947324763141102,
    "total_hidden_restricted_loss": 9.941990855816656e-8,
    "test_loss_restricted_loss_ratio": 64.27321949841973,
    "sum_of_squared_weights": 5706.681640625,
    "percent_hidden_explained": 0.8919698596000671,
    "percent_hidden_xy_explained": 0.10270299017429352,
    "percent_x_embed_explained": 0.9999978542327881,
    "percent_y_embed_explained": 0.999984860420227,
    "percent_unembed_explained": 0.9409892559051514,
    "epoch": 250000
}