{"train_loss": 1.5689375195124329e-06, "test_loss": 9.501412352246494e-06, "train_acc": 1.0, "test_acc": 1.0, "all_loss": 7.1217838420245646e-06, "percent_x_embed_trivial_rep": 6.723573460476473e-05, "percent_y_embed_trivial_rep": 4.8464473366038874e-05, "percent_unembed_trivial_rep": 0.005941883195191622, "percent_hidden_trivial_rep": 0.32308635115623474, "hidden_excluded_loss_trivial_rep": 1.5986316997355475e-06, "hidden_restricted_loss_trivial_rep": 4.779315426483272, "logit_sign_rep_trace_similarity": -5.522597348317504e-07, "logit_excluded_loss_sign_rep": 1.568930131705103e-06, "logit_restricted_loss_sign_rep": 4.770687947273927, "percent_x_embed_sign_rep": 1.6934180166572332e-05, "percent_y_embed_sign_rep": 5.883692210773006e-06, "percent_unembed_sign_rep": 0.00016515109746251255, "percent_hidden_sign_rep": 3.448877183842569e-09, "hidden_excluded_loss_sign_rep": 1.5689269497183891e-06, "hidden_restricted_loss_sign_rep": 4.770688082565527, "logit_freq_1_rep_trace_similarity": -0.00022130098659545183, "logit_excluded_loss_freq_1_rep": 1.5645831909188046e-06, "logit_restricted_loss_freq_1_rep": 4.773348531664562, "percent_x_embed_freq_1_rep": 0.0006671996088698506, "percent_y_embed_freq_1_rep": 0.0006501063471660018, "percent_unembed_freq_1_rep": 0.0004500378854572773, "percent_hidden_freq_1_rep": 4.515899490797892e-05, "hidden_excluded_loss_freq_1_rep": 1.5659533464761023e-06, "hidden_restricted_loss_freq_1_rep": 4.775612171109139, "logit_freq_2_rep_trace_similarity": 0.000305286084767431, "logit_excluded_loss_freq_2_rep": 1.5753433097784039e-06, "logit_restricted_loss_freq_2_rep": 4.767012657852614, "percent_x_embed_freq_2_rep": 0.00014648558862973005, "percent_y_embed_freq_2_rep": 0.00030067632906138897, "percent_unembed_freq_2_rep": 0.0005777309415861964, "percent_hidden_freq_2_rep": 6.0012451285729185e-05, "hidden_excluded_loss_freq_2_rep": 1.5758050258870334e-06, "hidden_restricted_loss_freq_2_rep": 4.76834114994854, "logit_freq_3_rep_trace_similarity": 0.23131820559501648, "logit_excluded_loss_freq_3_rep": 5.504756239520328e-05, "logit_restricted_loss_freq_3_rep": 2.9238891691804807, "percent_x_embed_freq_3_rep": 0.11892709136009216, "percent_y_embed_freq_3_rep": 0.12225008755922318, "percent_unembed_freq_3_rep": 0.11827263981103897, "percent_hidden_freq_3_rep": 0.009319639764726162, "hidden_excluded_loss_freq_3_rep": 5.515093548987684e-05, "hidden_restricted_loss_freq_3_rep": 2.927320252111865, "logit_freq_4_rep_trace_similarity": 7.58105015847832e-05, "logit_excluded_loss_freq_4_rep": 1.570626151187354e-06, "logit_restricted_loss_freq_4_rep": 4.7697724645072315, "percent_x_embed_freq_4_rep": 5.465825233841315e-05, "percent_y_embed_freq_4_rep": 8.709152461960912e-05, "percent_unembed_freq_4_rep": 0.0005037506343796849, "percent_hidden_freq_4_rep": 3.0717455956619233e-06, "hidden_excluded_loss_freq_4_rep": 1.5704615082168925e-06, "hidden_restricted_loss_freq_4_rep": 4.769852411216061, "logit_freq_5_rep_trace_similarity": 1.0211352673650254e-05, "logit_excluded_loss_freq_5_rep": 1.569121952494217e-06, "logit_restricted_loss_freq_5_rep": 4.770561748263432, "percent_x_embed_freq_5_rep": 6.519187445519492e-05, "percent_y_embed_freq_5_rep": 8.366117253899574e-05, "percent_unembed_freq_5_rep": 0.00037525297375395894, "percent_hidden_freq_5_rep": 1.3915937415731605e-06, "hidden_excluded_loss_freq_5_rep": 1.56911757293054e-06, "hidden_restricted_loss_freq_5_rep": 4.770596502701325, "logit_freq_6_rep_trace_similarity": 0.2704927325248718, "logit_excluded_loss_freq_6_rep": 4.491099417852965e-05, "logit_restricted_loss_freq_6_rep": 2.770476780354706, "percent_x_embed_freq_6_rep": 0.1471729576587677, "percent_y_embed_freq_6_rep": 0.15079745650291443, "percent_unembed_freq_6_rep": 0.1295536756515503, "percent_hidden_freq_6_rep": 0.011627137660980225, "hidden_excluded_loss_freq_6_rep": 4.5069968734337124e-05, "hidden_restricted_loss_freq_6_rep": 2.774109579741139, "logit_freq_7_rep_trace_similarity": 0.058898165822029114, "logit_excluded_loss_freq_7_rep": 3.6460976179460548e-06, "logit_restricted_loss_freq_7_rep": 4.124712257126092, "percent_x_embed_freq_7_rep": 0.019150618463754654, "percent_y_embed_freq_7_rep": 0.016634101048111916, "percent_unembed_freq_7_rep": 0.044434577226638794, "percent_hidden_freq_7_rep": 0.001627747667953372, "hidden_excluded_loss_freq_7_rep": 3.5357582104063513e-06, "hidden_restricted_loss_freq_7_rep": 4.18564772298932, "logit_freq_8_rep_trace_similarity": 0.27123987674713135, "logit_excluded_loss_freq_8_rep": 4.6423079119433504e-05, "logit_restricted_loss_freq_8_rep": 2.767868346350478, "percent_x_embed_freq_8_rep": 0.15514442324638367, "percent_y_embed_freq_8_rep": 0.15888774394989014, "percent_unembed_freq_8_rep": 0.12875312566757202, "percent_hidden_freq_8_rep": 0.011781512759625912, "hidden_excluded_loss_freq_8_rep": 4.6552914491595816e-05, "hidden_restricted_loss_freq_8_rep": 2.7722515076957546, "logit_freq_9_rep_trace_similarity": -0.00018126863869838417, "logit_excluded_loss_freq_9_rep": 1.5655961880866977e-06, "logit_restricted_loss_freq_9_rep": 4.772866511500163, "percent_x_embed_freq_9_rep": 0.00014929205644875765, "percent_y_embed_freq_9_rep": 0.000696237722877413, "percent_unembed_freq_9_rep": 0.0003064871998503804, "percent_hidden_freq_9_rep": 3.506202847347595e-05, "hidden_excluded_loss_freq_9_rep": 1.5657159420538212e-06, "hidden_restricted_loss_freq_9_rep": 4.772902169814862, "logit_freq_10_rep_trace_similarity": 1.1397478374419734e-06, "logit_excluded_loss_freq_10_rep": 1.5689633814733275e-06, "logit_restricted_loss_freq_10_rep": 4.77067090935823, "percent_x_embed_freq_10_rep": 9.796353697311133e-05, "percent_y_embed_freq_10_rep": 7.828461821191013e-05, "percent_unembed_freq_10_rep": 0.00046093977289274335, "percent_hidden_freq_10_rep": 7.966517046043009e-08, "hidden_excluded_loss_freq_10_rep": 1.5689738383837255e-06, "hidden_restricted_loss_freq_10_rep": 4.770674163666078, "logit_freq_11_rep_trace_similarity": 8.918729145079851e-05, "logit_excluded_loss_freq_11_rep": 1.5704445066935503e-06, "logit_restricted_loss_freq_11_rep": 4.769611535124206, "percent_x_embed_freq_11_rep": 0.00020866210979875177, "percent_y_embed_freq_11_rep": 0.00011569978960324079, "percent_unembed_freq_11_rep": 0.00037042086478322744, "percent_hidden_freq_11_rep": 6.955720891710371e-06, "hidden_excluded_loss_freq_11_rep": 1.571319778824834e-06, "hidden_restricted_loss_freq_11_rep": 4.769916534358214, "logit_freq_12_rep_trace_similarity": 0.012710951268672943, "logit_excluded_loss_freq_12_rep": 1.8245485046722378e-06, "logit_restricted_loss_freq_12_rep": 4.620652140386421, "percent_x_embed_freq_12_rep": 9.073418914340436e-05, "percent_y_embed_freq_12_rep": 5.6961980590131134e-05, "percent_unembed_freq_12_rep": 0.008268823847174644, "percent_hidden_freq_12_rep": 0.00043673109030351043, "hidden_excluded_loss_freq_12_rep": 1.8307324970439334e-06, "hidden_restricted_loss_freq_12_rep": 4.623927260416044, "logit_freq_13_rep_trace_similarity": 1.7769099940778688e-05, "logit_excluded_loss_freq_13_rep": 1.5693033310863225e-06, "logit_restricted_loss_freq_13_rep": 4.7704708060999215, "percent_x_embed_freq_13_rep": 8.854185580275953e-05, "percent_y_embed_freq_13_rep": 0.0001330183877144009, "percent_unembed_freq_13_rep": 0.000388759421184659, "percent_hidden_freq_13_rep": 3.098808292634203e-06, "hidden_excluded_loss_freq_13_rep": 1.569167865492733e-06, "hidden_restricted_loss_freq_13_rep": 4.770600592146064, "logit_freq_14_rep_trace_similarity": 0.18151572346687317, "logit_excluded_loss_freq_14_rep": 1.1931979786641083e-05, "logit_restricted_loss_freq_14_rep": 3.1739952740275195, "percent_x_embed_freq_14_rep": 0.07962455600500107, "percent_y_embed_freq_14_rep": 0.07750821113586426, "percent_unembed_freq_14_rep": 0.10379394143819809, "percent_hidden_freq_14_rep": 0.006720555014908314, "hidden_excluded_loss_freq_14_rep": 1.1963179791445074e-05, "hidden_restricted_loss_freq_14_rep": 3.181188134967024,