{"train_loss": 2.1764616412207735e-05, "test_loss": 0.03934721440731111, "train_acc": 1.0, "test_acc": 0.9864583015441895, "all_loss": 0.023617021616110137, "percent_x_embed_trivial_rep": 0.002793606836348772, "percent_y_embed_trivial_rep": 0.003947273828089237, "percent_unembed_trivial_rep": 0.1661062389612198, "percent_hidden_x_trivial_rep": 1.861562848179876e-15, "percent_hidden_y_trivial_rep": 1.861562848179876e-15, "percent_hidden_xy_trivial_rep": 1.861562848179876e-15, "total_percent_hidden_trivial_rep": 5.584688544539628e-15, "hidden_excluded_loss_trivial_rep": 0.17547955758581732, "hidden_restricted_loss_trivial_rep": 16.02650293315969, "logit_sign_rep_trace_similarity": 0.30291810631752014, "logit_excluded_loss_sign_rep": 0.10416235213005533, "logit_restricted_loss_sign_rep": 4.094354430132942, "percent_x_embed_sign_rep": 0.040884461253881454, "percent_y_embed_sign_rep": 0.040717676281929016, "percent_unembed_sign_rep": 0.08424799889326096, "percent_hidden_x_sign_rep": 0.014769432134926319, "percent_hidden_y_sign_rep": 0.01475836057215929, "percent_hidden_xy_sign_rep": 0.014164892956614494, "total_percent_hidden_sign_rep": 0.043692685663700104, "hidden_excluded_loss_sign_rep": 0.14610783529643348, "hidden_restricted_loss_sign_rep": 4.235446342989971, "logit_standard_rep_trace_similarity": 0.5284919142723083, "logit_excluded_loss_standard_rep": 25.9182630924152, "logit_restricted_loss_standard_rep": 1.847648699362661e-08, "percent_x_embed_standard_rep": 0.9488065242767334, "percent_y_embed_standard_rep": 0.9423644542694092, "percent_unembed_standard_rep": 0.7338184118270874, "percent_hidden_x_standard_rep": 0.3741357624530792, "percent_hidden_y_standard_rep": 0.37528353929519653, "percent_hidden_xy_standard_rep": 0.0885285809636116, "total_percent_hidden_standard_rep": 0.8379479050636292, "hidden_excluded_loss_standard_rep": 24.95247079842689, "hidden_restricted_loss_standard_rep": 0.20609902269109728, "logit_standard_sign_rep_trace_similarity": 4.398321834742092e-06, "logit_excluded_loss_standard_sign_rep": 2.1770686703731263e-05, "logit_restricted_loss_standard_sign_rep": 4.787157028687915, "percent_x_embed_standard_sign_rep": 0.0006941707106307149, "percent_y_embed_standard_sign_rep": 0.0008554693777114153, "percent_unembed_standard_sign_rep": 0.0022424079943448305, "percent_hidden_x_standard_sign_rep": 0.00037093868013471365, "percent_hidden_y_standard_sign_rep": 0.000457592832390219, "percent_hidden_xy_standard_sign_rep": 1.5044420820231608e-07, "total_percent_hidden_standard_sign_rep": 0.0008286819793283939, "hidden_excluded_loss_standard_sign_rep": 2.178828981762605e-05, "hidden_restricted_loss_standard_sign_rep": 4.787227780529726, "logit_s5_5d_a_rep_trace_similarity": 1.5819314285181463e-06, "logit_excluded_loss_s5_5d_a_rep": 2.1768353183392765e-05, "logit_restricted_loss_s5_5d_a_rep": 4.787341259623958, "percent_x_embed_s5_5d_a_rep": 0.001231199479661882, "percent_y_embed_s5_5d_a_rep": 0.0011541178682819009, "percent_unembed_s5_5d_a_rep": 0.0020292061381042004, "percent_hidden_x_s5_5d_a_rep": 0.0006645140238106251, "percent_hidden_y_s5_5d_a_rep": 0.0006922995671629906, "percent_hidden_xy_s5_5d_a_rep": 2.7528236046237e-07, "total_percent_hidden_s5_5d_a_rep": 0.0013570889132097363, "hidden_excluded_loss_s5_5d_a_rep": 2.180942911142787e-05, "hidden_restricted_loss_s5_5d_a_rep": 4.787459885650542, "logit_s5_5d_b_rep_trace_similarity": 4.439651092980057e-05, "logit_excluded_loss_s5_5d_b_rep": 2.1868152296992103e-05, "logit_restricted_loss_s5_5d_b_rep": 4.783268814361441, "percent_x_embed_s5_5d_b_rep": 0.0020108427852392197, "percent_y_embed_s5_5d_b_rep": 0.005180679261684418, "percent_unembed_s5_5d_b_rep": 0.004910329822450876, "percent_hidden_x_s5_5d_b_rep": 0.001464237691834569, "percent_hidden_y_s5_5d_b_rep": 0.0028795385733246803, "percent_hidden_xy_s5_5d_b_rep": 5.030844477005303e-06, "total_percent_hidden_s5_5d_b_rep": 0.0043488070368766785, "hidden_excluded_loss_s5_5d_b_rep": 2.2394814930431953e-05, "hidden_restricted_loss_s5_5d_b_rep": 4.786555254628634, "logit_s5_6d_rep_trace_similarity": 3.383711737114936e-05, "logit_excluded_loss_s5_6d_rep": 2.1852355842243262e-05, "logit_restricted_loss_s5_6d_rep": 4.783629381629879, "percent_x_embed_s5_6d_rep": 0.0035792584531009197, "percent_y_embed_s5_6d_rep": 0.005780448205769062, "percent_unembed_s5_6d_rep": 0.00664540333673358, "percent_hidden_x_s5_6d_rep": 0.0021143490448594093, "percent_hidden_y_s5_6d_rep": 0.0033679541666060686, "percent_hidden_xy_s5_6d_rep": 4.794099368155003e-06, "total_percent_hidden_s5_6d_rep": 0.0054870969615876675, "hidden_excluded_loss_s5_6d_rep": 2.2504263330962355e-05, "hidden_restricted_loss_s5_6d_rep": 4.786655231652731, "percent_logits_explained": 0.37106308341026306, "total_logit_excluded_loss": 28.136622707371185, "total_logit_restricted_loss": 1.7705300188911086e-12, "total_hidden_excluded_loss": 26.795913714384017, "total_hidden_restricted_loss": 0.00416593994353432, "test_loss_restricted_loss_ratio": 9.444978790051767, "sum_of_squared_weights": 9674.568359375, "percent_hidden_explained": 0.881640613079071, "percent_hidden_xy_explained": 0.10269347578287125, "percent_x_embed_explained": 0.9896909594535828, "percent_y_embed_explained": 0.983082115650177, "percent_unembed_explained": 0.818066418170929, "epoch": 1000000.0}