{"train_loss": 2.026077401924136, "test_loss": 8.377808963618689, "train_acc": 0.45781251788139343, "test_acc": 0.010069443844258785, "all_loss": 5.837116334458617, "percent_x_embed_trivial_rep": 0.007547785062342882, "percent_y_embed_trivial_rep": 0.006854841951280832, "percent_unembed_trivial_rep": 0.04711752012372017, "percent_hidden_x_trivial_rep": 9.490530894325157e-16, "percent_hidden_y_trivial_rep": 9.490530894325157e-16, "percent_hidden_xy_trivial_rep": 9.490530894325157e-16, "total_percent_hidden_trivial_rep": 2.8471593741766655e-15, "hidden_excluded_loss_trivial_rep": 3.1494636374651566, "hidden_restricted_loss_trivial_rep": 6.455673774761009, "logit_sign_rep_trace_similarity": 0.6738938689231873, "logit_excluded_loss_sign_rep": 5.048810408654311, "logit_restricted_loss_sign_rep": 4.094436828580001, "percent_x_embed_sign_rep": 0.39222779870033264, "percent_y_embed_sign_rep": 0.3738911747932434, "percent_unembed_sign_rep": 0.13135580718517303, "percent_hidden_x_sign_rep": 0.14320534467697144, "percent_hidden_y_sign_rep": 0.14580778777599335, "percent_hidden_xy_sign_rep": 0.1070704534649849, "total_percent_hidden_sign_rep": 0.3960835933685303, "hidden_excluded_loss_sign_rep": 4.675825867028184, "hidden_restricted_loss_sign_rep": 4.978929835090362, "logit_standard_rep_trace_similarity": 0.0036896623205393553, "logit_excluded_loss_standard_rep": 2.1068008301765806, "logit_restricted_loss_standard_rep": 4.686081278751032, "percent_x_embed_standard_rep": 0.0688277930021286, "percent_y_embed_standard_rep": 0.05819081515073776, "percent_unembed_standard_rep": 0.06927484273910522, "percent_hidden_x_standard_rep": 0.028688641265034676, "percent_hidden_y_standard_rep": 0.025535818189382553, "percent_hidden_xy_standard_rep": 0.00014089586329646409, "total_percent_hidden_standard_rep": 0.054365355521440506, "hidden_excluded_loss_standard_rep": 2.0971530799006777, "hidden_restricted_loss_standard_rep": 4.692268133819432, "logit_standard_sign_rep_trace_similarity": 0.013065945357084274, "logit_excluded_loss_standard_sign_rep": 2.3197106215344685, "logit_restricted_loss_standard_sign_rep": 4.431277929938663, "percent_x_embed_standard_sign_rep": 0.0928313285112381, "percent_y_embed_standard_sign_rep": 0.09065753221511841, "percent_unembed_standard_sign_rep": 0.12026273459196091, "percent_hidden_x_standard_sign_rep": 0.035460084676742554, "percent_hidden_y_standard_sign_rep": 0.03554050251841545, "percent_hidden_xy_standard_sign_rep": 0.0011233725817874074, "total_percent_hidden_standard_sign_rep": 0.07212396711111069, "hidden_excluded_loss_standard_sign_rep": 2.2885935667643253, "hidden_restricted_loss_standard_sign_rep": 4.475937631312538, "logit_s5_5d_a_rep_trace_similarity": 0.019338814541697502, "logit_excluded_loss_s5_5d_a_rep": 2.5750769977580603, "logit_restricted_loss_s5_5d_a_rep": 4.130270928183768, "percent_x_embed_s5_5d_a_rep": 0.14930525422096252, "percent_y_embed_s5_5d_a_rep": 0.1477987915277481, "percent_unembed_s5_5d_a_rep": 0.2336016595363617, "percent_hidden_x_s5_5d_a_rep": 0.05488529056310654, "percent_hidden_y_s5_5d_a_rep": 0.06209484115242958, "percent_hidden_xy_s5_5d_a_rep": 0.0014854342443868518, "total_percent_hidden_s5_5d_a_rep": 0.11846557259559631, "hidden_excluded_loss_s5_5d_a_rep": 2.519585056048741, "hidden_restricted_loss_s5_5d_a_rep": 4.212788258324508, "logit_s5_5d_b_rep_trace_similarity": 0.009018844924867153, "logit_excluded_loss_s5_5d_b_rep": 2.2743047181617104, "logit_restricted_loss_s5_5d_b_rep": 4.4786157006844, "percent_x_embed_s5_5d_b_rep": 0.11934703588485718, "percent_y_embed_s5_5d_b_rep": 0.10863260179758072, "percent_unembed_s5_5d_b_rep": 0.14152777194976807, "percent_hidden_x_s5_5d_b_rep": 0.04790784791111946, "percent_hidden_y_s5_5d_b_rep": 0.04884827882051468, "percent_hidden_xy_s5_5d_b_rep": 0.0006982907652854919, "total_percent_hidden_s5_5d_b_rep": 0.09745442122220993, "hidden_excluded_loss_s5_5d_b_rep": 2.2516512352975075, "hidden_restricted_loss_s5_5d_b_rep": 4.507811145241035, "logit_s5_6d_rep_trace_similarity": 0.01245239470154047, "logit_excluded_loss_s5_6d_rep": 2.4497998477060094, "logit_restricted_loss_s5_6d_rep": 4.276273092925105, "percent_x_embed_s5_6d_rep": 0.16991297900676727, "percent_y_embed_s5_6d_rep": 0.213974267244339, "percent_unembed_s5_6d_rep": 0.25685960054397583, "percent_hidden_x_s5_6d_rep": 0.06749104708433151, "percent_hidden_y_s5_6d_rep": 0.0940038338303566, "percent_hidden_xy_s5_6d_rep": 0.0008607821655459702, "total_percent_hidden_s5_6d_rep": 0.16235566139221191, "hidden_excluded_loss_s5_6d_rep": 2.4063104177437187, "hidden_restricted_loss_s5_6d_rep": 4.315833679260211, "percent_logits_explained": 0.4549276530742645, "total_logit_excluded_loss": 6.849959479786622, "total_logit_restricted_loss": 2.3005659799103544, "total_hidden_excluded_loss": 6.2301643128884105, "total_hidden_restricted_loss": 3.3378226618585902, "test_loss_restricted_loss_ratio": 2.5099622755133724, "sum_of_squared_weights": 5023.39306640625, "percent_hidden_explained": 0.8464832305908203, "percent_hidden_xy_explained": 0.11123833805322647, "percent_x_embed_explained": 0.9236243963241577, "percent_y_embed_explained": 0.9349544048309326, "percent_unembed_explained": 0.8836075663566589, "epoch": 1000000.0}