{
  "train_loss": 9.087112252620373e-7,
  "test_loss": 0.000005458861982732354,
  "train_acc": 1,
  "test_acc": 1,
  "all_loss": 0.000003183787026609251,
  "logit_trivial_rep_trace_similarity": -7.078924824099886e-8,
  "percent_x_embed_trivial_rep": 1.3847170521330554e-7,
  "percent_y_embed_trivial_rep": 1.1702027791216096e-7,
  "percent_unembed_trivial_rep": 0.03611476346850395,
  "percent_hidden_trivial_rep": 0.31242460012435913,
  "excluded_loss_trivial_rep": 0.0000031838938906109617,
  "logit_standard_rep_trace_similarity": 0.5489511489868164,
  "percent_x_embed_standard_rep": 0.6300168037414551,
  "percent_y_embed_standard_rep": 0.629714846611023,
  "percent_unembed_standard_rep": 0.4311416447162628,
  "percent_hidden_standard_rep": 0.050232745707035065,
  "excluded_loss_standard_rep": 1.2853111797984562,
  "logit_a5_5d_a_rep_trace_similarity": 0.002251857426017523,
  "percent_x_embed_a5_5d_a_rep": 0.000005083647010906134,
  "percent_y_embed_a5_5d_a_rep": 0.0000043057430048065726,
  "percent_unembed_a5_5d_a_rep": 0.007715900894254446,
  "percent_hidden_a5_5d_a_rep": 0.0002566492184996605,
  "excluded_loss_a5_5d_a_rep": 0.0000031744364049078456,
  "logit_a5_3d_a_rep_trace_similarity": 0.21992388367652893,
  "percent_x_embed_a5_3d_a_rep": 0.15119782090187073,
  "percent_y_embed_a5_3d_a_rep": 0.1534349024295807,
  "percent_unembed_a5_3d_a_rep": 0.22737258672714233,
  "percent_hidden_a5_3d_a_rep": 0.0138463843613863,
  "excluded_loss_a5_3d_a_rep": 0.003492321380513649,
  "logit_a5_3d_b_rep_trace_similarity": 0.30102604627609253,
  "percent_x_embed_a5_3d_b_rep": 0.20455147325992584,
  "percent_y_embed_a5_3d_b_rep": 0.20937545597553253,
  "percent_unembed_a5_3d_b_rep": 0.2802428603172302,
  "percent_hidden_a5_3d_b_rep": 0.017572032287716866,
  "excluded_loss_a5_3d_b_rep": 0.013758615496588583,
  "restricted_loss": 0.00014706460739914511,
  "total_excluded_loss": 4.2653291265251445,
  "test_loss_restricted_loss_ratio": 0.037118801588451295,
  "sum_of_squared_weights": 3091.0634765625,
  "epoch": 100000
}