{"train_loss": 1.7663119721668883e-06, "test_loss": 4.808187903228232e-06, "train_acc": 1.0, "test_acc": 1.0, "all_loss": 3.5914375759131274e-06, "percent_x_embed_trivial_rep": 1.0532572503052506e-07, "percent_y_embed_trivial_rep": 8.079027224994206e-08, "percent_unembed_trivial_rep": 0.03585677966475487, "percent_hidden_x_trivial_rep": 2.7305157375596967e-15, "percent_hidden_y_trivial_rep": 2.7305157375596967e-15, "percent_hidden_xy_trivial_rep": 2.7305157375596967e-15, "total_percent_hidden_trivial_rep": 8.19154721267909e-15, "hidden_excluded_loss_trivial_rep": 1.8421613787626282e-06, "hidden_restricted_loss_trivial_rep": 4.81511095077396, "logit_sign_rep_trace_similarity": 0.11687944829463959, "logit_excluded_loss_sign_rep": 3.1564799806104084e-06, "logit_restricted_loss_sign_rep": 4.305918157403429, "percent_x_embed_sign_rep": 0.014930540695786476, "percent_y_embed_sign_rep": 0.01399549376219511, "percent_unembed_sign_rep": 0.030856667086482048, "percent_hidden_x_sign_rep": 0.005427168682217598, "percent_hidden_y_sign_rep": 0.005057568196207285, "percent_hidden_xy_sign_rep": 0.0033168660011142492, "total_percent_hidden_sign_rep": 0.013801602646708488, "hidden_excluded_loss_sign_rep": 3.164328193050149e-06, "hidden_restricted_loss_sign_rep": 4.3067904092597376, "logit_standard_rep_trace_similarity": 0.622020959854126, "logit_excluded_loss_standard_rep": 3.3178865820066665, "logit_restricted_loss_standard_rep": 0.004753196075346189, "percent_x_embed_standard_rep": 0.6887723803520203, "percent_y_embed_standard_rep": 0.6928694844245911, "percent_unembed_standard_rep": 0.45430558919906616, "percent_hidden_x_standard_rep": 0.26528188586235046, "percent_hidden_y_standard_rep": 0.265829861164093, "percent_hidden_xy_standard_rep": 0.08035008609294891, "total_percent_hidden_standard_rep": 0.6114618182182312, "hidden_excluded_loss_standard_rep": 3.2995537585148162, "hidden_restricted_loss_standard_rep": 0.005748437614664017, "logit_standard_sign_rep_trace_similarity": 0.3402094841003418, "logit_excluded_loss_standard_sign_rep": 0.07309528444570403, "logit_restricted_loss_standard_sign_rep": 0.07998036650422194, "percent_x_embed_standard_sign_rep": 0.2962946891784668, "percent_y_embed_standard_sign_rep": 0.2931331396102905, "percent_unembed_standard_sign_rep": 0.4701215624809265, "percent_hidden_x_standard_sign_rep": 0.10770600289106369, "percent_hidden_y_standard_sign_rep": 0.1059521809220314, "percent_hidden_xy_standard_sign_rep": 0.024156158789992332, "total_percent_hidden_standard_sign_rep": 0.23781433701515198, "hidden_excluded_loss_standard_sign_rep": 0.0653032769752223, "hidden_restricted_loss_standard_sign_rep": 0.0851097962786856, "logit_s5_5d_a_rep_trace_similarity": -1.845663064159453e-06, "logit_excluded_loss_s5_5d_a_rep": 1.7661929108251577e-06, "logit_restricted_loss_s5_5d_a_rep": 4.7875488094087615, "percent_x_embed_s5_5d_a_rep": 7.986325272213435e-07, "percent_y_embed_s5_5d_a_rep": 6.677221335849026e-07, "percent_unembed_s5_5d_a_rep": 0.0034011711832135916, "percent_hidden_x_s5_5d_a_rep": 4.6515827989423997e-07, "percent_hidden_y_s5_5d_a_rep": 4.0794833466861746e-07, "percent_hidden_xy_s5_5d_a_rep": 6.225493454081743e-09, "total_percent_hidden_s5_5d_a_rep": 8.793321057964931e-07, "hidden_excluded_loss_s5_5d_a_rep": 1.7661923712148326e-06, "hidden_restricted_loss_s5_5d_a_rep": 4.7875488977047, "logit_s5_5d_b_rep_trace_similarity": 4.050452844239771e-06, "logit_excluded_loss_s5_5d_b_rep": 1.7665556338434926e-06, "logit_restricted_loss_s5_5d_b_rep": 4.787366506039022, "percent_x_embed_s5_5d_b_rep": 6.727388495164632e-07, "percent_y_embed_s5_5d_b_rep": 5.454807023852482e-07, "percent_unembed_s5_5d_b_rep": 0.0022826867643743753, "percent_hidden_x_s5_5d_b_rep": 5.213834356254665e-06, "percent_hidden_y_s5_5d_b_rep": 6.229856808204204e-06, "percent_hidden_xy_s5_5d_b_rep": 2.833531596024841e-07, "total_percent_hidden_s5_5d_b_rep": 1.1727044693543576e-05, "hidden_excluded_loss_s5_5d_b_rep": 1.7665385452781714e-06, "hidden_restricted_loss_s5_5d_b_rep": 4.787374408174512, "logit_s5_6d_rep_trace_similarity": 3.6575147532857955e-07, "logit_excluded_loss_s5_6d_rep": 1.7663359617089067e-06, "logit_restricted_loss_s5_6d_rep": 4.787478172259633, "percent_x_embed_s5_6d_rep": 9.230986393049534e-07, "percent_y_embed_s5_6d_rep": 6.031335715306341e-07, "percent_unembed_s5_6d_rep": 0.003175551537424326, "percent_hidden_x_s5_6d_rep": 3.148495352434111e-06, "percent_hidden_y_s5_6d_rep": 3.6029941838933155e-06, "percent_hidden_xy_s5_6d_rep": 2.2318405967780564e-07, "total_percent_hidden_s5_6d_rep": 6.974673397053266e-06, "hidden_excluded_loss_s5_6d_rep": 1.7663292196092853e-06, "hidden_restricted_loss_s5_6d_rep": 4.787484256857057, "percent_logits_explained": 0.516313374042511, "total_logit_excluded_loss": 11.088610613499654, "total_logit_restricted_loss": 3.581814418320876e-07, "total_hidden_excluded_loss": 11.055980171069557, "total_hidden_restricted_loss": 3.9319244826762824e-07, "test_loss_restricted_loss_ratio": 12.228586597765776, "sum_of_squared_weights": 5557.82275390625, "percent_hidden_explained": 0.8630777597427368, "percent_hidden_xy_explained": 0.10782311111688614, "percent_x_embed_explained": 0.999997615814209, "percent_y_embed_explained": 0.9999980926513672, "percent_unembed_explained": 0.9552838206291199, "epoch": 250000.0}