{"train_loss": 1.7828262391307913e-06, "test_loss": 4.320332090471963e-06, "train_acc": 1.0, "test_acc": 1.0, "all_loss": 3.3053295896661423e-06, "logit_trivial_rep_trace_similarity": -7.700873538851738e-08, "logit_excluded_loss_trivial_rep": 1.782827466783398e-06, "logit_restricted_loss_trivial_rep": 4.787491742782046, "percent_x_embed_trivial_rep": 4.1387775695511664e-07, "percent_y_embed_trivial_rep": 3.4822267025447218e-06, "percent_unembed_trivial_rep": 0.04569025710225105, "percent_hidden_trivial_rep": 0.3123898208141327, "embed_excluded_loss_trivial_rep": 3.3169416274588563e-06, "embed_restricted_loss_trivial_rep": 4.787581997587256, "logit_sign_rep_trace_similarity": 0.47524920105934143, "logit_excluded_loss_sign_rep": 0.0007487351060537199, "logit_restricted_loss_sign_rep": 4.094741791369189, "percent_x_embed_sign_rep": 0.0655369907617569, "percent_y_embed_sign_rep": 0.05963516980409622, "percent_unembed_sign_rep": 0.08754172921180725, "percent_hidden_sign_rep": 0.014812794514000416, "embed_excluded_loss_sign_rep": 0.002955826739756316, "embed_restricted_loss_sign_rep": 4.10601315675642, "logit_standard_rep_trace_similarity": 0.5956512093544006, "logit_excluded_loss_standard_rep": 5.900024513166039, "logit_restricted_loss_standard_rep": 0.0005544883887195773, "percent_x_embed_standard_rep": 0.7732874155044556, "percent_y_embed_standard_rep": 0.7775490283966064, "percent_unembed_standard_rep": 0.5393351912498474, "percent_hidden_standard_rep": 0.06186835467815399, "embed_excluded_loss_standard_rep": 1.9815097926570375, "embed_restricted_loss_standard_rep": 0.06360898160349762, "logit_standard_sign_rep_trace_similarity": 2.1734922484029084e-07, "logit_excluded_loss_standard_sign_rep": 1.7828391671215355e-06, "logit_restricted_loss_standard_sign_rep": 4.787484580149985, "percent_x_embed_standard_sign_rep": 1.912484094646061e-06, "percent_y_embed_standard_sign_rep": 4.596900544129312e-05, "percent_unembed_standard_sign_rep": 0.0007492005242966115, "percent_hidden_standard_sign_rep": 1.99976879500241e-09, "embed_excluded_loss_standard_sign_rep": 3.3702309808681254e-06, "embed_restricted_loss_standard_sign_rep": 4.787563787317772, "logit_s5_5d_a_rep_trace_similarity": 5.8033037930727005e-08, "logit_excluded_loss_s5_5d_a_rep": 1.7828294967407847e-06, "logit_restricted_loss_s5_5d_a_rep": 4.787489352220583, "percent_x_embed_s5_5d_a_rep": 2.1489354367076885e-06, "percent_y_embed_s5_5d_a_rep": 8.202739991247654e-05, "percent_unembed_s5_5d_a_rep": 0.0013219618704169989, "percent_hidden_s5_5d_a_rep": 1.9348709301425515e-09, "embed_excluded_loss_s5_5d_a_rep": 3.377148720781234e-06, "embed_restricted_loss_s5_5d_a_rep": 4.787811949514701, "logit_s5_5d_b_rep_trace_similarity": 0.1348985731601715, "logit_excluded_loss_s5_5d_b_rep": 0.0006741731840451222, "logit_restricted_loss_s5_5d_b_rep": 0.5212229466928683, "percent_x_embed_s5_5d_b_rep": 0.1611684262752533, "percent_y_embed_s5_5d_b_rep": 0.16267931461334229, "percent_unembed_s5_5d_b_rep": 0.32284584641456604, "percent_hidden_s5_5d_b_rep": 0.008438465185463428, "embed_excluded_loss_s5_5d_b_rep": 0.0011166570433103061, "embed_restricted_loss_s5_5d_b_rep": 2.3352451036903346, "logit_s5_6d_rep_trace_similarity": 3.0697265174239874e-08, "logit_excluded_loss_s5_6d_rep": 1.7828299256670828e-06, "logit_restricted_loss_s5_6d_rep": 4.787490225362813, "percent_x_embed_s5_6d_rep": 2.691785539354896e-06, "percent_y_embed_s5_6d_rep": 5.106661774334498e-06, "percent_unembed_s5_6d_rep": 0.002515791915357113, "percent_hidden_s5_6d_rep": 3.5535030473710094e-10, "embed_excluded_loss_s5_6d_rep": 3.3309162559163143e-06, "embed_restricted_loss_s5_6d_rep": 4.787487739183699, "percent_logits_explained": 0.5988597869873047, "total_logit_excluded_loss": 12.13431395997703, "total_logit_restricted_loss": 1.3338782852187162e-08, "total_embed_restricted_loss": 3.4613247194565755e-06, "total_embed_excluded_loss": 4.788167408079176, "test_loss_restricted_loss_ratio": 1.2481730090756264, "sum_of_squared_weights": 5398.75537109375, "epoch": 250000.0}