{"train_loss": 1.7828262391307913e-06, "test_loss": 4.320332090471963e-06, "train_acc": 1.0, "test_acc": 1.0, "all_loss": 3.3053295896661423e-06, "percent_x_embed_trivial_rep": 4.1387775695511664e-07, "percent_y_embed_trivial_rep": 3.4822267025447218e-06, "percent_unembed_trivial_rep": 0.04569025710225105, "percent_hidden_x_trivial_rep": 4.522650259668453e-15, "percent_hidden_y_trivial_rep": 4.522650259668453e-15, "percent_hidden_xy_trivial_rep": 4.522650259668453e-15, "total_percent_hidden_trivial_rep": 1.3567950779005359e-14, "hidden_excluded_loss_trivial_rep": 2.021520309639334e-06, "hidden_restricted_loss_trivial_rep": 4.864572779298794, "logit_sign_rep_trace_similarity": 0.47524920105934143, "logit_excluded_loss_sign_rep": 0.0007487351060537199, "logit_restricted_loss_sign_rep": 4.094741791369189, "percent_x_embed_sign_rep": 0.0655369907617569, "percent_y_embed_sign_rep": 0.05963516980409622, "percent_unembed_sign_rep": 0.08754172921180725, "percent_hidden_x_sign_rep": 0.02390383742749691, "percent_hidden_y_sign_rep": 0.021616995334625244, "percent_hidden_xy_sign_rep": 0.02154243178665638, "total_percent_hidden_sign_rep": 0.06706326454877853, "hidden_excluded_loss_sign_rep": 0.0007668422033577488, "hidden_restricted_loss_sign_rep": 4.099625456068582, "logit_standard_rep_trace_similarity": 0.5956512093544006, "logit_excluded_loss_standard_rep": 5.900024513166039, "logit_restricted_loss_standard_rep": 0.0005544883887195773, "percent_x_embed_standard_rep": 0.7732874155044556, "percent_y_embed_standard_rep": 0.7775490283966064, "percent_unembed_standard_rep": 0.5393351912498474, "percent_hidden_x_standard_rep": 0.2983707785606384, "percent_hidden_y_standard_rep": 0.3020178973674774, "percent_hidden_xy_standard_rep": 0.08997592329978943, "total_percent_hidden_standard_rep": 0.6903645992279053, "hidden_excluded_loss_standard_rep": 5.839858545141058, "hidden_restricted_loss_standard_rep": 0.0007531611031594996, "logit_standard_sign_rep_trace_similarity": 2.1734922484029084e-07, "logit_excluded_loss_standard_sign_rep": 1.7828391671215355e-06, "logit_restricted_loss_standard_sign_rep": 4.787484580149985, "percent_x_embed_standard_sign_rep": 1.912484094646061e-06, "percent_y_embed_standard_sign_rep": 4.596900544129312e-05, "percent_unembed_standard_sign_rep": 0.0007492005242966115, "percent_hidden_x_standard_sign_rep": 8.333009873240371e-07, "percent_hidden_y_standard_sign_rep": 1.68063270393759e-05, "percent_hidden_xy_standard_sign_rep": 2.9083218056058513e-09, "total_percent_hidden_standard_sign_rep": 1.764253647706937e-05, "hidden_excluded_loss_standard_sign_rep": 1.782851026017618e-06, "hidden_restricted_loss_standard_sign_rep": 4.787485594086536, "logit_s5_5d_a_rep_trace_similarity": 5.8033037930727005e-08, "logit_excluded_loss_s5_5d_a_rep": 1.7828294967407847e-06, "logit_restricted_loss_s5_5d_a_rep": 4.787489352220583, "percent_x_embed_s5_5d_a_rep": 2.1489354367076885e-06, "percent_y_embed_s5_5d_a_rep": 8.202739991247654e-05, "percent_unembed_s5_5d_a_rep": 0.0013219618704169989, "percent_hidden_x_s5_5d_a_rep": 1.1649370890154387e-06, "percent_hidden_y_s5_5d_a_rep": 3.0307690394693054e-05, "percent_hidden_xy_s5_5d_a_rep": 2.813653976474484e-09, "total_percent_hidden_s5_5d_a_rep": 3.147543975501321e-05, "hidden_excluded_loss_s5_5d_a_rep": 1.782839953121566e-06, "hidden_restricted_loss_s5_5d_a_rep": 4.787489677936955, "logit_s5_5d_b_rep_trace_similarity": 0.1348985731601715, "logit_excluded_loss_s5_5d_b_rep": 0.0006741731840451222, "logit_restricted_loss_s5_5d_b_rep": 0.5212229466928683, "percent_x_embed_s5_5d_b_rep": 0.1611684262752533, "percent_y_embed_s5_5d_b_rep": 0.16267931461334229, "percent_unembed_s5_5d_b_rep": 0.32284584641456604, "percent_hidden_x_s5_5d_b_rep": 0.05921696871519089, "percent_hidden_y_s5_5d_b_rep": 0.059573281556367874, "percent_hidden_xy_s5_5d_b_rep": 0.012272166088223457, "total_percent_hidden_s5_5d_b_rep": 0.13106241822242737, "hidden_excluded_loss_s5_5d_b_rep": 0.000692992159916142, "hidden_restricted_loss_s5_5d_b_rep": 0.665306057753747, "logit_s5_6d_rep_trace_similarity": 3.0697265174239874e-08, "logit_excluded_loss_s5_6d_rep": 1.7828299256670828e-06, "logit_restricted_loss_s5_6d_rep": 4.787490225362813, "percent_x_embed_s5_6d_rep": 2.691785539354896e-06, "percent_y_embed_s5_6d_rep": 5.106661774334498e-06, "percent_unembed_s5_6d_rep": 0.002515791915357113, "percent_hidden_x_s5_6d_rep": 1.3738933830609312e-06, "percent_hidden_y_s5_6d_rep": 2.1988980734022334e-06, "percent_hidden_xy_s5_6d_rep": 5.167499761427052e-10, "total_percent_hidden_s5_6d_rep": 3.573308276827447e-06, "hidden_excluded_loss_s5_6d_rep": 1.78283458294077e-06, "hidden_restricted_loss_s5_6d_rep": 4.787490508190539, "percent_logits_explained": 0.5988597869873047, "total_logit_excluded_loss": 12.13431395997703, "total_logit_restricted_loss": 1.3338782852187162e-08, "total_hidden_excluded_loss": 11.967707351437149, "total_hidden_restricted_loss": 2.1701935812498475e-08, "test_loss_restricted_loss_ratio": 199.07588557071566, "sum_of_squared_weights": 5398.75537109375, "percent_hidden_explained": 0.8884903192520142, "percent_x_embed_explained": 0.999992847442627, "percent_y_embed_explained": 0.9998635053634644, "percent_unembed_explained": 0.9497227668762207, "epoch": 250000.0}