{"train_loss": 9.615890264421785e-08, "test_loss": 0.19539014009197883, "train_acc": 1.0, "test_acc": 0.9743055701255798, "all_loss": 0.07815611373213398, "logit_standard_rep_trace_similarity": -3.5274286346975714e-05, "logit_excluded_loss_standard_rep": 9.59110404430286e-08, "logit_restricted_loss_standard_rep": 4.096759903950902, "logit_a5_5d_a_rep_trace_similarity": 0.4988241195678711, "logit_excluded_loss_a5_5d_a_rep": 25.702235838610864, "logit_restricted_loss_a5_5d_a_rep": 2.2074934472963284e-14, "logit_a5_3d_a_rep_trace_similarity": 0.006503974553197622, "logit_excluded_loss_a5_3d_a_rep": 1.4169476002457928e-07, "logit_restricted_loss_a5_3d_a_rep": 3.758897746980866, "logit_a5_3d_b_rep_trace_similarity": 0.05825445055961609, "logit_excluded_loss_a5_3d_b_rep": 4.499960990963136e-06, "logit_restricted_loss_a5_3d_b_rep": 1.6789450835614415, "percent_logits_explained": 0.2522614002227783, "total_logit_excluded_loss": 29.15145930077472, "total_logit_restricted_loss": 1.77635683940025e-16, "epoch": 250000.0}