{"train_loss": 9.615890264421785e-08, "test_loss": 0.19539014009197883, "train_acc": 1.0, "test_acc": 0.9743055701255798, "all_loss": 0.07815611373213398, "percent_x_embed_trivial_rep": 5.8369943872094154e-05, "percent_y_embed_trivial_rep": 5.8369943872094154e-05, "percent_unembed_trivial_rep": 5.795318884338485e-06, "percent_hidden_x_trivial_rep": 4.6810301742119566e-15, "percent_hidden_y_trivial_rep": 4.6810301742119566e-15, "percent_hidden_xy_trivial_rep": 4.6810301742119566e-15, "total_percent_hidden_trivial_rep": 1.404309052263587e-14, "hidden_excluded_loss_trivial_rep": 9.523579317163341e-06, "hidden_restricted_loss_trivial_rep": 5.631644021022395, "logit_standard_rep_trace_similarity": -3.5274286346975714e-05, "logit_excluded_loss_standard_rep": 9.59110404430286e-08, "logit_restricted_loss_standard_rep": 4.096759903950902, "percent_x_embed_standard_rep": 0.006932131014764309, "percent_y_embed_standard_rep": 0.006932131014764309, "percent_unembed_standard_rep": 0.011554412543773651, "percent_hidden_x_standard_rep": 0.0034374110400676727, "percent_hidden_y_standard_rep": 0.0011377661721780896, "percent_hidden_xy_standard_rep": 8.813980093691498e-05, "total_percent_hidden_standard_rep": 0.004663316998630762, "hidden_excluded_loss_standard_rep": 2.0496562364276937e-06, "hidden_restricted_loss_standard_rep": 4.098837029936379, "logit_a5_5d_a_rep_trace_similarity": 0.4988241195678711, "logit_excluded_loss_a5_5d_a_rep": 25.702235838610864, "logit_restricted_loss_a5_5d_a_rep": 2.2074934472963284e-14, "percent_x_embed_a5_5d_a_rep": 0.8723687529563904, "percent_y_embed_a5_5d_a_rep": 0.8723687529563904, "percent_unembed_a5_5d_a_rep": 0.8126233816146851, "percent_hidden_x_a5_5d_a_rep": 0.383679062128067, "percent_hidden_y_a5_5d_a_rep": 0.4003344476222992, "percent_hidden_xy_a5_5d_a_rep": 0.08213656395673752, "total_percent_hidden_a5_5d_a_rep": 0.8661500811576843, "hidden_excluded_loss_a5_5d_a_rep": 24.772529304824406, "hidden_restricted_loss_a5_5d_a_rep": 1.1961304141233928e-08, "logit_a5_3d_a_rep_trace_similarity": 0.006503974553197622, "logit_excluded_loss_a5_3d_a_rep": 1.4169476002457928e-07, "logit_restricted_loss_a5_3d_a_rep": 3.758897746980866, "percent_x_embed_a5_3d_a_rep": 0.015092166140675545, "percent_y_embed_a5_3d_a_rep": 0.015092166140675545, "percent_unembed_a5_3d_a_rep": 0.01443375926464796, "percent_hidden_x_a5_3d_a_rep": 0.0037437574937939644, "percent_hidden_y_a5_3d_a_rep": 0.0054581561125814915, "percent_hidden_xy_a5_3d_a_rep": 0.000951280992012471, "total_percent_hidden_a5_3d_a_rep": 0.010153194889426231, "hidden_excluded_loss_a5_3d_a_rep": 6.325517448949322e-06, "hidden_restricted_loss_a5_3d_a_rep": 4.22818080364384, "logit_a5_3d_b_rep_trace_similarity": 0.05825445055961609, "logit_excluded_loss_a5_3d_b_rep": 4.499960990963136e-06, "logit_restricted_loss_a5_3d_b_rep": 1.6789450835614415, "percent_x_embed_a5_3d_b_rep": 0.12292720377445221, "percent_y_embed_a5_3d_b_rep": 0.12292720377445221, "percent_unembed_a5_3d_b_rep": 0.1697053462266922, "percent_hidden_x_a5_3d_b_rep": 0.0133878318592906, "percent_hidden_y_a5_3d_b_rep": 0.014726394787430763, "percent_hidden_xy_a5_3d_b_rep": 0.0021237542387098074, "total_percent_hidden_a5_3d_b_rep": 0.03023798018693924, "hidden_excluded_loss_a5_3d_b_rep": 0.00020787751311709927, "hidden_restricted_loss_a5_3d_b_rep": 3.190473349140488, "percent_logits_explained": 0.2522614002227783, "total_logit_excluded_loss": 29.15145930077472, "total_logit_restricted_loss": 1.77635683940025e-16, "total_hidden_excluded_loss": 27.915697386345588, "total_hidden_restricted_loss": 1.3030399168964544e-10, "test_loss_restricted_loss_ratio": 1499494662.8907106, "sum_of_squared_weights": 0.0, "percent_hidden_explained": 0.9065412282943726, "percent_hidden_xy_explained": 0.08521159738302231, "percent_x_embed_explained": 1.0103881359100342, "percent_y_embed_explained": 1.0103881359100342, "percent_unembed_explained": 0.9967624545097351, "epoch": 250000.0}