{"train_loss": 1.555337779060245e-06, "test_loss": 2.913953065672966e-06, "train_acc": 1.0, "test_acc": 1.0, "all_loss": 2.3705068907597574e-06, "percent_x_embed_trivial_rep": 6.597776214256612e-10, "percent_y_embed_trivial_rep": 1.170111674220209e-09, "percent_unembed_trivial_rep": 0.05200839042663574, "percent_hidden_x_trivial_rep": 3.1498230927137034e-15, "percent_hidden_y_trivial_rep": 3.1498230927137034e-15, "percent_hidden_xy_trivial_rep": 3.1498230927137034e-15, "total_percent_hidden_trivial_rep": 9.449469066382873e-15, "hidden_excluded_loss_trivial_rep": 1.5733519744012568e-06, "hidden_restricted_loss_trivial_rep": 4.796215570812832, "logit_sign_rep_trace_similarity": 0.5119360089302063, "logit_excluded_loss_sign_rep": 0.0005953948400337486, "logit_restricted_loss_sign_rep": 4.094816705320471, "percent_x_embed_sign_rep": 0.06690116226673126, "percent_y_embed_sign_rep": 0.06690533459186554, "percent_unembed_sign_rep": 0.10081829875707626, "percent_hidden_x_sign_rep": 0.02425740845501423, "percent_hidden_y_sign_rep": 0.024259038269519806, "percent_hidden_xy_sign_rep": 0.024256110191345215, "total_percent_hidden_sign_rep": 0.0727725550532341, "hidden_excluded_loss_sign_rep": 0.000597662122590178, "hidden_restricted_loss_sign_rep": 4.09554760829838, "logit_standard_rep_trace_similarity": 0.770520806312561, "logit_excluded_loss_standard_rep": 7.118811484671793, "logit_restricted_loss_standard_rep": 9.930748572000396e-05, "percent_x_embed_standard_rep": 0.9330987930297852, "percent_y_embed_standard_rep": 0.9330946207046509, "percent_unembed_standard_rep": 0.8383948802947998, "percent_hidden_x_standard_rep": 0.34831008315086365, "percent_hidden_y_standard_rep": 0.3677421510219574, "percent_hidden_xy_standard_rep": 0.10582563281059265, "total_percent_hidden_standard_rep": 0.8218778371810913, "hidden_excluded_loss_standard_rep": 7.118192434120002, "hidden_restricted_loss_standard_rep": 0.00010378093103748546, "logit_standard_sign_rep_trace_similarity": -8.985807653516531e-10, "logit_excluded_loss_standard_sign_rep": 1.555337575299021e-06, "logit_restricted_loss_standard_sign_rep": 4.787491769665582, "percent_x_embed_standard_sign_rep": 1.0110143833230723e-09, "percent_y_embed_standard_sign_rep": 9.027099623359902e-10, "percent_unembed_standard_sign_rep": 0.0005569144850596786, "percent_hidden_x_standard_sign_rep": 5.934847613353611e-10, "percent_hidden_y_standard_sign_rep": 5.59438662062206e-10, "percent_hidden_xy_standard_sign_rep": 3.620518598465572e-13, "total_percent_hidden_standard_sign_rep": 1.1532854671258974e-09, "hidden_excluded_loss_standard_sign_rep": 1.5553374490431406e-06, "hidden_restricted_loss_standard_sign_rep": 4.787491771283985, "logit_s5_5d_a_rep_trace_similarity": -2.5174813345074654e-09, "logit_excluded_loss_s5_5d_a_rep": 1.5553375752991752e-06, "logit_restricted_loss_s5_5d_a_rep": 4.787491836928837, "percent_x_embed_s5_5d_a_rep": 2.7523605616863733e-09, "percent_y_embed_s5_5d_a_rep": 2.4710757884349732e-09, "percent_unembed_s5_5d_a_rep": 0.0012717772042378783, "percent_hidden_x_s5_5d_a_rep": 1.4130357994801557e-09, "percent_hidden_y_s5_5d_a_rep": 1.231447721572465e-09, "percent_hidden_xy_s5_5d_a_rep": 2.8361362737483464e-13, "total_percent_hidden_s5_5d_a_rep": 2.64476707201311e-09, "hidden_excluded_loss_s5_5d_a_rep": 1.5553379088560075e-06, "hidden_restricted_loss_s5_5d_a_rep": 4.787491759017164, "logit_s5_5d_b_rep_trace_similarity": 0.0013475241139531136, "logit_excluded_loss_s5_5d_b_rep": 1.644887473379671e-06, "logit_restricted_loss_s5_5d_b_rep": 4.737149056657976, "percent_x_embed_s5_5d_b_rep": 6.448424016980425e-09, "percent_y_embed_s5_5d_b_rep": 6.9042638273231205e-09, "percent_unembed_s5_5d_b_rep": 0.005290116183459759, "percent_hidden_x_s5_5d_b_rep": 0.00039467494934797287, "percent_hidden_y_s5_5d_b_rep": 0.0003942744806408882, "percent_hidden_xy_s5_5d_b_rep": 0.00010939170169876888, "total_percent_hidden_s5_5d_b_rep": 0.0008983411244116724, "hidden_excluded_loss_s5_5d_b_rep": 1.6457847974998036e-06, "hidden_restricted_loss_s5_5d_b_rep": 4.737628467601244, "logit_s5_6d_rep_trace_similarity": -5.311449058353901e-10, "logit_excluded_loss_s5_6d_rep": 1.555337575299021e-06, "logit_restricted_loss_s5_6d_rep": 4.787491766618057, "percent_x_embed_s5_6d_rep": 3.0230706826728238e-09, "percent_y_embed_s5_6d_rep": 2.869795068249914e-09, "percent_unembed_s5_6d_rep": 0.0016596204368397593, "percent_hidden_x_s5_6d_rep": 1.7223205084349047e-09, "percent_hidden_y_s5_6d_rep": 1.5352410454028131e-09, "percent_hidden_xy_s5_6d_rep": 3.645356586035042e-12, "total_percent_hidden_s5_6d_rep": 3.261206860116772e-09, "hidden_excluded_loss_s5_6d_rep": 1.5553372315500846e-06, "hidden_restricted_loss_s5_6d_rep": 4.787491980548911, "percent_logits_explained": 0.8557825684547424, "total_logit_excluded_loss": 7.468743321307377, "total_logit_restricted_loss": 6.681240828575084e-07, "total_hidden_excluded_loss": 7.467253031009298, "total_hidden_restricted_loss": 6.99848008316414e-07, "test_loss_restricted_loss_ratio": 4.163694160797719, "sum_of_squared_weights": 5013.5078125, "percent_hidden_explained": 0.894650399684906, "percent_hidden_xy_explained": 0.13008174300193787, "percent_x_embed_explained": 0.9999999403953552, "percent_y_embed_explained": 0.9999999403953552, "percent_unembed_explained": 0.9392131567001343, "epoch": 250000.0}