{"train_loss": 1.6938261767573346e-06, "test_loss": 3.335665402621238e-06, "train_acc": 1.0, "test_acc": 1.0, "all_loss": 2.6789296326860677e-06, "percent_x_embed_trivial_rep": 4.1984651311111065e-09, "percent_y_embed_trivial_rep": 2.24376472957033e-09, "percent_unembed_trivial_rep": 0.038656458258628845, "percent_hidden_x_trivial_rep": 2.303100159518098e-15, "percent_hidden_y_trivial_rep": 2.303100159518098e-15, "percent_hidden_xy_trivial_rep": 2.303100159518098e-15, "total_percent_hidden_trivial_rep": 6.909300266796058e-15, "hidden_excluded_loss_trivial_rep": 1.7429071432365516e-06, "hidden_restricted_loss_trivial_rep": 4.806632644047873, "logit_sign_rep_trace_similarity": 0.23777763545513153, "logit_excluded_loss_sign_rep": 1.0736839172563719e-05, "logit_restricted_loss_sign_rep": 4.130563093444517, "percent_x_embed_sign_rep": 0.022936850786209106, "percent_y_embed_sign_rep": 0.02293863147497177, "percent_unembed_sign_rep": 0.06364491581916809, "percent_hidden_x_sign_rep": 0.008337096311151981, "percent_hidden_y_sign_rep": 0.008336917497217655, "percent_hidden_xy_sign_rep": 0.007459677755832672, "total_percent_hidden_sign_rep": 0.02413369156420231, "hidden_excluded_loss_sign_rep": 1.0781799161050843e-05, "hidden_restricted_loss_sign_rep": 4.131445106663448, "logit_standard_rep_trace_similarity": 0.5689692497253418, "logit_excluded_loss_standard_rep": 2.5933775394683756, "logit_restricted_loss_standard_rep": 0.0038628472300840425, "percent_x_embed_standard_rep": 0.6253749132156372, "percent_y_embed_standard_rep": 0.6253324747085571, "percent_unembed_standard_rep": 0.5122605562210083, "percent_hidden_x_standard_rep": 0.24002571403980255, "percent_hidden_y_standard_rep": 0.24033713340759277, "percent_hidden_xy_standard_rep": 0.07225047051906586, "total_percent_hidden_standard_rep": 0.5526133179664612, "hidden_excluded_loss_standard_rep": 2.5797414279043354, "hidden_restricted_loss_standard_rep": 0.004232083750129111, "logit_standard_sign_rep_trace_similarity": 0.30400756001472473, "logit_excluded_loss_standard_sign_rep": 0.07388142501342282, "logit_restricted_loss_standard_sign_rep": 0.07859544960802084, "percent_x_embed_standard_sign_rep": 0.35168808698654175, "percent_y_embed_standard_sign_rep": 0.35172873735427856, "percent_unembed_standard_sign_rep": 0.37747669219970703, "percent_hidden_x_standard_sign_rep": 0.12801817059516907, "percent_hidden_y_standard_sign_rep": 0.12804287672042847, "percent_hidden_xy_standard_sign_rep": 0.02874450944364071, "total_percent_hidden_standard_sign_rep": 0.284805566072464, "hidden_excluded_loss_standard_sign_rep": 0.0721412469402759, "hidden_restricted_loss_standard_sign_rep": 0.08068320669605637, "logit_s5_5d_a_rep_trace_similarity": 4.2018655221909285e-09, "logit_excluded_loss_s5_5d_a_rep": 1.6938260238704842e-06, "logit_restricted_loss_s5_5d_a_rep": 4.787491596992035, "percent_x_embed_s5_5d_a_rep": 6.820233267035292e-08, "percent_y_embed_s5_5d_a_rep": 4.197484315682232e-08, "percent_unembed_s5_5d_a_rep": 0.0011369971325621009, "percent_hidden_x_s5_5d_a_rep": 3.3010657318754966e-08, "percent_hidden_y_s5_5d_a_rep": 2.042265734303328e-08, "percent_hidden_xy_s5_5d_a_rep": 3.422635785899075e-11, "total_percent_hidden_s5_5d_a_rep": 5.346754150536981e-08, "hidden_excluded_loss_s5_5d_a_rep": 1.6938262230723046e-06, "hidden_restricted_loss_s5_5d_a_rep": 4.787491510656873, "logit_s5_5d_b_rep_trace_similarity": 0.001467223046347499, "logit_excluded_loss_s5_5d_b_rep": 1.7921149411809858e-06, "logit_restricted_loss_s5_5d_b_rep": 4.7366362514116656, "percent_x_embed_s5_5d_b_rep": 5.7281976495460185e-08, "percent_y_embed_s5_5d_b_rep": 4.241245221692225e-08, "percent_unembed_s5_5d_b_rep": 0.005002664402127266, "percent_hidden_x_s5_5d_b_rep": 0.00035004335222765803, "percent_hidden_y_s5_5d_b_rep": 0.00034998313640244305, "percent_hidden_xy_s5_5d_b_rep": 0.00010353371180826798, "total_percent_hidden_s5_5d_b_rep": 0.0008035602513700724, "hidden_excluded_loss_s5_5d_b_rep": 1.7936885539358481e-06, "hidden_restricted_loss_s5_5d_b_rep": 4.737499705886983, "logit_s5_6d_rep_trace_similarity": -9.757568477652967e-06, "logit_excluded_loss_s5_6d_rep": 1.6931229698225816e-06, "logit_restricted_loss_s5_6d_rep": 4.787898009227328, "percent_x_embed_s5_6d_rep": 6.790722295590967e-08, "percent_y_embed_s5_6d_rep": 3.396560543933447e-08, "percent_unembed_s5_6d_rep": 0.0018216872122138739, "percent_hidden_x_s5_6d_rep": 3.431406270237858e-08, "percent_hidden_y_s5_6d_rep": 1.995038978463981e-08, "percent_hidden_xy_s5_6d_rep": 1.0019753062806558e-06, "total_percent_hidden_s5_6d_rep": 1.056239739227749e-06, "hidden_excluded_loss_s5_6d_rep": 1.6931170368549945e-06, "hidden_restricted_loss_s5_6d_rep": 4.787914628175773, "percent_logits_explained": 0.4726869463920593, "total_logit_excluded_loss": 12.326934757373559, "total_logit_restricted_loss": 2.5699550572471746e-07, "total_hidden_excluded_loss": 12.312048956331648, "total_hidden_restricted_loss": 2.8590498388140227e-07, "test_loss_restricted_loss_ratio": 11.66704181695875, "sum_of_squared_weights": 5210.341796875, "percent_hidden_explained": 0.8615525960922241, "percent_hidden_xy_explained": 0.10845465958118439, "percent_x_embed_explained": 0.9999998211860657, "percent_y_embed_explained": 0.9999998211860657, "percent_unembed_explained": 0.953382134437561, "epoch": 250000.0}