{"train_loss": 1.827712682596661e-05, "test_loss": 9.092279329496472e-05, "train_acc": 1.0, "test_acc": 1.0, "all_loss": 7.27613766777152e-05, "logit_trivial_rep_trace_similarity": -2.9998886930115987e-08, "logit_excluded_loss_trivial_rep": 1.8277126801736376e-05, "logit_restricted_loss_trivial_rep": 6.579251212010101, "percent_x_embed_trivial_rep": 0.005958459805697203, "percent_y_embed_trivial_rep": 0.002207881072536111, "percent_unembed_trivial_rep": 0.02405453659594059, "percent_hidden_trivial_rep": 0.3236507177352905, "embed_excluded_loss_trivial_rep": 0.00026029110915893846, "embed_restricted_loss_trivial_rep": 7.051187561087447, "logit_sign_rep_trace_similarity": 0.3825211524963379, "logit_excluded_loss_sign_rep": 0.0004845343119816597, "logit_restricted_loss_sign_rep": 5.888728094516882, "percent_x_embed_sign_rep": 0.04204344004392624, "percent_y_embed_sign_rep": 0.038581591099500656, "percent_unembed_sign_rep": 0.036323465406894684, "percent_hidden_sign_rep": 0.009641152806580067, "embed_excluded_loss_sign_rep": 0.24482807503768575, "embed_restricted_loss_sign_rep": 6.476400476417581, "logit_standard_rep_trace_similarity": 0.03315288573503494, "logit_excluded_loss_standard_rep": 6.840302045013973e-05, "logit_restricted_loss_standard_rep": 5.328024428085046, "percent_x_embed_standard_rep": 0.03187892958521843, "percent_y_embed_standard_rep": 0.029557038098573685, "percent_unembed_standard_rep": 0.03635057806968689, "percent_hidden_standard_rep": 0.0019254336366429925, "embed_excluded_loss_standard_rep": 0.001614943468751925, "embed_restricted_loss_standard_rep": 6.393317865349056, "logit_standard_sign_rep_trace_similarity": 0.12446492910385132, "logit_excluded_loss_standard_sign_rep": 0.0031450480972057336, "logit_restricted_loss_standard_sign_rep": 2.2764743675303913, "percent_x_embed_standard_sign_rep": 0.16586323082447052, "percent_y_embed_standard_sign_rep": 0.16146297752857208, "percent_unembed_standard_sign_rep": 0.20197705924510956, "percent_hidden_standard_sign_rep": 0.0046333204954862595, "embed_excluded_loss_standard_sign_rep": 0.1786452695992075, "embed_restricted_loss_standard_sign_rep": 5.623838421754443, "logit_s6_5d_a_rep_trace_similarity": 0.09950299561023712, "logit_excluded_loss_s6_5d_a_rep": 0.0008349212971851972, "logit_restricted_loss_s6_5d_a_rep": 3.035945076479945, "percent_x_embed_s6_5d_a_rep": 0.09618820250034332, "percent_y_embed_s6_5d_a_rep": 0.13119778037071228, "percent_unembed_s6_5d_a_rep": 0.15378500521183014, "percent_hidden_s6_5d_a_rep": 0.00403436366468668, "embed_excluded_loss_s6_5d_a_rep": 0.09456921793911624, "embed_restricted_loss_s6_5d_a_rep": 6.375129815456192, "logit_s6_5d_b_rep_trace_similarity": 0.48673513531684875, "logit_excluded_loss_s6_5d_b_rep": 5.253920278991563, "logit_restricted_loss_s6_5d_b_rep": 0.008288357509002506, "percent_x_embed_s6_5d_b_rep": 0.6536014080047607, "percent_y_embed_s6_5d_b_rep": 0.6333789825439453, "percent_unembed_s6_5d_b_rep": 0.5158131122589111, "percent_hidden_s6_5d_b_rep": 0.030645642429590225, "embed_excluded_loss_s6_5d_b_rep": 3.7592138656506258, "embed_restricted_loss_s6_5d_b_rep": 4.133865662145565, "percent_logits_explained": 0.40972501039505005, "total_logit_excluded_loss": 17.532656196125615, "total_logit_restricted_loss": 3.458537760060863e-08, "total_embed_restricted_loss": 0.0005596996454975762, "total_embed_excluded_loss": 7.36889257927802, "test_loss_restricted_loss_ratio": 0.1624492601100968, "sum_of_squared_weights": 38949.9375, "epoch": 100000.0}