{"train_loss": 1.827712682596661e-05, "test_loss": 9.092279329496472e-05, "train_acc": 1.0, "test_acc": 1.0, "all_loss": 7.27613766777152e-05, "percent_x_embed_trivial_rep": 0.005958459805697203, "percent_y_embed_trivial_rep": 0.002207881072536111, "percent_unembed_trivial_rep": 0.02405453659594059, "percent_hidden_x_trivial_rep": 3.9150784393940374e-14, "percent_hidden_y_trivial_rep": 3.9150784393940374e-14, "percent_hidden_xy_trivial_rep": 3.9150784393940374e-14, "total_percent_hidden_trivial_rep": 1.1745235318182112e-13, "hidden_excluded_loss_trivial_rep": 4.0229955355193315e-05, "hidden_restricted_loss_trivial_rep": 7.05326870857016, "logit_sign_rep_trace_similarity": 0.3825211524963379, "logit_excluded_loss_sign_rep": 0.0004845343119816597, "logit_restricted_loss_sign_rep": 5.888728094516882, "percent_x_embed_sign_rep": 0.04204344004392624, "percent_y_embed_sign_rep": 0.038581591099500656, "percent_unembed_sign_rep": 0.036323465406894684, "percent_hidden_x_sign_rep": 0.014543415047228336, "percent_hidden_y_sign_rep": 0.01439483929425478, "percent_hidden_xy_sign_rep": 0.014254697598516941, "total_percent_hidden_sign_rep": 0.04319295287132263, "hidden_excluded_loss_sign_rep": 0.0009323507471761517, "hidden_restricted_loss_sign_rep": 6.036803645662002, "logit_standard_rep_trace_similarity": 0.03315288573503494, "logit_excluded_loss_standard_rep": 6.840302045013973e-05, "logit_restricted_loss_standard_rep": 5.328024428085046, "percent_x_embed_standard_rep": 0.03187892958521843, "percent_y_embed_standard_rep": 0.029557038098573685, "percent_unembed_standard_rep": 0.03635057806968689, "percent_hidden_x_standard_rep": 0.012517993338406086, "percent_hidden_y_standard_rep": 0.01252825278788805, "percent_hidden_xy_standard_rep": 0.002846803516149521, "total_percent_hidden_standard_rep": 0.027893049642443657, "hidden_excluded_loss_standard_rep": 0.0006947321925655952, "hidden_restricted_loss_standard_rep": 5.865457706968358, "logit_standard_sign_rep_trace_similarity": 0.12446492910385132, "logit_excluded_loss_standard_sign_rep": 0.0031450480972057336, "logit_restricted_loss_standard_sign_rep": 2.2764743675303913, "percent_x_embed_standard_sign_rep": 0.16586323082447052, "percent_y_embed_standard_sign_rep": 0.16146297752857208, "percent_unembed_standard_sign_rep": 0.20197705924510956, "percent_hidden_x_standard_sign_rep": 0.059131354093551636, "percent_hidden_y_standard_sign_rep": 0.06326330453157425, "percent_hidden_xy_standard_sign_rep": 0.0068504842929542065, "total_percent_hidden_standard_sign_rep": 0.12924514710903168, "hidden_excluded_loss_standard_sign_rep": 0.015616614109990736, "hidden_restricted_loss_standard_sign_rep": 4.276595479652103, "logit_s6_5d_a_rep_trace_similarity": 0.09950299561023712, "logit_excluded_loss_s6_5d_a_rep": 0.0008349212971851972, "logit_restricted_loss_s6_5d_a_rep": 3.035945076479945, "percent_x_embed_s6_5d_a_rep": 0.09618820250034332, "percent_y_embed_s6_5d_a_rep": 0.13119778037071228, "percent_unembed_s6_5d_a_rep": 0.15378500521183014, "percent_hidden_x_s6_5d_a_rep": 0.033957093954086304, "percent_hidden_y_s6_5d_a_rep": 0.05065111070871353, "percent_hidden_xy_s6_5d_a_rep": 0.005964910611510277, "total_percent_hidden_s6_5d_a_rep": 0.09057311713695526, "hidden_excluded_loss_s6_5d_a_rep": 0.0019485106449495452, "hidden_restricted_loss_s6_5d_a_rep": 4.822188309606567, "logit_s6_5d_b_rep_trace_similarity": 0.48673513531684875, "logit_excluded_loss_s6_5d_b_rep": 5.253920278991563, "logit_restricted_loss_s6_5d_b_rep": 0.008288357509002506, "percent_x_embed_s6_5d_b_rep": 0.6536014080047607, "percent_y_embed_s6_5d_b_rep": 0.6333789825439453, "percent_unembed_s6_5d_b_rep": 0.5158131122589111, "percent_hidden_x_s6_5d_b_rep": 0.22388356924057007, "percent_hidden_y_s6_5d_b_rep": 0.2813637852668762, "percent_hidden_xy_s6_5d_b_rep": 0.045310378074645996, "total_percent_hidden_s6_5d_b_rep": 0.5505577325820923, "hidden_excluded_loss_s6_5d_b_rep": 3.877450999491586, "hidden_restricted_loss_s6_5d_b_rep": 1.1654452574817913, "percent_logits_explained": 0.40972501039505005, "total_logit_excluded_loss": 17.532656196125615, "total_logit_restricted_loss": 3.458537760060863e-08, "total_hidden_excluded_loss": 10.857840090755198, "total_hidden_restricted_loss": 6.866058243393075e-06, "test_loss_restricted_loss_ratio": 13.242356832969772, "sum_of_squared_weights": 38949.9375, "percent_hidden_explained": 0.8414620161056519, "percent_hidden_xy_explained": 0.0752272754907608, "percent_x_embed_explained": 0.989575207233429, "percent_y_embed_explained": 0.9941783547401428, "percent_unembed_explained": 0.9442492127418518, "epoch": 100000.0}