{"train_loss": 1.600777574638546e-06, "test_loss": 3.1933071462408304e-06, "train_acc": 1.0, "test_acc": 1.0, "all_loss": 2.556295266384846e-06, "percent_x_embed_trivial_rep": 8.322801892113318e-10, "percent_y_embed_trivial_rep": 1.467168053714829e-09, "percent_unembed_trivial_rep": 0.05450792983174324, "percent_hidden_x_trivial_rep": 2.8975862101420294e-15, "percent_hidden_y_trivial_rep": 2.8975862101420294e-15, "percent_hidden_xy_trivial_rep": 2.8975862101420294e-15, "total_percent_hidden_trivial_rep": 8.692758630426088e-15, "hidden_excluded_loss_trivial_rep": 1.6303111557153598e-06, "hidden_restricted_loss_trivial_rep": 4.798479086114251, "logit_sign_rep_trace_similarity": 0.3300520181655884, "logit_excluded_loss_sign_rep": 1.5897499896486453e-05, "logit_restricted_loss_sign_rep": 4.123110439972014, "percent_x_embed_sign_rep": 0.029378371313214302, "percent_y_embed_sign_rep": 0.02938265912234783, "percent_unembed_sign_rep": 0.05338006466627121, "percent_hidden_x_sign_rep": 0.010701335966587067, "percent_hidden_y_sign_rep": 0.010702929459512234, "percent_hidden_xy_sign_rep": 0.010700627230107784, "total_percent_hidden_sign_rep": 0.032104894518852234, "hidden_excluded_loss_sign_rep": 1.5964868885844427e-05, "hidden_restricted_loss_sign_rep": 4.1236564573613546, "logit_standard_rep_trace_similarity": 0.576047420501709, "logit_excluded_loss_standard_rep": 0.20778708642212126, "logit_restricted_loss_standard_rep": 0.022811303058284226, "percent_x_embed_standard_rep": 0.5373126864433289, "percent_y_embed_standard_rep": 0.5373257398605347, "percent_unembed_standard_rep": 0.44962799549102783, "percent_hidden_x_standard_rep": 0.21346114575862885, "percent_hidden_y_standard_rep": 0.21299917995929718, "percent_hidden_xy_standard_rep": 0.06177335977554321, "total_percent_hidden_standard_rep": 0.48823368549346924, "hidden_excluded_loss_standard_rep": 0.20822237763915896, "hidden_restricted_loss_standard_rep": 0.02443027449997465, "logit_standard_sign_rep_trace_similarity": 8.731149137020111e-10, "logit_excluded_loss_standard_sign_rep": 1.6007773909534649e-06, "logit_restricted_loss_standard_sign_rep": 4.787491724083678, "percent_x_embed_standard_sign_rep": 1.0184653120859366e-09, "percent_y_embed_standard_sign_rep": 1.0274419093292408e-09, "percent_unembed_standard_sign_rep": 0.0008014775812625885, "percent_hidden_x_standard_sign_rep": 5.684298587382841e-10, "percent_hidden_y_standard_sign_rep": 6.293179866112553e-10, "percent_hidden_xy_standard_sign_rep": 4.253054885269142e-13, "total_percent_hidden_standard_sign_rep": 1.1981732273014245e-09, "hidden_excluded_loss_standard_sign_rep": 1.6007772909218778e-06, "hidden_restricted_loss_standard_sign_rep": 4.787491726845971, "logit_s5_5d_a_rep_trace_similarity": 0.36447596549987793, "logit_excluded_loss_s5_5d_a_rep": 0.07872860706742936, "logit_restricted_loss_s5_5d_a_rep": 0.019937458976123583, "percent_x_embed_s5_5d_a_rep": 0.4333089590072632, "percent_y_embed_s5_5d_a_rep": 0.43329161405563354, "percent_unembed_s5_5d_a_rep": 0.4382047653198242, "percent_hidden_x_s5_5d_a_rep": 0.159137561917305, "percent_hidden_y_s5_5d_a_rep": 0.18855023384094238, "percent_hidden_xy_s5_5d_a_rep": 0.03982784226536751, "total_percent_hidden_s5_5d_a_rep": 0.3875156342983246, "hidden_excluded_loss_s5_5d_a_rep": 0.07886224039160415, "hidden_restricted_loss_s5_5d_a_rep": 0.021100769143724035, "logit_s5_5d_b_rep_trace_similarity": -2.663000486791134e-09, "logit_excluded_loss_s5_5d_b_rep": 1.6007773909532722e-06, "logit_restricted_loss_s5_5d_b_rep": 4.787491814069577, "percent_x_embed_s5_5d_b_rep": 1.7528859475035574e-09, "percent_y_embed_s5_5d_b_rep": 1.7599756096942087e-09, "percent_unembed_s5_5d_b_rep": 0.0010886169038712978, "percent_hidden_x_s5_5d_b_rep": 1.0238271341833638e-09, "percent_hidden_y_s5_5d_b_rep": 1.078913736130005e-09, "percent_hidden_xy_s5_5d_b_rep": 7.921214682446442e-13, "total_percent_hidden_s5_5d_b_rep": 2.1035329034191363e-09, "hidden_excluded_loss_s5_5d_b_rep": 1.6007775077095705e-06, "hidden_restricted_loss_s5_5d_b_rep": 4.787491740700039, "logit_s5_6d_rep_trace_similarity": 9.10949893295765e-09, "logit_excluded_loss_s5_6d_rep": 1.600777390969887e-06, "logit_restricted_loss_s5_6d_rep": 4.787491450152583, "percent_x_embed_s5_6d_rep": 2.207754423722008e-09, "percent_y_embed_s5_6d_rep": 2.0642552112093426e-09, "percent_unembed_s5_6d_rep": 0.0023891651071608067, "percent_hidden_x_s5_6d_rep": 1.2230649826250328e-09, "percent_hidden_y_s5_6d_rep": 1.2326956122521437e-09, "percent_hidden_xy_s5_6d_rep": 9.399742269267097e-13, "total_percent_hidden_s5_6d_rep": 2.4567003986675218e-09, "hidden_excluded_loss_s5_6d_rep": 1.6007777262957679e-06, "hidden_restricted_loss_s5_6d_rep": 4.787491647755384, "percent_logits_explained": 0.5736076831817627, "total_logit_excluded_loss": 8.529782160841421, "total_logit_restricted_loss": 4.9474502086968054e-08, "total_hidden_excluded_loss": 8.523255223877417, "total_hidden_restricted_loss": 5.601723368248854e-08, "test_loss_restricted_loss_ratio": 57.005798685826306, "sum_of_squared_weights": 5021.0390625, "percent_hidden_explained": 0.9078541994094849, "percent_hidden_xy_explained": 0.11230182647705078, "percent_x_embed_explained": 1.0, "percent_y_embed_explained": 1.0, "percent_unembed_explained": 0.9412128329277039, "epoch": 250000.0}