{"train_loss": 2.5957994701280287e-07, "test_loss": 16.25182680957408, "train_acc": 1.0, "test_acc": 0.10557635128498077, "all_loss": 11.376497171909543, "logit_trivial_rep_trace_similarity": 1.3096723705530167e-10, "logit_excluded_loss_trivial_rep": 2.5957994538896866e-07, "logit_restricted_loss_trivial_rep": 4.804021044733257, "logit_sign_rep_trace_similarity": 0.4514477252960205, "logit_excluded_loss_sign_rep": 0.22357403400540854, "logit_restricted_loss_sign_rep": 4.1108738934394635, "logit_freq_1_rep_trace_similarity": 0.002264933194965124, "logit_excluded_loss_freq_1_rep": 2.880529360040721e-07, "logit_restricted_loss_freq_1_rep": 4.717937981507602, "logit_freq_2_rep_trace_similarity": 0.07669828087091446, "logit_excluded_loss_freq_2_rep": 1.954643542322578e-05, "logit_restricted_loss_freq_2_rep": 2.900112295987323, "logit_freq_3_rep_trace_similarity": 0.0012757538352161646, "logit_excluded_loss_freq_3_rep": 2.7450158318936274e-07, "logit_restricted_loss_freq_3_rep": 4.7553007084597345, "logit_freq_4_rep_trace_similarity": 0.10434553772211075, "logit_excluded_loss_freq_4_rep": 9.13501883511488e-05, "logit_restricted_loss_freq_4_rep": 2.618676881171911, "logit_freq_5_rep_trace_similarity": 0.001404539099894464, "logit_excluded_loss_freq_5_rep": 2.7680109556556114e-07, "logit_restricted_loss_freq_5_rep": 4.750415851333898, "logit_freq_6_rep_trace_similarity": 0.016459200531244278, "logit_excluded_loss_freq_6_rep": 5.074041511915096e-07, "logit_restricted_loss_freq_6_rep": 4.221569129506, "logit_freq_7_rep_trace_similarity": 0.0035535935312509537, "logit_excluded_loss_freq_7_rep": 3.006122793091311e-07, "logit_restricted_loss_freq_7_rep": 4.669805169796334, "logit_freq_8_rep_trace_similarity": 0.003254435956478119, "logit_excluded_loss_freq_8_rep": 2.9692304500413227e-07, "logit_restricted_loss_freq_8_rep": 4.680924381508567, "logit_freq_9_rep_trace_similarity": 0.0012614669976755977, "logit_excluded_loss_freq_9_rep": 2.7396874348269703e-07, "logit_restricted_loss_freq_9_rep": 4.755842984866969, "logit_freq_10_rep_trace_similarity": 0.09063933044672012, "logit_excluded_loss_freq_10_rep": 5.199900921987665e-05, "logit_restricted_loss_freq_10_rep": 2.740983054945887, "logit_freq_11_rep_trace_similarity": 0.0018458515405654907, "logit_excluded_loss_freq_11_rep": 2.80190436635186e-07, "logit_restricted_loss_freq_11_rep": 4.733723202841101, "logit_freq_12_rep_trace_similarity": 0.003969984129071236, "logit_excluded_loss_freq_12_rep": 3.089398420653243e-07, "logit_restricted_loss_freq_12_rep": 4.654383596569135, "logit_freq_13_rep_trace_similarity": 0.03216277435421944, "logit_excluded_loss_freq_13_rep": 1.1416787657999912e-06, "logit_restricted_loss_freq_13_rep": 3.758734099584132, "logit_freq_14_rep_trace_similarity": 0.0016109049320220947, "logit_excluded_loss_freq_14_rep": 2.7605266070876546e-07, "logit_restricted_loss_freq_14_rep": 4.742601113808426, "logit_freq_15_rep_trace_similarity": 0.0014953267527744174, "logit_excluded_loss_freq_15_rep": 2.765035157196899e-07, "logit_restricted_loss_freq_15_rep": 4.746975933520413, "logit_freq_16_rep_trace_similarity": 0.0013839669991284609, "logit_excluded_loss_freq_16_rep": 2.749434179145284e-07, "logit_restricted_loss_freq_16_rep": 4.751195744553197, "logit_freq_17_rep_trace_similarity": 0.0699792355298996, "logit_excluded_loss_freq_17_rep": 1.1266747468747225e-05, "logit_restricted_loss_freq_17_rep": 2.9923084956268475, "logit_freq_18_rep_trace_similarity": 0.043462783098220825, "logit_excluded_loss_freq_18_rep": 2.0987112815946265e-06, "logit_restricted_loss_freq_18_rep": 3.480621741362305, "logit_freq_19_rep_trace_similarity": 0.0011882766848430037, "logit_excluded_loss_freq_19_rep": 2.7308832991511575e-07, "logit_restricted_loss_freq_19_rep": 4.7586222271309575, "logit_freq_20_rep_trace_similarity": 0.002948130015283823, "logit_excluded_loss_freq_20_rep": 2.886524051854826e-07, "logit_restricted_loss_freq_20_rep": 4.692343527386669, "logit_freq_21_rep_trace_similarity": 0.0019341610604897141, "logit_excluded_loss_freq_21_rep": 2.824631520797487e-07, "logit_restricted_loss_freq_21_rep": 4.7303915326860775, "logit_freq_22_rep_trace_similarity": 0.0021185099612921476, "logit_excluded_loss_freq_22_rep": 2.8214569751415485e-07, "logit_restricted_loss_freq_22_rep": 4.723445823475624, "logit_freq_23_rep_trace_similarity": 0.0015662222867831588, "logit_excluded_loss_freq_23_rep": 2.778238448458593e-07, "logit_restricted_loss_freq_23_rep": 4.744291843677341, "logit_freq_24_rep_trace_similarity": 0.1769028604030609, "logit_excluded_loss_freq_24_rep": 0.012828508723147213, "logit_restricted_loss_freq_24_rep": 2.26080943959759, "logit_freq_25_rep_trace_similarity": 0.0011164930183440447, "logit_excluded_loss_freq_25_rep": 2.730059372459745e-07, "logit_restricted_loss_freq_25_rep": 4.76134997606499, "logit_freq_26_rep_trace_similarity": 0.0008936217054724693, "logit_excluded_loss_freq_26_rep": 2.6890155188372127e-07, "logit_restricted_loss_freq_26_rep": 4.76983109954321, "logit_freq_27_rep_trace_similarity": 0.001914250897243619, "logit_excluded_loss_freq_27_rep": 2.8061636949096723e-07, "logit_restricted_loss_freq_27_rep": 4.73114243202098, "logit_freq_28_rep_trace_similarity": 0.013849930837750435, "logit_excluded_loss_freq_28_rep": 4.618762995262682e-07, "logit_restricted_loss_freq_28_rep": 4.30723864629323, "logit_freq_29_rep_trace_similarity": 0.001304643228650093, "logit_excluded_loss_freq_29_rep": 2.7519747088639717e-07, "logit_restricted_loss_freq_29_rep": 4.754204397382502, "logit_freq_30_rep_trace_similarity": 0.0008956760284490883, "logit_excluded_loss_freq_30_rep": 2.6912800990040333e-07, "logit_restricted_loss_freq_30_rep": 4.769752842611859, "percent_logits_explained": 0.2684575021266937, "total_logit_excluded_loss": 18.146930206197187, "total_logit_restricted_loss": 1.4025501716228259e-05, "epoch": 50000.0}