{"train_loss": 1.1941537688440878e-07, "test_loss": 9.562067624033642e-06, "train_acc": 1.0, "test_acc": 1.0, "all_loss": 6.729449832993983e-06, "percent_x_embed_trivial_rep": 4.2052604840137064e-05, "percent_y_embed_trivial_rep": 4.2052604840137064e-05, "percent_unembed_trivial_rep": 2.4650877094245516e-05, "percent_hidden_trivial_rep": 0.32806718349456787, "hidden_excluded_loss_trivial_rep": 3.3311181932656293, "hidden_restricted_loss_trivial_rep": 16.485011406642794, "logit_sign_rep_trace_similarity": 0.23696869611740112, "logit_excluded_loss_sign_rep": 0.04020461930505848, "logit_restricted_loss_sign_rep": 4.110874150226169, "percent_x_embed_sign_rep": 0.09137295931577682, "percent_y_embed_sign_rep": 0.09137295931577682, "percent_unembed_sign_rep": 0.09303222596645355, "percent_hidden_sign_rep": 0.009125870652496815, "hidden_excluded_loss_sign_rep": 0.20441722123150982, "hidden_restricted_loss_sign_rep": 4.638195942312568, "logit_freq_1_rep_trace_similarity": -2.5093126168940216e-05, "logit_excluded_loss_freq_1_rep": 1.1917860674214513e-07, "logit_restricted_loss_freq_1_rep": 4.805616849695327, "percent_x_embed_freq_1_rep": 0.0005433427286334336, "percent_y_embed_freq_1_rep": 0.0005433427286334336, "percent_unembed_freq_1_rep": 0.011179447174072266, "percent_hidden_freq_1_rep": 1.3053616498837073e-07, "hidden_excluded_loss_freq_1_rep": 8.669117800529137e-07, "hidden_restricted_loss_freq_1_rep": 4.805725122865167, "logit_freq_2_rep_trace_similarity": 8.029361924855039e-05, "logit_excluded_loss_freq_2_rep": 1.2021305525192976e-07, "logit_restricted_loss_freq_2_rep": 4.79891902426974, "percent_x_embed_freq_2_rep": 0.0002293257275596261, "percent_y_embed_freq_2_rep": 0.0002293257275596261, "percent_unembed_freq_2_rep": 0.00021800247486680746, "percent_hidden_freq_2_rep": 2.9175427698646672e-05, "hidden_excluded_loss_freq_2_rep": 9.83159536429547e-07, "hidden_restricted_loss_freq_2_rep": 4.811502399092278, "logit_freq_3_rep_trace_similarity": -9.515535566606559e-06, "logit_excluded_loss_freq_3_rep": 1.1931851229440527e-07, "logit_restricted_loss_freq_3_rep": 4.804626113195435, "percent_x_embed_freq_3_rep": 9.993241837946698e-05, "percent_y_embed_freq_3_rep": 9.993241837946698e-05, "percent_unembed_freq_3_rep": 0.00043451960664242506, "percent_hidden_freq_3_rep": 2.2270779709288036e-07, "hidden_excluded_loss_freq_3_rep": 8.680430837551574e-07, "hidden_restricted_loss_freq_3_rep": 4.805365114237449, "logit_freq_4_rep_trace_similarity": 0.34327542781829834, "logit_excluded_loss_freq_4_rep": 6.530619856813444, "logit_restricted_loss_freq_4_rep": 1.6562403807083501, "percent_x_embed_freq_4_rep": 0.34205031394958496, "percent_y_embed_freq_4_rep": 0.34205031394958496, "percent_unembed_freq_4_rep": 0.26341354846954346, "percent_hidden_freq_4_rep": 0.02451496757566929, "hidden_excluded_loss_freq_4_rep": 5.081408130764079, "hidden_restricted_loss_freq_4_rep": 5.3222153211214955, "logit_freq_5_rep_trace_similarity": -1.5170735423453152e-07, "logit_excluded_loss_freq_5_rep": 1.194143836724791e-07, "logit_restricted_loss_freq_5_rep": 4.804030690695631, "percent_x_embed_freq_5_rep": 0.00017567683244124055, "percent_y_embed_freq_5_rep": 0.00017567683244124055, "percent_unembed_freq_5_rep": 0.00016887421952560544, "percent_hidden_freq_5_rep": 2.2933983245820855e-07, "hidden_excluded_loss_freq_5_rep": 8.711906079200913e-07, "hidden_restricted_loss_freq_5_rep": 4.804064018201557, "logit_freq_6_rep_trace_similarity": 4.9779118853621185e-06, "logit_excluded_loss_freq_6_rep": 1.1946249913502886e-07, "logit_restricted_loss_freq_6_rep": 4.803704548588612, "percent_x_embed_freq_6_rep": 0.0001334167318418622, "percent_y_embed_freq_6_rep": 0.0001334167318418622, "percent_unembed_freq_6_rep": 0.00047150845057331026, "percent_hidden_freq_6_rep": 2.0497199670899136e-07, "hidden_excluded_loss_freq_6_rep": 8.732064805697798e-07, "hidden_restricted_loss_freq_6_rep": 4.803775399214965, "logit_freq_7_rep_trace_similarity": -0.00045849697198718786, "logit_excluded_loss_freq_7_rep": 1.1514281530064131e-07, "logit_restricted_loss_freq_7_rep": 4.833279713896179, "percent_x_embed_freq_7_rep": 0.002514937426894903, "percent_y_embed_freq_7_rep": 0.002514937426894903, "percent_unembed_freq_7_rep": 0.007186105474829674, "percent_hidden_freq_7_rep": 3.112467675236985e-05, "hidden_excluded_loss_freq_7_rep": 7.573426081885423e-07, "hidden_restricted_loss_freq_7_rep": 4.967905943024664, "logit_freq_8_rep_trace_similarity": 8.354251622222364e-05, "logit_excluded_loss_freq_8_rep": 1.199119711478135e-07, "logit_restricted_loss_freq_8_rep": 4.798712719877639, "percent_x_embed_freq_8_rep": 0.00020963128190487623, "percent_y_embed_freq_8_rep": 0.00020963128190487623, "percent_unembed_freq_8_rep": 0.00011886828724527732, "percent_hidden_freq_8_rep": 0.0009126288932748139, "hidden_excluded_loss_freq_8_rep": 8.604643363045724e-07, "hidden_restricted_loss_freq_8_rep": 4.802202040356953, "logit_freq_9_rep_trace_similarity": 9.810919436858967e-07, "logit_excluded_loss_freq_9_rep": 1.1942072783255843e-07, "logit_restricted_loss_freq_9_rep": 4.803958664826291, "percent_x_embed_freq_9_rep": 0.00017614728130865842, "percent_y_embed_freq_9_rep": 0.00017614728130865842, "percent_unembed_freq_9_rep": 4.8129732022061944e-05, "percent_hidden_freq_9_rep": 3.984556315117516e-06, "hidden_excluded_loss_freq_9_rep": 8.586407615389906e-07, "hidden_restricted_loss_freq_9_rep": 4.804652065218421, "logit_freq_10_rep_trace_similarity": -6.0038182709831744e-06, "logit_excluded_loss_freq_10_rep": 1.1936104990417167e-07, "logit_restricted_loss_freq_10_rep": 4.804402801448095, "percent_x_embed_freq_10_rep": 0.0002954107476398349, "percent_y_embed_freq_10_rep": 0.0002954107476398349, "percent_unembed_freq_10_rep": 0.00426810048520565, "percent_hidden_freq_10_rep": 5.636886157844856e-08, "hidden_excluded_loss_freq_10_rep": 8.761622973964636e-07, "hidden_restricted_loss_freq_10_rep": 4.804551980969153, "logit_freq_11_rep_trace_similarity": 0.0009440385620109737, "logit_excluded_loss_freq_11_rep": 1.276688720299271e-07, "logit_restricted_loss_freq_11_rep": 4.744446971358578, "percent_x_embed_freq_11_rep": 0.000614887394476682, "percent_y_embed_freq_11_rep": 0.000614887394476682, "percent_unembed_freq_11_rep": 0.0017100857803598046, "percent_hidden_freq_11_rep": 0.00027147220680490136, "hidden_excluded_loss_freq_11_rep": 9.787215064670314e-07, "hidden_restricted_loss_freq_11_rep": 4.818698170851381, "logit_freq_12_rep_trace_similarity": 1.7727859813021496e-05, "logit_excluded_loss_freq_12_rep": 1.1955778512133538e-07, "logit_restricted_loss_freq_12_rep": 4.802894019765286, "percent_x_embed_freq_12_rep": 0.0008041581604629755, "percent_y_embed_freq_12_rep": 0.0008041581604629755, "percent_unembed_freq_12_rep": 0.002227441407740116, "percent_hidden_freq_12_rep": 0.0001568816660437733, "hidden_excluded_loss_freq_12_rep": 8.788433207920767e-07, "hidden_restricted_loss_freq_12_rep": 4.80497873100866, "logit_freq_13_rep_trace_similarity": 0.001478117424994707, "logit_excluded_loss_freq_13_rep": 1.278727492134293e-07, "logit_restricted_loss_freq_13_rep": 4.711142558093603, "percent_x_embed_freq_13_rep": 0.00022183021064847708, "percent_y_embed_freq_13_rep": 0.00022183021064847708, "percent_unembed_freq_13_rep": 0.0007112596649676561, "percent_hidden_freq_13_rep": 0.0014689018717035651, "hidden_excluded_loss_freq_13_rep": 2.0990810257577553e-06, "hidden_restricted_loss_freq_13_rep": 5.552108163665115, "logit_freq_14_rep_trace_similarity": -1.9406301362323575e-05, "logit_excluded_loss_freq_14_rep": 1.1924504939263463e-07, "logit_restricted_loss_freq_14_rep": 4.805255138499384, "percent_x_embed_freq_14_rep": 0.00018332136096432805, "percent_y_embed_freq_14_rep": 0.00018332136096432805, "percent_unembed_freq_14_rep": 0.0025367150083184242, "percent_hidden_freq_14_rep": 1.706529133116419e-06, "hidden_excluded_loss_freq_14_rep": 9.322738673174306e-07, "hidden_restricted_loss_freq_14_rep": 4.817232913947769,