{"train_loss": 1.7024126959326243e-06, "test_loss": 2.8732444710615194e-05, "train_acc": 1.0, "test_acc": 1.0, "all_loss": 2.062379831545545e-05, "percent_x_embed_trivial_rep": 5.2020768634974957e-05, "percent_y_embed_trivial_rep": 0.00011889672168763354, "percent_unembed_trivial_rep": 0.004674476571381092, "percent_hidden_trivial_rep": 0.3180316686630249, "hidden_excluded_loss_trivial_rep": 1.7329810188924262e-06, "hidden_restricted_loss_trivial_rep": 4.81368048035937, "logit_sign_rep_trace_similarity": 0.3825475871562958, "logit_excluded_loss_sign_rep": 4.5276182111874895e-05, "logit_restricted_loss_sign_rep": 4.1185565515297995, "percent_x_embed_sign_rep": 0.0580003596842289, "percent_y_embed_sign_rep": 0.057550910860300064, "percent_unembed_sign_rep": 0.05863707512617111, "percent_hidden_sign_rep": 0.014396331273019314, "hidden_excluded_loss_sign_rep": 4.585239974704978e-05, "hidden_restricted_loss_sign_rep": 4.121091504583309, "logit_freq_1_rep_trace_similarity": 6.075133569538593e-06, "logit_excluded_loss_freq_1_rep": 1.7025459119390277e-06, "logit_restricted_loss_freq_1_rep": 4.80394378666215, "percent_x_embed_freq_1_rep": 0.00023490282183047384, "percent_y_embed_freq_1_rep": 0.00015767119475640357, "percent_unembed_freq_1_rep": 0.0005679873283952475, "percent_hidden_freq_1_rep": 1.1269672484104376e-07, "hidden_excluded_loss_freq_1_rep": 1.7024714380197729e-06, "hidden_restricted_loss_freq_1_rep": 4.80394967369624, "logit_freq_2_rep_trace_similarity": 0.077120341360569, "logit_excluded_loss_freq_2_rep": 6.526108947558907e-06, "logit_restricted_loss_freq_2_rep": 3.9434090963974464, "percent_x_embed_freq_2_rep": 0.02871374785900116, "percent_y_embed_freq_2_rep": 0.03351348266005516, "percent_unembed_freq_2_rep": 0.053788892924785614, "percent_hidden_freq_2_rep": 0.002595258876681328, "hidden_excluded_loss_freq_2_rep": 6.481159761116035e-06, "hidden_restricted_loss_freq_2_rep": 4.053311705156069, "logit_freq_3_rep_trace_similarity": 0.017179114744067192, "logit_excluded_loss_freq_3_rep": 2.2131213659863613e-06, "logit_restricted_loss_freq_3_rep": 4.59151660652236, "percent_x_embed_freq_3_rep": 0.00019671436166390777, "percent_y_embed_freq_3_rep": 0.00013758557906839997, "percent_unembed_freq_3_rep": 0.01300780288875103, "percent_hidden_freq_3_rep": 0.0005642286268994212, "hidden_excluded_loss_freq_3_rep": 2.218815333635514e-06, "hidden_restricted_loss_freq_3_rep": 4.597979516940456, "logit_freq_4_rep_trace_similarity": 0.1343824565410614, "logit_excluded_loss_freq_4_rep": 1.8190164950590168e-05, "logit_restricted_loss_freq_4_rep": 3.457866242145104, "percent_x_embed_freq_4_rep": 0.05005241930484772, "percent_y_embed_freq_4_rep": 0.058694593608379364, "percent_unembed_freq_4_rep": 0.09600439667701721, "percent_hidden_freq_4_rep": 0.0043909670785069466, "hidden_excluded_loss_freq_4_rep": 1.8148061683642514e-05, "hidden_restricted_loss_freq_4_rep": 3.7181623792314604, "logit_freq_5_rep_trace_similarity": 6.083580228732899e-05, "logit_excluded_loss_freq_5_rep": 1.7036795570546573e-06, "logit_restricted_loss_freq_5_rep": 4.803247457205175, "percent_x_embed_freq_5_rep": 0.00016067666001617908, "percent_y_embed_freq_5_rep": 0.00020069480524398386, "percent_unembed_freq_5_rep": 0.0005887826555408537, "percent_hidden_freq_5_rep": 1.4824719983153045e-05, "hidden_excluded_loss_freq_5_rep": 1.7036558561686816e-06, "hidden_restricted_loss_freq_5_rep": 4.803561288141457, "logit_freq_6_rep_trace_similarity": -0.00010365134221501648, "logit_excluded_loss_freq_6_rep": 1.700313673565168e-06, "logit_restricted_loss_freq_6_rep": 4.805339418991946, "percent_x_embed_freq_6_rep": 0.00041219231206923723, "percent_y_embed_freq_6_rep": 0.0016134141478687525, "percent_unembed_freq_6_rep": 0.0005133692175149918, "percent_hidden_freq_6_rep": 2.8240248866495676e-05, "hidden_excluded_loss_freq_6_rep": 1.700850501711632e-06, "hidden_restricted_loss_freq_6_rep": 4.805899288210767, "logit_freq_7_rep_trace_similarity": 0.0668950006365776, "logit_excluded_loss_freq_7_rep": 5.5831121455982774e-06, "logit_restricted_loss_freq_7_rep": 4.043728427680762, "percent_x_embed_freq_7_rep": 0.022189680486917496, "percent_y_embed_freq_7_rep": 0.028228648006916046, "percent_unembed_freq_7_rep": 0.051141731441020966, "percent_hidden_freq_7_rep": 0.002053596079349518, "hidden_excluded_loss_freq_7_rep": 5.502812727432729e-06, "hidden_restricted_loss_freq_7_rep": 4.123749772702219, "logit_freq_8_rep_trace_similarity": 0.3482389450073242, "logit_excluded_loss_freq_8_rep": 0.00042284371366609893, "logit_restricted_loss_freq_8_rep": 2.5397406266913016, "percent_x_embed_freq_8_rep": 0.25846731662750244, "percent_y_embed_freq_8_rep": 0.24783629179000854, "percent_unembed_freq_8_rep": 0.15063703060150146, "percent_hidden_freq_8_rep": 0.018618687987327576, "hidden_excluded_loss_freq_8_rep": 0.0004255103735005246, "hidden_restricted_loss_freq_8_rep": 2.5487822744959203, "logit_freq_9_rep_trace_similarity": 0.2668303847312927, "logit_excluded_loss_freq_9_rep": 0.00017222791467013632, "logit_restricted_loss_freq_9_rep": 2.764860330266511, "percent_x_embed_freq_9_rep": 0.1511896252632141, "percent_y_embed_freq_9_rep": 0.15232281386852264, "percent_unembed_freq_9_rep": 0.133818581700325, "percent_hidden_freq_9_rep": 0.012347264215350151, "hidden_excluded_loss_freq_9_rep": 0.0001751129489179989, "hidden_restricted_loss_freq_9_rep": 2.7715984574254526, "logit_freq_10_rep_trace_similarity": 6.141150151961483e-06, "logit_excluded_loss_freq_10_rep": 1.702551174379112e-06, "logit_restricted_loss_freq_10_rep": 4.803942947134907, "percent_x_embed_freq_10_rep": 0.00015588401583954692, "percent_y_embed_freq_10_rep": 0.0002710323315113783, "percent_unembed_freq_10_rep": 0.0006049384246580303, "percent_hidden_freq_10_rep": 1.1383751825633226e-06, "hidden_excluded_loss_freq_10_rep": 1.7024315480216426e-06, "hidden_restricted_loss_freq_10_rep": 4.803989821645095, "logit_freq_11_rep_trace_similarity": 3.1197185307973996e-05, "logit_excluded_loss_freq_11_rep": 1.703248174384554e-06, "logit_restricted_loss_freq_11_rep": 4.80362432291517, "percent_x_embed_freq_11_rep": 0.0007099686772562563, "percent_y_embed_freq_11_rep": 0.00022402040485758334, "percent_unembed_freq_11_rep": 0.0010221066186204553, "percent_hidden_freq_11_rep": 1.477846581110498e-06, "hidden_excluded_loss_freq_11_rep": 1.703507719856884e-06, "hidden_restricted_loss_freq_11_rep": 4.803709208714788, "logit_freq_12_rep_trace_similarity": -5.7791265135165304e-05, "logit_excluded_loss_freq_12_rep": 1.7009633333177758e-06, "logit_restricted_loss_freq_12_rep": 4.804756056552625, "percent_x_embed_freq_12_rep": 0.000523376336786896, "percent_y_embed_freq_12_rep": 0.0028435576241463423, "percent_unembed_freq_12_rep": 0.0009061886230483651, "percent_hidden_freq_12_rep": 9.425505595572758e-06, "hidden_excluded_loss_freq_12_rep": 1.700907995964457e-06, "hidden_restricted_loss_freq_12_rep": 4.8052472849727765, "logit_freq_13_rep_trace_similarity": 7.75256339693442e-05, "logit_excluded_loss_freq_13_rep": 1.7042932416976342e-06, "logit_restricted_loss_freq_13_rep": 4.803035255589148, "percent_x_embed_freq_13_rep": 0.0001278812560485676, "percent_y_embed_freq_13_rep": 0.0001473230659030378, "percent_unembed_freq_13_rep": 0.000659415905829519, "percent_hidden_freq_13_rep": 5.137826519785449e-06, "hidden_excluded_loss_freq_13_rep": 1.7040609532630148e-06, "hidden_restricted_loss_freq_13_rep": 4.803145084351004, "logit_freq_14_rep_trace_similarity": 0.2472648322582245, "logit_excluded_loss_freq_14_rep": 8.971441034199187e-05, "logit_restricted_loss_freq_14_rep": 2.8367715082272396, "percent_x_embed_freq_14_rep": 0.1392538845539093, "percent_y_embed_freq_14_rep": 0.13954554498195648, "percent_unembed_freq_14_rep": 0.1264398694038391, "percent_hidden_freq_14_rep": 0.011221841908991337, "hidden_excluded_loss_freq_14_rep": 9.120702477653095e-05, "hidden_restricted_loss_freq_14_rep": 2.842287316772008, "logit_freq_15_rep_trace_similarity": 3.076835855608806e-05,