{"train_loss": 1.7093889045450982e-06, "test_loss": 3.3385651973779215e-06, "train_acc": 1.0, "test_acc": 1.0, "all_loss": 2.686894572610776e-06, "percent_x_embed_trivial_rep": 5.600654384707582e-10, "percent_y_embed_trivial_rep": 3.5525424268989525e-10, "percent_unembed_trivial_rep": 0.046440791338682175, "percent_hidden_x_trivial_rep": 2.9767100988438953e-15, "percent_hidden_y_trivial_rep": 2.9767100988438953e-15, "percent_hidden_xy_trivial_rep": 2.9767100988438953e-15, "total_percent_hidden_trivial_rep": 8.930130296531686e-15, "hidden_excluded_loss_trivial_rep": 1.7359106193355096e-06, "hidden_restricted_loss_trivial_rep": 4.797329829323009, "logit_sign_rep_trace_similarity": 0.2200186401605606, "logit_excluded_loss_sign_rep": 8.580097718734833e-06, "logit_restricted_loss_sign_rep": 4.143192978230336, "percent_x_embed_sign_rep": 0.020821938291192055, "percent_y_embed_sign_rep": 0.02081947773694992, "percent_unembed_sign_rep": 0.06280282884836197, "percent_hidden_x_sign_rep": 0.007579919416457415, "percent_hidden_y_sign_rep": 0.007579468190670013, "percent_hidden_xy_sign_rep": 0.006619817577302456, "total_percent_hidden_sign_rep": 0.02177920565009117, "hidden_excluded_loss_sign_rep": 8.62072271623394e-06, "hidden_restricted_loss_sign_rep": 4.144052212293429, "logit_standard_rep_trace_similarity": 0.5586636066436768, "logit_excluded_loss_standard_rep": 2.231884557414533, "logit_restricted_loss_standard_rep": 0.005207335938044362, "percent_x_embed_standard_rep": 0.6295050382614136, "percent_y_embed_standard_rep": 0.629544198513031, "percent_unembed_standard_rep": 0.4690008759498596, "percent_hidden_x_standard_rep": 0.24225068092346191, "percent_hidden_y_standard_rep": 0.2425624132156372, "percent_hidden_xy_standard_rep": 0.07280615717172623, "total_percent_hidden_standard_rep": 0.5576192736625671, "hidden_excluded_loss_standard_rep": 2.2157842962224312, "hidden_restricted_loss_standard_rep": 0.005626710155631869, "logit_standard_sign_rep_trace_similarity": 0.3282225430011749, "logit_excluded_loss_standard_sign_rep": 0.13213867709493923, "logit_restricted_loss_standard_sign_rep": 0.05399727069588338, "percent_x_embed_standard_sign_rep": 0.34967291355133057, "percent_y_embed_standard_sign_rep": 0.3496363162994385, "percent_unembed_standard_sign_rep": 0.4169127941131592, "percent_hidden_x_standard_sign_rep": 0.12769022583961487, "percent_hidden_y_standard_sign_rep": 0.12769821286201477, "percent_hidden_xy_standard_sign_rep": 0.029080159962177277, "total_percent_hidden_standard_sign_rep": 0.2844685912132263, "hidden_excluded_loss_standard_sign_rep": 0.12945264724246514, "hidden_restricted_loss_standard_sign_rep": 0.055593610819730445, "logit_s5_5d_a_rep_trace_similarity": 7.254129741340876e-09, "logit_excluded_loss_s5_5d_a_rep": 1.7093886273755723e-06, "logit_restricted_loss_s5_5d_a_rep": 4.787491495955671, "percent_x_embed_s5_5d_a_rep": 2.766836182388488e-08, "percent_y_embed_s5_5d_a_rep": 2.766006623744488e-08, "percent_unembed_s5_5d_a_rep": 0.0013953698799014091, "percent_hidden_x_s5_5d_a_rep": 1.3541002985562045e-08, "percent_hidden_y_s5_5d_a_rep": 1.4132357506468907e-08, "percent_hidden_xy_s5_5d_a_rep": 6.790615379032028e-12, "total_percent_hidden_s5_5d_a_rep": 2.768015150422798e-08, "hidden_excluded_loss_s5_5d_a_rep": 1.709388693896974e-06, "hidden_restricted_loss_s5_5d_a_rep": 4.787491420937527, "logit_s5_5d_b_rep_trace_similarity": 9.822542779147625e-10, "logit_excluded_loss_s5_5d_b_rep": 1.7093886273757652e-06, "logit_restricted_loss_s5_5d_b_rep": 4.787491709360219, "percent_x_embed_s5_5d_b_rep": 2.4477868620920162e-08, "percent_y_embed_s5_5d_b_rep": 2.4572162971026046e-08, "percent_unembed_s5_5d_b_rep": 0.0013864324428141117, "percent_hidden_x_s5_5d_b_rep": 1.4923367430697e-08, "percent_hidden_y_s5_5d_b_rep": 1.4785553226204229e-08, "percent_hidden_xy_s5_5d_b_rep": 9.045169127586128e-12, "total_percent_hidden_s5_5d_b_rep": 2.9717966754105873e-08, "hidden_excluded_loss_s5_5d_b_rep": 1.7093885117236188e-06, "hidden_restricted_loss_s5_5d_b_rep": 4.7874916257448925, "logit_s5_6d_rep_trace_similarity": -1.0841176845133305e-08, "logit_excluded_loss_s5_6d_rep": 1.7093886273091135e-06, "logit_restricted_loss_s5_6d_rep": 4.7874921854355925, "percent_x_embed_s5_6d_rep": 2.0268624112418365e-08, "percent_y_embed_s5_6d_rep": 2.3564449946889e-08, "percent_unembed_s5_6d_rep": 0.002060946775600314, "percent_hidden_x_s5_6d_rep": 1.1934406352054339e-08, "percent_hidden_y_s5_6d_rep": 1.4166510631241636e-08, "percent_hidden_xy_s5_6d_rep": 1.606584310032133e-11, "total_percent_hidden_s5_6d_rep": 2.611698235455151e-08, "hidden_excluded_loss_s5_6d_rep": 1.7093877862969683e-06, "hidden_restricted_loss_s5_6d_rep": 4.787492389947614, "percent_logits_explained": 0.468243271112442, "total_logit_excluded_loss": 12.109885418462333, "total_logit_restricted_loss": 2.748593709149253e-07, "total_hidden_excluded_loss": 12.085401792132258, "total_hidden_restricted_loss": 2.969841235610934e-07, "test_loss_restricted_loss_ratio": 11.241561189688095, "sum_of_squared_weights": 5220.677734375, "percent_hidden_explained": 0.8638670444488525, "percent_hidden_xy_explained": 0.10850613564252853, "percent_x_embed_explained": 0.9999998807907104, "percent_y_embed_explained": 1.0, "percent_unembed_explained": 0.9487165212631226, "epoch": 250000.0}