{"train_loss": 1.708444720775135e-06, "test_loss": 2.3251229934024248e-06, "train_acc": 1.0, "test_acc": 1.0, "all_loss": 2.078451614027413e-06, "percent_x_embed_trivial_rep": 5.422794852050217e-11, "percent_y_embed_trivial_rep": 3.652456392888581e-10, "percent_unembed_trivial_rep": 0.06217758730053902, "percent_hidden_x_trivial_rep": 2.8812088281068675e-15, "percent_hidden_y_trivial_rep": 2.8812088281068675e-15, "percent_hidden_xy_trivial_rep": 2.8812088281068675e-15, "total_percent_hidden_trivial_rep": 8.643626484320602e-15, "hidden_excluded_loss_trivial_rep": 1.8215818283906563e-06, "hidden_restricted_loss_trivial_rep": 4.830266281432468, "logit_sign_rep_trace_similarity": 0.37307578325271606, "logit_excluded_loss_sign_rep": 0.0015053172789742438, "logit_restricted_loss_sign_rep": 4.094529979198864, "percent_x_embed_sign_rep": 0.04210157319903374, "percent_y_embed_sign_rep": 0.04211648926138878, "percent_unembed_sign_rep": 0.11245753616094589, "percent_hidden_x_sign_rep": 0.015412983484566212, "percent_hidden_y_sign_rep": 0.01541631855070591, "percent_hidden_xy_sign_rep": 0.015412780456244946, "total_percent_hidden_sign_rep": 0.046242084354162216, "hidden_excluded_loss_sign_rep": 0.0015088423380988194, "hidden_restricted_loss_sign_rep": 4.095137919163414, "logit_standard_rep_trace_similarity": 0.6733829975128174, "logit_excluded_loss_standard_rep": 16.27666705334376, "logit_restricted_loss_standard_rep": 1.839258324281363e-06, "percent_x_embed_standard_rep": 0.9578983783721924, "percent_y_embed_standard_rep": 0.9578834772109985, "percent_unembed_standard_rep": 0.8145879507064819, "percent_hidden_x_standard_rep": 0.3708990812301636, "percent_hidden_y_standard_rep": 0.37083345651626587, "percent_hidden_xy_standard_rep": 0.11118857562541962, "total_percent_hidden_standard_rep": 0.8529211282730103, "hidden_excluded_loss_standard_rep": 16.309943799611332, "hidden_restricted_loss_standard_rep": 2.0346832803873055e-06, "logit_standard_sign_rep_trace_similarity": -1.5279510989785194e-10, "logit_excluded_loss_standard_sign_rep": 1.7084445845881248e-06, "logit_restricted_loss_standard_sign_rep": 4.7874917498205045, "percent_x_embed_standard_sign_rep": 2.082750860665783e-09, "percent_y_embed_standard_sign_rep": 2.10648387621859e-09, "percent_unembed_standard_sign_rep": 0.00015749796875752509, "percent_hidden_x_standard_sign_rep": 1.028350515852594e-09, "percent_hidden_y_standard_sign_rep": 1.0056887544962478e-09, "percent_hidden_xy_standard_sign_rep": 5.975178034647866e-13, "total_percent_hidden_standard_sign_rep": 2.0346366813583927e-09, "hidden_excluded_loss_standard_sign_rep": 1.7084447606000392e-06, "hidden_restricted_loss_standard_sign_rep": 4.787491742768719, "logit_s5_5d_a_rep_trace_similarity": -1.3897079043090343e-09, "logit_excluded_loss_s5_5d_a_rep": 1.7084445845881248e-06, "logit_restricted_loss_s5_5d_a_rep": 4.78749182280263, "percent_x_embed_s5_5d_a_rep": 3.077810006857362e-09, "percent_y_embed_s5_5d_a_rep": 3.0118818550306514e-09, "percent_unembed_s5_5d_a_rep": 0.0003022256714757532, "percent_hidden_x_s5_5d_a_rep": 1.4221610555864572e-09, "percent_hidden_y_s5_5d_a_rep": 1.3492418293736819e-09, "percent_hidden_xy_s5_5d_a_rep": 5.682308464906305e-13, "total_percent_hidden_s5_5d_a_rep": 2.7719710971041422e-09, "hidden_excluded_loss_s5_5d_a_rep": 1.7084451622892854e-06, "hidden_restricted_loss_s5_5d_a_rep": 4.787491721950178, "logit_s5_5d_b_rep_trace_similarity": 0.0023278044536709785, "logit_excluded_loss_s5_5d_b_rep": 1.9637678842567976e-06, "logit_restricted_loss_s5_5d_b_rep": 4.653817350235567, "percent_x_embed_s5_5d_b_rep": 5.587541096474524e-08, "percent_y_embed_s5_5d_b_rep": 5.6088474309490266e-08, "percent_unembed_s5_5d_b_rep": 0.009799541905522346, "percent_hidden_x_s5_5d_b_rep": 0.0005457691149786115, "percent_hidden_y_s5_5d_b_rep": 0.0005457682418636978, "percent_hidden_xy_s5_5d_b_rep": 0.0001792127004591748, "total_percent_hidden_s5_5d_b_rep": 0.0012707499554380774, "hidden_excluded_loss_s5_5d_b_rep": 1.961943439787628e-06, "hidden_restricted_loss_s5_5d_b_rep": 4.65488405004442, "logit_s5_6d_rep_trace_similarity": 2.975866664201021e-09, "logit_excluded_loss_s5_6d_rep": 1.7084445845881248e-06, "logit_restricted_loss_s5_6d_rep": 4.787491537158467, "percent_x_embed_s5_6d_rep": 3.6942897629899107e-09, "percent_y_embed_s5_6d_rep": 4.999726854748587e-09, "percent_unembed_s5_6d_rep": 0.0005177109851501882, "percent_hidden_x_s5_6d_rep": 1.739055455196592e-09, "percent_hidden_y_s5_6d_rep": 2.192898085340289e-09, "percent_hidden_xy_s5_6d_rep": 2.726963186511222e-12, "total_percent_hidden_s5_6d_rep": 3.934680581352268e-09, "hidden_excluded_loss_s5_6d_rep": 1.7084446959803613e-06, "hidden_restricted_loss_s5_6d_rep": 4.787491823391729, "percent_logits_explained": 0.5926356315612793, "total_logit_excluded_loss": 17.09073057170805, "total_logit_restricted_loss": 1.916839333569551e-09, "total_hidden_excluded_loss": 17.107820150154822, "total_hidden_restricted_loss": 2.156054066241552e-09, "test_loss_restricted_loss_ratio": 1078.4159032967086, "sum_of_squared_weights": 4896.91943359375, "percent_hidden_explained": 0.8991631865501404, "percent_hidden_xy_explained": 0.12660135328769684, "percent_x_embed_explained": 0.9999999403953552, "percent_y_embed_explained": 0.9999999403953552, "percent_unembed_explained": 0.927045464515686, "epoch": 250000.0}