{
    "train_loss": 6.601648358332273e-7,
    "test_loss": 8.042574240174953e-7,
    "train_acc": 1,
    "test_acc": 1,
    "all_loss": 7.322111299253613e-7,
    "logit_trivial_rep_trace_similarity": -4.2801730160135776e-8,
    "logit_excluded_loss_trivial_rep": 7.322111098400567e-7,
    "logit_restricted_loss_trivial_rep": 4.787491742782046,
    "percent_x_embed_trivial_rep": 2.87285389921621e-10,
    "percent_y_embed_trivial_rep": 2.047168268237698e-10,
    "percent_unembed_trivial_rep": 0.021024756133556366,
    "percent_hidden_trivial_rep": 0.3167155981063843,
    "embed_excluded_loss_trivial_rep": 7.322109025534032e-7,
    "embed_restricted_loss_trivial_rep": 4.787491743755119,
    "logit_sign_rep_trace_similarity": 0.3664345145225525,
    "logit_excluded_loss_sign_rep": 0.001043387605377785,
    "logit_restricted_loss_sign_rep": 4.0944716328355435,
    "percent_x_embed_sign_rep": 0.046906936913728714,
    "percent_y_embed_sign_rep": 0.0469229519367218,
    "percent_unembed_sign_rep": 0.10387146472930908,
    "percent_hidden_sign_rep": 0.01172803994268179,
    "embed_excluded_loss_sign_rep": 0.0010390790536323401,
    "embed_restricted_loss_sign_rep": 4.096989022041043,
    "logit_standard_rep_trace_similarity": 0.6768929958343506,
    "logit_excluded_loss_standard_rep": 17.524278531856467,
    "logit_restricted_loss_standard_rep": 6.360636796798436e-7,
    "percent_x_embed_standard_rep": 0.9530931115150452,
    "percent_y_embed_standard_rep": 0.9530771374702454,
    "percent_unembed_standard_rep": 0.8744388818740845,
    "percent_hidden_standard_rep": 0.07620131969451904,
    "embed_excluded_loss_standard_rep": 4.096985157253469,
    "embed_restricted_loss_standard_rep": 0.0010389203861491233,
    "logit_standard_sign_rep_trace_similarity": 9.658833732828498e-9,
    "logit_excluded_loss_standard_sign_rep": 7.322111096494067e-7,
    "logit_restricted_loss_standard_sign_rep": 4.7874912698651295,
    "percent_x_embed_standard_sign_rep": 9.64295088223821e-10,
    "percent_y_embed_standard_sign_rep": 3.016327743132763e-10,
    "percent_unembed_standard_sign_rep": 0.000049381182179786265,
    "percent_hidden_standard_sign_rep": 4.413386600621294e-10,
    "embed_excluded_loss_standard_sign_rep": 7.321840639134292e-7,
    "embed_restricted_loss_standard_sign_rep": 4.787492197852208,
    "logit_s5_5d_a_rep_trace_similarity": -2.663000486791134e-9,
    "logit_excluded_loss_s5_5d_a_rep": 7.322111096494067e-7,
    "logit_restricted_loss_s5_5d_a_rep": 4.787491905764704,
    "percent_x_embed_s5_5d_a_rep": 1.3893806105613749e-9,
    "percent_y_embed_s5_5d_a_rep": 6.553323994573645e-10,
    "percent_unembed_s5_5d_a_rep": 0.00007942511001601815,
    "percent_hidden_s5_5d_a_rep": 5.396893123913761e-14,
    "embed_excluded_loss_s5_5d_a_rep": 7.321622020964988e-7,
    "embed_restricted_loss_s5_5d_a_rep": 4.787491831773951,
    "logit_s5_5d_b_rep_trace_similarity": 0.00007522247324232012,
    "logit_excluded_loss_s5_5d_b_rep": 7.357054353941996e-7,
    "logit_restricted_loss_s5_5d_b_rep": 4.782888352482122,
    "percent_x_embed_s5_5d_b_rep": 1.6445469430692583e-9,
    "percent_y_embed_s5_5d_b_rep": 8.775389304105374e-10,
    "percent_unembed_s5_5d_b_rep": 0.00041602086275815964,
    "percent_hidden_s5_5d_b_rep": 0.0000040204486140282825,
    "embed_excluded_loss_s5_5d_b_rep": 7.321593626716946e-7,
    "embed_restricted_loss_s5_5d_b_rep": 4.787488561198277,
    "logit_s5_6d_rep_trace_similarity": 2.1354935597628355e-9,
    "logit_excluded_loss_s5_6d_rep": 7.322111096494067e-7,
    "logit_restricted_loss_s5_6d_rep": 4.787491585944631,
    "percent_x_embed_s5_6d_rep": 1.5808885311940912e-9,
    "percent_y_embed_s5_6d_rep": 6.95174362519424e-10,
    "percent_unembed_s5_6d_rep": 0.00012017528206342831,
    "percent_hidden_s5_6d_rep": 1.4591718675363574e-13,
    "embed_excluded_loss_s5_6d_rep": 7.321546620252221e-7,
    "embed_restricted_loss_s5_6d_rep": 4.787491757058164,
    "percent_logits_explained": 0.5924583673477173,
    "total_logit_excluded_loss": 18.322946476371797,
    "total_logit_restricted_loss": 4.014419999318123e-10,
    "total_embed_restricted_loss": 7.32031982007876e-7,
    "total_embed_excluded_loss": 4.787489093344482,
    "test_loss_restricted_loss_ratio": 1.0986643258557003,
    "sum_of_squared_weights": 4961.86328125,
    "epoch": 60000
}