{"train_loss": 1.6738801735060386e-06, "test_loss": 4.231452406983122e-06, "train_acc": 1.0, "test_acc": 1.0, "all_loss": 3.208423567049736e-06, "percent_x_embed_trivial_rep": 1.2624683165540773e-07, "percent_y_embed_trivial_rep": 1.1952671741255472e-07, "percent_unembed_trivial_rep": 0.055560238659381866, "percent_hidden_x_trivial_rep": 2.55420011211632e-15, "percent_hidden_y_trivial_rep": 2.55420011211632e-15, "percent_hidden_xy_trivial_rep": 2.55420011211632e-15, "total_percent_hidden_trivial_rep": 7.662600548107197e-15, "hidden_excluded_loss_trivial_rep": 1.7642007074875787e-06, "hidden_restricted_loss_trivial_rep": 4.813510275390179, "logit_sign_rep_trace_similarity": 0.34602078795433044, "logit_excluded_loss_sign_rep": 1.6399178291461954e-05, "logit_restricted_loss_sign_rep": 4.1180785726172635, "percent_x_embed_sign_rep": 0.026495380327105522, "percent_y_embed_sign_rep": 0.026492677628993988, "percent_unembed_sign_rep": 0.06049439311027527, "percent_hidden_x_sign_rep": 0.00960457045584917, "percent_hidden_y_sign_rep": 0.009602813050150871, "percent_hidden_xy_sign_rep": 0.009602563455700874, "total_percent_hidden_sign_rep": 0.02880994789302349, "hidden_excluded_loss_sign_rep": 1.6348015985070875e-05, "hidden_restricted_loss_sign_rep": 4.119016273038737, "logit_standard_rep_trace_similarity": 0.4593684673309326, "logit_excluded_loss_standard_rep": 0.025587985883802095, "logit_restricted_loss_standard_rep": 0.08172483576549427, "percent_x_embed_standard_rep": 0.38777822256088257, "percent_y_embed_standard_rep": 0.38776105642318726, "percent_unembed_standard_rep": 0.3922926187515259, "percent_hidden_x_standard_rep": 0.17956171929836273, "percent_hidden_y_standard_rep": 0.13570332527160645, "percent_hidden_xy_standard_rep": 0.04242939129471779, "total_percent_hidden_standard_rep": 0.35769444704055786, "hidden_excluded_loss_standard_rep": 0.027383829475729208, "hidden_restricted_loss_standard_rep": 0.0903480569836753, "logit_standard_sign_rep_trace_similarity": 7.341441232711077e-09, "logit_excluded_loss_standard_sign_rep": 1.6738803102229138e-06, "logit_restricted_loss_standard_sign_rep": 4.787491584549309, "percent_x_embed_standard_sign_rep": 1.6778229916525333e-09, "percent_y_embed_standard_sign_rep": 1.9643113802203516e-09, "percent_unembed_standard_sign_rep": 0.001725413603708148, "percent_hidden_x_standard_sign_rep": 9.54057388646845e-10, "percent_hidden_y_standard_sign_rep": 1.0665071048521213e-09, "percent_hidden_xy_standard_sign_rep": 4.808746174693457e-13, "total_percent_hidden_standard_sign_rep": 2.0210455531355365e-09, "hidden_excluded_loss_standard_sign_rep": 1.6738812164150906e-06, "hidden_restricted_loss_standard_sign_rep": 4.787491585474107, "logit_s5_5d_a_rep_trace_similarity": 0.456515371799469, "logit_excluded_loss_s5_5d_a_rep": 0.7937862272977088, "logit_restricted_loss_s5_5d_a_rep": 0.002524409438994468, "percent_x_embed_s5_5d_a_rep": 0.5857262015342712, "percent_y_embed_s5_5d_a_rep": 0.5857461094856262, "percent_unembed_s5_5d_a_rep": 0.48404374718666077, "percent_hidden_x_s5_5d_a_rep": 0.23680707812309265, "percent_hidden_y_s5_5d_a_rep": 0.22944538295269012, "percent_hidden_xy_s5_5d_a_rep": 0.053992170840501785, "total_percent_hidden_s5_5d_a_rep": 0.5202445983886719, "hidden_excluded_loss_s5_5d_a_rep": 0.7827704181090812, "hidden_restricted_loss_s5_5d_a_rep": 0.003614563828223772, "logit_s5_5d_b_rep_trace_similarity": 0.00027356299688108265, "logit_excluded_loss_s5_5d_b_rep": 1.6848080250209788e-06, "logit_restricted_loss_s5_5d_b_rep": 4.780122576637405, "percent_x_embed_s5_5d_b_rep": 4.238871476047734e-09, "percent_y_embed_s5_5d_b_rep": 4.721109281291547e-09, "percent_unembed_s5_5d_b_rep": 0.002019166946411133, "percent_hidden_x_s5_5d_b_rep": 5.329704799805768e-05, "percent_hidden_y_s5_5d_b_rep": 5.342877921066247e-05, "percent_hidden_xy_s5_5d_b_rep": 1.9090073692495935e-05, "total_percent_hidden_s5_5d_b_rep": 0.00012581590272020549, "hidden_excluded_loss_s5_5d_b_rep": 1.6858138100386553e-06, "hidden_restricted_loss_s5_5d_b_rep": 4.780201577065311, "logit_s5_6d_rep_trace_similarity": 1.497392076998949e-08, "logit_excluded_loss_s5_6d_rep": 1.6738803104916797e-06, "logit_restricted_loss_s5_6d_rep": 4.787491258674504, "percent_x_embed_s5_6d_rep": 2.616152405821026e-09, "percent_y_embed_s5_6d_rep": 3.072230914114016e-09, "percent_unembed_s5_6d_rep": 0.0038644084706902504, "percent_hidden_x_s5_6d_rep": 1.6382631917721824e-09, "percent_hidden_y_s5_6d_rep": 1.869560728451347e-09, "percent_hidden_xy_s5_6d_rep": 9.133257301494058e-13, "total_percent_hidden_s5_6d_rep": 3.5087370786612837e-09, "hidden_excluded_loss_s5_6d_rep": 1.6738824249622927e-06, "hidden_restricted_loss_s5_6d_rep": 4.787491431960304, "percent_logits_explained": 0.5391560792922974, "total_logit_excluded_loss": 8.813161616269204, "total_logit_restricted_loss": 4.776891812552804e-08, "total_hidden_excluded_loss": 8.747069985039698, "total_hidden_restricted_loss": 6.71247779576629e-08, "test_loss_restricted_loss_ratio": 63.03860564949643, "sum_of_squared_weights": 5145.05029296875, "percent_hidden_explained": 0.9067490100860596, "percent_hidden_xy_explained": 0.1060241311788559, "percent_x_embed_explained": 0.9999997615814209, "percent_y_embed_explained": 0.9999998807907104, "percent_unembed_explained": 0.9368307590484619, "epoch": 250000.0}