{"train_loss": 9.291110205683153e-07, "test_loss": 3.7292396533576266e-06, "train_acc": 1.0, "test_acc": 1.0, "all_loss": 2.3291746135038366e-06, "percent_x_embed_trivial_rep": 1.2590591325079004e-07, "percent_y_embed_trivial_rep": 5.200958597129102e-08, "percent_unembed_trivial_rep": 0.053597114980220795, "percent_hidden_x_trivial_rep": 3.2164225404992305e-15, "percent_hidden_y_trivial_rep": 3.2164225404992305e-15, "percent_hidden_xy_trivial_rep": 3.2164225404992305e-15, "total_percent_hidden_trivial_rep": 9.649267197981218e-15, "hidden_excluded_loss_trivial_rep": 9.60295806334763e-07, "hidden_restricted_loss_trivial_rep": 4.112457852228185, "logit_standard_rep_trace_similarity": 0.6675686240196228, "logit_excluded_loss_standard_rep": 4.654096717437649, "logit_restricted_loss_standard_rep": 8.987693390678242e-06, "percent_x_embed_standard_rep": 0.8098779916763306, "percent_y_embed_standard_rep": 0.8101491332054138, "percent_unembed_standard_rep": 0.6011137962341309, "percent_hidden_x_standard_rep": 0.3136943578720093, "percent_hidden_y_standard_rep": 0.32471105456352234, "percent_hidden_xy_standard_rep": 0.09419742226600647, "total_percent_hidden_standard_rep": 0.7326028347015381, "hidden_excluded_loss_standard_rep": 4.665019521272067, "hidden_restricted_loss_standard_rep": 1.0230449956794404e-05, "logit_a5_5d_a_rep_trace_similarity": 0.005653680302202702, "logit_excluded_loss_a5_5d_a_rep": 1.1580458379313696e-06, "logit_restricted_loss_a5_5d_a_rep": 3.8888415272488177, "percent_x_embed_a5_5d_a_rep": 5.250864887784701e-06, "percent_y_embed_a5_5d_a_rep": 5.753773621108849e-06, "percent_unembed_a5_5d_a_rep": 0.015747344121336937, "percent_hidden_x_a5_5d_a_rep": 0.0036859551910310984, "percent_hidden_y_a5_5d_a_rep": 0.0036633622366935015, "percent_hidden_xy_a5_5d_a_rep": 0.000643974810373038, "total_percent_hidden_a5_5d_a_rep": 0.007993292063474655, "hidden_excluded_loss_a5_5d_a_rep": 1.1729976559226259e-06, "hidden_restricted_loss_a5_5d_a_rep": 3.894184625196547, "logit_a5_3d_a_rep_trace_similarity": 0.23226729035377502, "logit_excluded_loss_a5_3d_a_rep": 0.000421488188037949, "logit_restricted_loss_a5_3d_a_rep": 0.8125175210921888, "percent_x_embed_a5_3d_a_rep": 0.1854335069656372, "percent_y_embed_a5_3d_a_rep": 0.18723826110363007, "percent_unembed_a5_3d_a_rep": 0.31044483184814453, "percent_hidden_x_a5_3d_a_rep": 0.06809375435113907, "percent_hidden_y_a5_3d_a_rep": 0.06923650205135345, "percent_hidden_xy_a5_3d_a_rep": 0.01328511442989111, "total_percent_hidden_a5_3d_a_rep": 0.1506153792142868, "hidden_excluded_loss_a5_3d_a_rep": 0.0005515362100966341, "hidden_restricted_loss_a5_3d_a_rep": 0.9324406109897019, "logit_a5_3d_b_rep_trace_similarity": 0.003458809107542038, "logit_excluded_loss_a5_3d_b_rep": 1.0128761698344036e-06, "logit_restricted_loss_a5_3d_b_rep": 4.017120109377722, "percent_x_embed_a5_3d_b_rep": 0.008987678214907646, "percent_y_embed_a5_3d_b_rep": 0.007386330980807543, "percent_unembed_a5_3d_b_rep": 0.013792550191283226, "percent_hidden_x_a5_3d_b_rep": 0.003411309327930212, "percent_hidden_y_a5_3d_b_rep": 0.003006881335750222, "percent_hidden_xy_a5_3d_b_rep": 0.0011759429471567273, "total_percent_hidden_a5_3d_b_rep": 0.007594133727252483, "hidden_excluded_loss_a5_3d_b_rep": 1.4945589375150446e-06, "hidden_restricted_loss_a5_3d_b_rep": 3.940071217377229, "percent_logits_explained": 0.4996398985385895, "total_logit_excluded_loss": 11.35175588676387, "total_logit_restricted_loss": 4.51261811876078e-08, "total_hidden_excluded_loss": 11.546410535781341, "total_hidden_restricted_loss": 5.701825048254951e-08, "test_loss_restricted_loss_ratio": 65.4043156672961, "sum_of_squared_weights": 3009.5341796875, "percent_hidden_explained": 0.8912115097045898, "percent_hidden_xy_explained": 0.10812651365995407, "percent_x_embed_explained": 0.995316743850708, "percent_y_embed_explained": 0.9973931908607483, "percent_unembed_explained": 0.9273059964179993, "epoch": 250000.0}