{"train_loss": 9.291110205683153e-07, "test_loss": 3.7292396533576266e-06, "train_acc": 1.0, "test_acc": 1.0, "all_loss": 2.3291746135038366e-06, "logit_trivial_rep_trace_similarity": -8.88103386387229e-08, "logit_excluded_loss_trivial_rep": 9.291117902249339e-07, "logit_restricted_loss_trivial_rep": 4.0943445622221, "percent_x_embed_trivial_rep": 1.2590591325079004e-07, "percent_y_embed_trivial_rep": 5.200958597129102e-08, "percent_unembed_trivial_rep": 0.053597114980220795, "percent_hidden_trivial_rep": 0.3198615312576294, "embed_excluded_loss_trivial_rep": 2.329371042402724e-06, "embed_restricted_loss_trivial_rep": 4.09434624367661, "logit_standard_rep_trace_similarity": 0.6675686240196228, "logit_excluded_loss_standard_rep": 4.654096717437649, "logit_restricted_loss_standard_rep": 8.987693390678242e-06, "percent_x_embed_standard_rep": 0.8098779916763306, "percent_y_embed_standard_rep": 0.8101491332054138, "percent_unembed_standard_rep": 0.6011137962341309, "percent_hidden_standard_rep": 0.0640672966837883, "embed_excluded_loss_standard_rep": 1.6714629310091376, "embed_restricted_loss_standard_rep": 0.0012564671192111278, "logit_a5_5d_a_rep_trace_similarity": 0.005653680302202702, "logit_excluded_loss_a5_5d_a_rep": 1.1580458379313696e-06, "logit_restricted_loss_a5_5d_a_rep": 3.8888415272488177, "percent_x_embed_a5_5d_a_rep": 5.250864887784701e-06, "percent_y_embed_a5_5d_a_rep": 5.753773621108849e-06, "percent_unembed_a5_5d_a_rep": 0.015747344121336937, "percent_hidden_a5_5d_a_rep": 0.0004379921010695398, "embed_excluded_loss_a5_5d_a_rep": 2.3195970570686122e-06, "embed_restricted_loss_a5_5d_a_rep": 4.09450952493232, "logit_a5_3d_a_rep_trace_similarity": 0.23226729035377502, "logit_excluded_loss_a5_3d_a_rep": 0.000421488188037949, "logit_restricted_loss_a5_3d_a_rep": 0.8125175210921888, "percent_x_embed_a5_3d_a_rep": 0.1854335069656372, "percent_y_embed_a5_3d_a_rep": 0.18723826110363007, "percent_unembed_a5_3d_a_rep": 0.31044483184814453, "percent_hidden_a5_3d_a_rep": 0.013613104820251465, "embed_excluded_loss_a5_3d_a_rep": 0.007884908209435514, "embed_restricted_loss_a5_3d_a_rep": 2.2780829900085426, "logit_a5_3d_b_rep_trace_similarity": 0.003458809107542038, "logit_excluded_loss_a5_3d_b_rep": 1.0128761698344036e-06, "logit_restricted_loss_a5_3d_b_rep": 4.017120109377722, "percent_x_embed_a5_3d_b_rep": 0.008987678214907646, "percent_y_embed_a5_3d_b_rep": 0.007386330980807543, "percent_unembed_a5_3d_b_rep": 0.013792550191283226, "percent_hidden_a5_3d_b_rep": 0.00541035458445549, "embed_excluded_loss_a5_3d_b_rep": 1.610459872416702e-05, "embed_restricted_loss_a5_3d_b_rep": 4.228305375634133, "percent_logits_explained": 0.4996398985385895, "total_logit_excluded_loss": 11.35175588676387, "total_logit_restricted_loss": 4.51261811876078e-08, "total_embed_restricted_loss": 4.747975990864063e-05, "total_embed_excluded_loss": 4.194395708147471, "test_loss_restricted_loss_ratio": 0.07854377655938734, "sum_of_squared_weights": 3009.5341796875, "epoch": 250000.0}