{"train_loss": 6.838487602454037e-06, "test_loss": 13.499188389371156, "train_acc": 1.0, "test_acc": 0.07754629850387573, "all_loss": 8.099515697804351, "percent_x_embed_trivial_rep": 0.01136468630284071, "percent_y_embed_trivial_rep": 0.005605245474725962, "percent_unembed_trivial_rep": 0.016735389828681946, "percent_hidden_x_trivial_rep": 2.162399728407923e-15, "percent_hidden_y_trivial_rep": 2.162399728407923e-15, "percent_hidden_xy_trivial_rep": 2.162399728407923e-15, "total_percent_hidden_trivial_rep": 6.4871991852237694e-15, "hidden_excluded_loss_trivial_rep": 6.695167909011337e-05, "hidden_restricted_loss_trivial_rep": 5.890382270602365, "logit_sign_rep_trace_similarity": 0.4056796729564667, "logit_excluded_loss_sign_rep": 0.004736315490126694, "logit_restricted_loss_sign_rep": 4.094437904652338, "percent_x_embed_sign_rep": 0.07888218760490417, "percent_y_embed_sign_rep": 0.07972210645675659, "percent_unembed_sign_rep": 0.04125538095831871, "percent_hidden_x_sign_rep": 0.027273086830973625, "percent_hidden_y_sign_rep": 0.02727840468287468, "percent_hidden_xy_sign_rep": 0.025179117918014526, "total_percent_hidden_sign_rep": 0.07973060756921768, "hidden_excluded_loss_sign_rep": 0.00535396971089201, "hidden_restricted_loss_sign_rep": 4.152905758372309, "logit_standard_rep_trace_similarity": 0.1240219697356224, "logit_excluded_loss_standard_rep": 0.00277867947755851, "logit_restricted_loss_standard_rep": 0.723267687758071, "percent_x_embed_standard_rep": 0.25124305486679077, "percent_y_embed_standard_rep": 0.2543661594390869, "percent_unembed_standard_rep": 0.15831412374973297, "percent_hidden_x_standard_rep": 0.09749028831720352, "percent_hidden_y_standard_rep": 0.1018880233168602, "percent_hidden_xy_standard_rep": 0.018471427261829376, "total_percent_hidden_standard_rep": 0.2178497314453125, "hidden_excluded_loss_standard_rep": 0.1934748363414628, "hidden_restricted_loss_standard_rep": 2.9674656801781487, "logit_standard_sign_rep_trace_similarity": 0.08747853338718414, "logit_excluded_loss_standard_sign_rep": 0.00044116043197856166, "logit_restricted_loss_standard_sign_rep": 1.3856734710134864, "percent_x_embed_standard_sign_rep": 0.1901560127735138, "percent_y_embed_standard_sign_rep": 0.19915926456451416, "percent_unembed_standard_sign_rep": 0.18637341260910034, "percent_hidden_x_standard_sign_rep": 0.07501484453678131, "percent_hidden_y_standard_sign_rep": 0.07670670747756958, "percent_hidden_xy_standard_sign_rep": 0.0056666298769414425, "total_percent_hidden_standard_sign_rep": 0.15738818049430847, "hidden_excluded_loss_standard_sign_rep": 0.0012098058760951587, "hidden_restricted_loss_standard_sign_rep": 2.0252444042391775, "logit_s5_5d_a_rep_trace_similarity": 0.016199810430407524, "logit_excluded_loss_s5_5d_a_rep": 1.801596685051432e-05, "logit_restricted_loss_s5_5d_a_rep": 3.8795407468185488, "percent_x_embed_s5_5d_a_rep": 0.08833952248096466, "percent_y_embed_s5_5d_a_rep": 0.08367402851581573, "percent_unembed_s5_5d_a_rep": 0.1194203644990921, "percent_hidden_x_s5_5d_a_rep": 0.04108520969748497, "percent_hidden_y_s5_5d_a_rep": 0.03746078908443451, "percent_hidden_xy_s5_5d_a_rep": 0.0007805399945937097, "total_percent_hidden_s5_5d_a_rep": 0.07932654023170471, "hidden_excluded_loss_s5_5d_a_rep": 2.2699987856981868e-05, "hidden_restricted_loss_s5_5d_a_rep": 3.9926769731927045, "logit_s5_5d_b_rep_trace_similarity": 0.07570960372686386, "logit_excluded_loss_s5_5d_b_rep": 0.0007496236867162625, "logit_restricted_loss_s5_5d_b_rep": 1.0995750392382106, "percent_x_embed_s5_5d_b_rep": 0.22820085287094116, "percent_y_embed_s5_5d_b_rep": 0.2298182249069214, "percent_unembed_s5_5d_b_rep": 0.2743630111217499, "percent_hidden_x_s5_5d_b_rep": 0.09738770872354507, "percent_hidden_y_s5_5d_b_rep": 0.09287762641906738, "percent_hidden_xy_s5_5d_b_rep": 0.004557483363896608, "total_percent_hidden_s5_5d_b_rep": 0.19482281804084778, "hidden_excluded_loss_s5_5d_b_rep": 0.0016960753338502706, "hidden_restricted_loss_s5_5d_b_rep": 1.5926824405658817, "logit_s5_6d_rep_trace_similarity": 0.024690348654985428, "logit_excluded_loss_s5_6d_rep": 4.335886268952948e-05, "logit_restricted_loss_s5_6d_rep": 3.1404571229852305, "percent_x_embed_s5_6d_rep": 0.15181374549865723, "percent_y_embed_s5_6d_rep": 0.14765502512454987, "percent_unembed_s5_6d_rep": 0.20353829860687256, "percent_hidden_x_s5_6d_rep": 0.06965886056423187, "percent_hidden_y_s5_6d_rep": 0.0660337284207344, "percent_hidden_xy_s5_6d_rep": 0.001111580990254879, "total_percent_hidden_s5_6d_rep": 0.13680417835712433, "hidden_excluded_loss_s5_6d_rep": 5.2367698624364165e-05, "hidden_restricted_loss_s5_6d_rep": 3.284579437251634, "percent_logits_explained": 0.19421392679214478, "total_logit_excluded_loss": 9.377273284083916, "total_logit_restricted_loss": 6.369068670947107e-06, "total_hidden_excluded_loss": 8.086655391047831, "total_hidden_restricted_loss": 0.0009303162935386648, "test_loss_restricted_loss_ratio": 14510.32136395676, "sum_of_squared_weights": 13354.322265625, "percent_hidden_explained": 0.8659220337867737, "percent_hidden_xy_explained": 0.05576677992939949, "percent_x_embed_explained": 0.9886353611946106, "percent_y_embed_explained": 0.9943947792053223, "percent_unembed_explained": 0.9832645654678345, "epoch": 250000.0}