{"train_loss": 2.283764937604991, "test_loss": 8.12962619729309, "train_acc": 0.40399307012557983, "test_acc": 0.010763888247311115, "all_loss": 5.791281666935657, "percent_x_embed_trivial_rep": 0.003950582351535559, "percent_y_embed_trivial_rep": 0.005127927288413048, "percent_unembed_trivial_rep": 0.031642522662878036, "percent_hidden_x_trivial_rep": 9.058948549457778e-16, "percent_hidden_y_trivial_rep": 9.058948549457778e-16, "percent_hidden_xy_trivial_rep": 9.058948549457778e-16, "total_percent_hidden_trivial_rep": 2.717684458958215e-15, "hidden_excluded_loss_trivial_rep": 2.6250142143323054, "hidden_restricted_loss_trivial_rep": 5.147345166803647, "logit_sign_rep_trace_similarity": 0.0005527001339942217, "logit_excluded_loss_sign_rep": 2.2856366475478165, "logit_restricted_loss_sign_rep": 4.78528088100436, "percent_x_embed_sign_rep": 0.004378097131848335, "percent_y_embed_sign_rep": 0.005271971691399813, "percent_unembed_sign_rep": 0.001504525076597929, "percent_hidden_x_sign_rep": 0.0019333407981321216, "percent_hidden_y_sign_rep": 0.0023813601583242416, "percent_hidden_xy_sign_rep": 4.314832949603442e-06, "total_percent_hidden_sign_rep": 0.0043190158903598785, "hidden_excluded_loss_sign_rep": 2.2854047475693386, "hidden_restricted_loss_sign_rep": 4.785372828589405, "logit_standard_rep_trace_similarity": 0.00644531287252903, "logit_excluded_loss_standard_rep": 2.369334971243809, "logit_restricted_loss_standard_rep": 4.68458560463234, "percent_x_embed_standard_rep": 0.09281649440526962, "percent_y_embed_standard_rep": 0.0855882540345192, "percent_unembed_standard_rep": 0.058960046619176865, "percent_hidden_x_standard_rep": 0.04048900306224823, "percent_hidden_y_standard_rep": 0.039624474942684174, "percent_hidden_xy_standard_rep": 0.00020814385788980871, "total_percent_hidden_standard_rep": 0.08032162487506866, "hidden_excluded_loss_standard_rep": 2.3597358281361585, "hidden_restricted_loss_standard_rep": 4.6919942275986966, "logit_standard_sign_rep_trace_similarity": 0.029286740347743034, "logit_excluded_loss_standard_sign_rep": 2.6819517648410813, "logit_restricted_loss_standard_sign_rep": 4.325258074380982, "percent_x_embed_standard_sign_rep": 0.1147851049900055, "percent_y_embed_standard_sign_rep": 0.1254674196243286, "percent_unembed_standard_sign_rep": 0.13419245183467865, "percent_hidden_x_standard_sign_rep": 0.05125410109758377, "percent_hidden_y_standard_sign_rep": 0.05357411876320839, "percent_hidden_xy_standard_sign_rep": 0.0012499280273914337, "total_percent_hidden_standard_sign_rep": 0.1060781478881836, "hidden_excluded_loss_standard_sign_rep": 2.62338851186647, "hidden_restricted_loss_standard_sign_rep": 4.416681846957934, "logit_s5_5d_a_rep_trace_similarity": 0.1090947613120079, "logit_excluded_loss_s5_5d_a_rep": 4.257432493568894, "logit_restricted_loss_s5_5d_a_rep": 2.7197267894190906, "percent_x_embed_s5_5d_a_rep": 0.417423278093338, "percent_y_embed_s5_5d_a_rep": 0.38938137888908386, "percent_unembed_s5_5d_a_rep": 0.40270572900772095, "percent_hidden_x_s5_5d_a_rep": 0.1605151891708374, "percent_hidden_y_s5_5d_a_rep": 0.16095785796642303, "percent_hidden_xy_s5_5d_a_rep": 0.008217241615056992, "total_percent_hidden_s5_5d_a_rep": 0.3296903073787689, "hidden_excluded_loss_s5_5d_a_rep": 3.796486584911641, "hidden_restricted_loss_s5_5d_a_rep": 3.4826009106434572, "logit_s5_5d_b_rep_trace_similarity": 0.0065756794065237045, "logit_excluded_loss_s5_5d_b_rep": 2.393498161309743, "logit_restricted_loss_s5_5d_b_rep": 4.656178615342409, "percent_x_embed_s5_5d_b_rep": 0.12441616505384445, "percent_y_embed_s5_5d_b_rep": 0.14707201719284058, "percent_unembed_s5_5d_b_rep": 0.09420663863420486, "percent_hidden_x_s5_5d_b_rep": 0.05956638231873512, "percent_hidden_y_s5_5d_b_rep": 0.06594625860452652, "percent_hidden_xy_s5_5d_b_rep": 0.00023035332560539246, "total_percent_hidden_s5_5d_b_rep": 0.12574300169944763, "hidden_excluded_loss_s5_5d_b_rep": 2.3783956611717905, "hidden_restricted_loss_s5_5d_b_rep": 4.665214546758226, "logit_s5_6d_rep_trace_similarity": 0.025231968611478806, "logit_excluded_loss_s5_6d_rep": 2.8013960315494923, "logit_restricted_loss_s5_6d_rep": 4.186561785775371, "percent_x_embed_s5_6d_rep": 0.24223028123378754, "percent_y_embed_s5_6d_rep": 0.2420910894870758, "percent_unembed_s5_6d_rep": 0.2767881453037262, "percent_hidden_x_s5_6d_rep": 0.10419121384620667, "percent_hidden_y_s5_6d_rep": 0.10704590380191803, "percent_hidden_xy_s5_6d_rep": 0.0009353104396723211, "total_percent_hidden_s5_6d_rep": 0.21217243373394012, "hidden_excluded_loss_s5_6d_rep": 2.733111355351685, "hidden_restricted_loss_s5_6d_rep": 4.242944191776367, "percent_logits_explained": 0.013481119647622108, "total_logit_excluded_loss": 5.541343591466867, "total_logit_restricted_loss": 1.5503012000023924, "total_hidden_excluded_loss": 4.861597053207228, "total_hidden_restricted_loss": 2.3827272650448363, "test_loss_restricted_loss_ratio": 3.411899597808192, "sum_of_squared_weights": 5282.22412109375, "percent_hidden_explained": 0.8540055155754089, "percent_hidden_xy_explained": 0.010840977542102337, "percent_x_embed_explained": 0.9916713833808899, "percent_y_embed_explained": 0.9896001815795898, "percent_unembed_explained": 0.9668530225753784, "epoch": 1000000.0}