{"train_loss": 1.301834697657262e-07, "test_loss": 9.209385521026906e-07, "train_acc": 1.0, "test_acc": 1.0, "all_loss": 6.837223296871868e-07, "logit_trivial_rep_trace_similarity": -8.185452315956354e-11, "logit_excluded_loss_trivial_rep": 1.301834684563843e-07, "logit_restricted_loss_trivial_rep": 4.804021044733257, "logit_sign_rep_trace_similarity": 3.828169428743422e-05, "logit_excluded_loss_sign_rep": 1.302522242335289e-07, "logit_restricted_loss_sign_rep": 4.8033486489416894, "logit_freq_1_rep_trace_similarity": 2.1826635929755867e-06, "logit_excluded_loss_freq_1_rep": 1.3019474621534726e-07, "logit_restricted_loss_freq_1_rep": 4.803944345226974, "logit_freq_2_rep_trace_similarity": 0.3759967088699341, "logit_excluded_loss_freq_2_rep": 0.18975414003554036, "logit_restricted_loss_freq_2_rep": 1.9112107142564896, "logit_freq_3_rep_trace_similarity": 1.81228642759379e-07, "logit_excluded_loss_freq_3_rep": 1.3018452162414394e-07, "logit_restricted_loss_freq_3_rep": 4.80401467624406, "logit_freq_4_rep_trace_similarity": 0.00039058184484019876, "logit_excluded_loss_freq_4_rep": 1.3120122032127874e-07, "logit_restricted_loss_freq_4_rep": 4.790319287773606, "logit_freq_5_rep_trace_similarity": 3.1977997423382476e-06, "logit_excluded_loss_freq_5_rep": 1.301976404661813e-07, "logit_restricted_loss_freq_5_rep": 4.803908673519487, "logit_freq_6_rep_trace_similarity": 0.46869999170303345, "logit_excluded_loss_freq_6_rep": 0.6153661086108657, "logit_restricted_loss_freq_6_rep": 1.7989882714059868, "logit_freq_7_rep_trace_similarity": 1.083555252989754e-05, "logit_excluded_loss_freq_7_rep": 1.3022622127968138e-07, "logit_restricted_loss_freq_7_rep": 4.803640294387595, "logit_freq_8_rep_trace_similarity": 2.50835255428683e-05, "logit_excluded_loss_freq_8_rep": 1.302848610841278e-07, "logit_restricted_loss_freq_8_rep": 4.803139690089323, "logit_freq_9_rep_trace_similarity": 1.8173082935390994e-05, "logit_excluded_loss_freq_9_rep": 1.3024819677699996e-07, "logit_restricted_loss_freq_9_rep": 4.803382481538753, "logit_freq_10_rep_trace_similarity": 2.7417863748269156e-05, "logit_excluded_loss_freq_10_rep": 1.3031644074570993e-07, "logit_restricted_loss_freq_10_rep": 4.8030576789309505, "logit_freq_11_rep_trace_similarity": 0.00031462934566661716, "logit_excluded_loss_freq_11_rep": 1.3120062270035852e-07, "logit_restricted_loss_freq_11_rep": 4.792980041445691, "logit_freq_12_rep_trace_similarity": 0.001234350143931806, "logit_excluded_loss_freq_12_rep": 1.369253467806278e-07, "logit_restricted_loss_freq_12_rep": 4.760880345062755, "logit_freq_13_rep_trace_similarity": 0.448495090007782, "logit_excluded_loss_freq_13_rep": 2.4383846010413093, "logit_restricted_loss_freq_13_rep": 1.821387003658358, "logit_freq_14_rep_trace_similarity": -2.0032293832628056e-06, "logit_excluded_loss_freq_14_rep": 1.3017235609150796e-07, "logit_restricted_loss_freq_14_rep": 4.8040914401621535, "logit_freq_15_rep_trace_similarity": 5.963411240372807e-07, "logit_excluded_loss_freq_15_rep": 1.3018528081201492e-07, "logit_restricted_loss_freq_15_rep": 4.804000088966129, "logit_freq_16_rep_trace_similarity": -2.6342277124058455e-06, "logit_excluded_loss_freq_16_rep": 1.3016827964585705e-07, "logit_restricted_loss_freq_16_rep": 4.8041136143130485, "logit_freq_17_rep_trace_similarity": -4.314496436563786e-06, "logit_excluded_loss_freq_17_rep": 1.3016691319243057e-07, "logit_restricted_loss_freq_17_rep": 4.804172661871303, "logit_freq_18_rep_trace_similarity": 0.0027128192596137524, "logit_excluded_loss_freq_18_rep": 1.4649008005822558e-07, "logit_restricted_loss_freq_18_rep": 4.709826766428824, "logit_freq_19_rep_trace_similarity": 0.006977753713726997, "logit_excluded_loss_freq_19_rep": 1.6497733278794146e-07, "logit_restricted_loss_freq_19_rep": 4.566333708667994, "logit_freq_20_rep_trace_similarity": -1.3806579772790428e-06, "logit_excluded_loss_freq_20_rep": 1.3017585134484702e-07, "logit_restricted_loss_freq_20_rep": 4.804069562266026, "logit_freq_21_rep_trace_similarity": 0.007336670532822609, "logit_excluded_loss_freq_21_rep": 1.7379013203890843e-07, "logit_restricted_loss_freq_21_rep": 4.554514164150658, "logit_freq_22_rep_trace_similarity": 0.00024109665537253022, "logit_excluded_loss_freq_22_rep": 1.3146365027906863e-07, "logit_restricted_loss_freq_22_rep": 4.795557721758607, "logit_freq_23_rep_trace_similarity": 0.00014795485185459256, "logit_excluded_loss_freq_23_rep": 1.3099122410414903e-07, "logit_restricted_loss_freq_23_rep": 4.798825192539972, "logit_freq_24_rep_trace_similarity": 0.02937367558479309, "logit_excluded_loss_freq_24_rep": 5.097091692131484e-07, "logit_restricted_loss_freq_24_rep": 3.904870168210684, "logit_freq_25_rep_trace_similarity": 6.7761675381916575e-06, "logit_excluded_loss_freq_25_rep": 1.3022186300593026e-07, "logit_restricted_loss_freq_25_rep": 4.80378293280815, "logit_freq_26_rep_trace_similarity": 0.0024067508056759834, "logit_excluded_loss_freq_26_rep": 1.4336885690983255e-07, "logit_restricted_loss_freq_26_rep": 4.720340338907682, "logit_freq_27_rep_trace_similarity": -6.480822776211426e-07, "logit_excluded_loss_freq_27_rep": 1.3017968854989035e-07, "logit_restricted_loss_freq_27_rep": 4.8040438188382515, "logit_freq_28_rep_trace_similarity": -8.135564712574705e-06, "logit_excluded_loss_freq_28_rep": 1.3014022319624513e-07, "logit_restricted_loss_freq_28_rep": 4.804306944059193, "logit_freq_29_rep_trace_similarity": 9.054911060957238e-07, "logit_excluded_loss_freq_29_rep": 1.301884418488355e-07, "logit_restricted_loss_freq_29_rep": 4.803989225303672, "logit_freq_30_rep_trace_similarity": 7.821361577953212e-06, "logit_excluded_loss_freq_30_rep": 1.3022663127982078e-07, "logit_restricted_loss_freq_30_rep": 4.8037462063336696, "percent_logits_explained": 0.5631813406944275, "total_logit_excluded_loss": 29.170067942722223, "total_logit_restricted_loss": 6.758280188163556e-08, "epoch": 50000.0}