{"train_loss": 1.050252868404089e-07, "test_loss": 1.8863935107401152e-07, "train_acc": 1.0, "test_acc": 1.0, "all_loss": 1.635562459950099e-07, "percent_x_embed_trivial_rep": 5.443872851174092e-06, "percent_y_embed_trivial_rep": 5.443872851174092e-06, "percent_unembed_trivial_rep": 7.313415295584491e-08, "percent_hidden_trivial_rep": 0.3258976638317108, "hidden_excluded_loss_trivial_rep": 3.302060704459416e-07, "hidden_restricted_loss_trivial_rep": 5.295888632165504, "logit_sign_rep_trace_similarity": -2.5826557248365134e-06, "logit_excluded_loss_sign_rep": 1.0502071308131722e-07, "logit_restricted_loss_sign_rep": 4.804071484507792, "percent_x_embed_sign_rep": 1.4860700048302533e-06, "percent_y_embed_sign_rep": 1.4860700048302533e-06, "percent_unembed_sign_rep": 0.0005963263683952391, "percent_hidden_sign_rep": 1.37946531975075e-09, "hidden_excluded_loss_sign_rep": 4.6193206057986183e-07, "hidden_restricted_loss_sign_rep": 4.804072016565485, "logit_freq_1_rep_trace_similarity": 1.0066050890600309e-06, "logit_excluded_loss_freq_1_rep": 1.0502975932183547e-07, "logit_restricted_loss_freq_1_rep": 4.803981727528774, "percent_x_embed_freq_1_rep": 5.663557749358006e-05, "percent_y_embed_freq_1_rep": 5.663557749358006e-05, "percent_unembed_freq_1_rep": 8.27700387162622e-06, "percent_hidden_freq_1_rep": 1.6975025118881604e-06, "hidden_excluded_loss_freq_1_rep": 4.61979874080014e-07, "hidden_restricted_loss_freq_1_rep": 4.804052297190243, "logit_freq_2_rep_trace_similarity": 0.375931978225708, "logit_excluded_loss_freq_2_rep": 0.28647629682396875, "logit_restricted_loss_freq_2_rep": 1.8573966265532729, "percent_x_embed_freq_2_rep": 0.3607548475265503, "percent_y_embed_freq_2_rep": 0.3607548475265503, "percent_unembed_freq_2_rep": 0.4183681607246399, "percent_hidden_freq_2_rep": 0.01465824618935585, "hidden_excluded_loss_freq_2_rep": 0.474329077350557, "hidden_restricted_loss_freq_2_rep": 1.9179196801056155, "logit_freq_3_rep_trace_similarity": 2.591277734609321e-07, "logit_excluded_loss_freq_3_rep": 1.050265384383121e-07, "logit_restricted_loss_freq_3_rep": 4.8040109233688195, "percent_x_embed_freq_3_rep": 6.794674845878035e-06, "percent_y_embed_freq_3_rep": 6.794674845878035e-06, "percent_unembed_freq_3_rep": 9.01781277207192e-06, "percent_hidden_freq_3_rep": 1.5088119198480854e-07, "hidden_excluded_loss_freq_3_rep": 4.6194554208661844e-07, "hidden_restricted_loss_freq_3_rep": 4.804028429776437, "logit_freq_4_rep_trace_similarity": 0.0011322163045406342, "logit_excluded_loss_freq_4_rep": 1.0781932344263233e-07, "logit_restricted_loss_freq_4_rep": 4.760041812047408, "percent_x_embed_freq_4_rep": 7.508321687055286e-06, "percent_y_embed_freq_4_rep": 7.508321687055286e-06, "percent_unembed_freq_4_rep": 0.0008408730500377715, "percent_hidden_freq_4_rep": 0.00016022587078623474, "hidden_excluded_loss_freq_4_rep": 5.999344784419571e-07, "hidden_restricted_loss_freq_4_rep": 4.922859225339744, "logit_freq_5_rep_trace_similarity": -1.0651738193701021e-06, "logit_excluded_loss_freq_5_rep": 1.0502090172206446e-07, "logit_restricted_loss_freq_5_rep": 4.804062650006568, "percent_x_embed_freq_5_rep": 8.392732706852257e-05, "percent_y_embed_freq_5_rep": 8.392732706852257e-05, "percent_unembed_freq_5_rep": 6.845396001153858e-06, "percent_hidden_freq_5_rep": 3.317532446089899e-06, "hidden_excluded_loss_freq_5_rep": 4.6186311782383686e-07, "hidden_restricted_loss_freq_5_rep": 4.804252609788442, "logit_freq_6_rep_trace_similarity": 0.42434027791023254, "logit_excluded_loss_freq_6_rep": 0.6202523456410015, "logit_restricted_loss_freq_6_rep": 1.7957889708445993, "percent_x_embed_freq_6_rep": 0.31271177530288696, "percent_y_embed_freq_6_rep": 0.31271177530288696, "percent_unembed_freq_6_rep": 0.27440911531448364, "percent_hidden_freq_6_rep": 0.02718695066869259, "hidden_excluded_loss_freq_6_rep": 1.2651186662965703, "hidden_restricted_loss_freq_6_rep": 1.825868513823811, "logit_freq_7_rep_trace_similarity": -3.1315721571445465e-07, "logit_excluded_loss_freq_7_rep": 1.0502420769455798e-07, "logit_restricted_loss_freq_7_rep": 4.80403327648795, "percent_x_embed_freq_7_rep": 8.861708920449018e-06, "percent_y_embed_freq_7_rep": 8.861708920449018e-06, "percent_unembed_freq_7_rep": 9.394664630235638e-06, "percent_hidden_freq_7_rep": 2.108938360834145e-06, "hidden_excluded_loss_freq_7_rep": 4.6198123559798514e-07, "hidden_restricted_loss_freq_7_rep": 4.80408571032868, "logit_freq_8_rep_trace_similarity": 4.806345532415435e-05, "logit_excluded_loss_freq_8_rep": 1.0519751279746941e-07, "logit_restricted_loss_freq_8_rep": 4.802144155156976, "percent_x_embed_freq_8_rep": 5.303912075760309e-06, "percent_y_embed_freq_8_rep": 5.303912075760309e-06, "percent_unembed_freq_8_rep": 0.00013219965330790728, "percent_hidden_freq_8_rep": 2.6589754270389676e-05, "hidden_excluded_loss_freq_8_rep": 4.613495653202212e-07, "hidden_restricted_loss_freq_8_rep": 4.824187876615387, "logit_freq_9_rep_trace_similarity": -1.1118117981823161e-07, "logit_excluded_loss_freq_9_rep": 1.050250243361267e-07, "logit_restricted_loss_freq_9_rep": 4.8040253874068215, "percent_x_embed_freq_9_rep": 5.855135532328859e-05, "percent_y_embed_freq_9_rep": 5.855135532328859e-05, "percent_unembed_freq_9_rep": 1.0999619007634465e-05, "percent_hidden_freq_9_rep": 7.083919626893476e-05, "hidden_excluded_loss_freq_9_rep": 4.5984825327264735e-07, "hidden_restricted_loss_freq_9_rep": 4.805893062177423, "logit_freq_10_rep_trace_similarity": 9.378598042530939e-05, "logit_excluded_loss_freq_10_rep": 1.0542489868778232e-07, "logit_restricted_loss_freq_10_rep": 4.800359497284592, "percent_x_embed_freq_10_rep": 0.00015310753951780498, "percent_y_embed_freq_10_rep": 0.00015310753951780498, "percent_unembed_freq_10_rep": 0.00017727664089761674, "percent_hidden_freq_10_rep": 1.2263889402674977e-05, "hidden_excluded_loss_freq_10_rep": 4.6968161976906606e-07, "hidden_restricted_loss_freq_10_rep": 4.809916127963502, "logit_freq_11_rep_trace_similarity": 2.560936991358176e-07, "logit_excluded_loss_freq_11_rep": 1.0502625831472907e-07, "logit_restricted_loss_freq_11_rep": 4.804011041877503, "percent_x_embed_freq_11_rep": 8.307678399432916e-06, "percent_y_embed_freq_11_rep": 8.307678399432916e-06, "percent_unembed_freq_11_rep": 1.0447852218931075e-05, "percent_hidden_freq_11_rep": 6.724195031893032e-07, "hidden_excluded_loss_freq_11_rep": 4.620845861447858e-07, "hidden_restricted_loss_freq_11_rep": 4.804067025696996, "logit_freq_12_rep_trace_similarity": 3.971120167989284e-05, "logit_excluded_loss_freq_12_rep": 1.0521147673617311e-07, "logit_restricted_loss_freq_12_rep": 4.802470249499157, "percent_x_embed_freq_12_rep": 4.759659077535616e-06, "percent_y_embed_freq_12_rep": 4.759659077535616e-06, "percent_unembed_freq_12_rep": 5.3319407015806064e-05, "percent_hidden_freq_12_rep": 0.001080262940376997, "hidden_excluded_loss_freq_12_rep": 4.676893610707718e-07, "hidden_restricted_loss_freq_12_rep": 4.806541480835433, "logit_freq_13_rep_trace_similarity": 0.49229109287261963, "logit_excluded_loss_freq_13_rep": 2.378480500246873, "logit_restricted_loss_freq_13_rep": 1.7204147640790577, "percent_x_embed_freq_13_rep": 0.3253512680530548, "percent_y_embed_freq_13_rep": 0.3253512680530548, "percent_unembed_freq_13_rep": 0.3051478862762451, "percent_hidden_freq_13_rep": 0.03255673497915268, "hidden_excluded_loss_freq_13_rep": 3.149164695233821, "hidden_restricted_loss_freq_13_rep": 1.7311135427726831, "logit_freq_14_rep_trace_similarity": -4.794210326508619e-06, "logit_excluded_loss_freq_14_rep": 1.0500157678390034e-07, "logit_restricted_loss_freq_14_rep": 4.804208308137967, "percent_x_embed_freq_14_rep": 8.63547611515969e-05, "percent_y_embed_freq_14_rep": 8.63547611515969e-05, "percent_unembed_freq_14_rep": 3.79620396415703e-05, "percent_hidden_freq_14_rep": 2.9687325877603143e-06, "hidden_excluded_loss_freq_14_rep": 4.648111998246174e-07, "hidden_restricted_loss_freq_14_rep": 4.806337998506253, "logit_freq_15_rep_trace_similarity": 4.785324563272297e-07,