{"train_loss": 2.344344380064515e-06, "test_loss": 7.30920103718512e-05, "train_acc": 1.0, "test_acc": 1.0, "all_loss": 4.479294397513654e-05, "percent_x_embed_trivial_rep": 2.225126081611961e-06, "percent_y_embed_trivial_rep": 5.103993316879496e-06, "percent_unembed_trivial_rep": 0.03083760477602482, "percent_hidden_x_trivial_rep": 1.8167696283467004e-15, "percent_hidden_y_trivial_rep": 1.8167696283467004e-15, "percent_hidden_xy_trivial_rep": 1.8167696283467004e-15, "total_percent_hidden_trivial_rep": 5.450308885040101e-15, "hidden_excluded_loss_trivial_rep": 2.673961058963242e-06, "hidden_restricted_loss_trivial_rep": 4.86889099171767, "logit_sign_rep_trace_similarity": 0.3118847608566284, "logit_excluded_loss_sign_rep": 2.293170509816062e-05, "logit_restricted_loss_sign_rep": 4.113536465569414, "percent_x_embed_sign_rep": 0.03897237032651901, "percent_y_embed_sign_rep": 0.03960868716239929, "percent_unembed_sign_rep": 0.05108008161187172, "percent_hidden_x_sign_rep": 0.014159228652715683, "percent_hidden_y_sign_rep": 0.014612792059779167, "percent_hidden_xy_sign_rep": 0.011971138417720795, "total_percent_hidden_sign_rep": 0.040743157267570496, "hidden_excluded_loss_sign_rep": 2.4078043274065655e-05, "hidden_restricted_loss_sign_rep": 4.11995175062317, "logit_standard_rep_trace_similarity": 0.4311348795890808, "logit_excluded_loss_standard_rep": 0.10071419647719633, "logit_restricted_loss_standard_rep": 0.04821664285270932, "percent_x_embed_standard_rep": 0.43835318088531494, "percent_y_embed_standard_rep": 0.43950292468070984, "percent_unembed_standard_rep": 0.32472699880599976, "percent_hidden_x_standard_rep": 0.18051481246948242, "percent_hidden_y_standard_rep": 0.17519398033618927, "percent_hidden_xy_standard_rep": 0.05163809657096863, "total_percent_hidden_standard_rep": 0.4073468744754791, "hidden_excluded_loss_standard_rep": 0.18915262880933217, "hidden_restricted_loss_standard_rep": 0.4079854489275184, "logit_standard_sign_rep_trace_similarity": 0.30519160628318787, "logit_excluded_loss_standard_sign_rep": 0.024129459331106804, "logit_restricted_loss_standard_sign_rep": 0.13466652839411866, "percent_x_embed_standard_sign_rep": 0.33731961250305176, "percent_y_embed_standard_sign_rep": 0.3371039927005768, "percent_unembed_standard_sign_rep": 0.34623122215270996, "percent_hidden_x_standard_sign_rep": 0.1245587021112442, "percent_hidden_y_standard_sign_rep": 0.12236998975276947, "percent_hidden_xy_standard_sign_rep": 0.02439935877919197, "total_percent_hidden_standard_sign_rep": 0.27132806181907654, "hidden_excluded_loss_standard_sign_rep": 0.01204962966859793, "hidden_restricted_loss_standard_sign_rep": 0.2668427165846674, "logit_s5_5d_a_rep_trace_similarity": 0.00020103219139855355, "logit_excluded_loss_s5_5d_a_rep": 2.3606663518952216e-06, "logit_restricted_loss_s5_5d_a_rep": 4.781137625605255, "percent_x_embed_s5_5d_a_rep": 6.580826448043808e-05, "percent_y_embed_s5_5d_a_rep": 0.00047316710697486997, "percent_unembed_s5_5d_a_rep": 0.006872178055346012, "percent_hidden_x_s5_5d_a_rep": 0.0001625594450160861, "percent_hidden_y_s5_5d_a_rep": 0.0003800162230618298, "percent_hidden_xy_s5_5d_a_rep": 1.0229569852526765e-05, "total_percent_hidden_s5_5d_a_rep": 0.0005528052570298314, "hidden_excluded_loss_s5_5d_a_rep": 2.3635795140192324e-06, "hidden_restricted_loss_s5_5d_a_rep": 4.7812798890279415, "logit_s5_5d_b_rep_trace_similarity": 0.1479569971561432, "logit_excluded_loss_s5_5d_b_rep": 0.0004499327282138566, "logit_restricted_loss_s5_5d_b_rep": 0.9054419385961034, "percent_x_embed_s5_5d_b_rep": 0.18518681824207306, "percent_y_embed_s5_5d_b_rep": 0.18290811777114868, "percent_unembed_s5_5d_b_rep": 0.23028762638568878, "percent_hidden_x_s5_5d_b_rep": 0.06951048225164413, "percent_hidden_y_s5_5d_b_rep": 0.0684155821800232, "percent_hidden_xy_s5_5d_b_rep": 0.013478283770382404, "total_percent_hidden_s5_5d_b_rep": 0.15140435099601746, "hidden_excluded_loss_s5_5d_b_rep": 0.0004981897609681001, "hidden_restricted_loss_s5_5d_b_rep": 1.2675665858079186, "logit_s5_6d_rep_trace_similarity": -5.330002750270069e-07, "logit_excluded_loss_s5_6d_rep": 2.3442917577453054e-06, "logit_restricted_loss_s5_6d_rep": 4.787511961500681, "percent_x_embed_s5_6d_rep": 9.99939366010949e-05, "percent_y_embed_s5_6d_rep": 0.00039802296669222414, "percent_unembed_s5_6d_rep": 0.009964324533939362, "percent_hidden_x_s5_6d_rep": 6.224341632332653e-05, "percent_hidden_y_s5_6d_rep": 0.00019510145648382604, "percent_hidden_xy_s5_6d_rep": 3.2312090070263366e-07, "total_percent_hidden_s5_6d_rep": 0.000257667968980968, "hidden_excluded_loss_s5_6d_rep": 2.344560773789832e-06, "hidden_restricted_loss_s5_6d_rep": 4.787521937659926, "percent_logits_explained": 0.39818260073661804, "total_logit_excluded_loss": 11.656206404681225, "total_logit_restricted_loss": 6.600559474682376e-08, "total_hidden_excluded_loss": 10.624889669394967, "total_hidden_restricted_loss": 1.4720487091678387e-07, "test_loss_restricted_loss_ratio": 496.53255301022426, "sum_of_squared_weights": 6624.08984375, "percent_hidden_explained": 0.8708224296569824, "percent_hidden_xy_explained": 0.10148688405752182, "percent_x_embed_explained": 0.9998319745063782, "percent_y_embed_explained": 0.999123752117157, "percent_unembed_explained": 0.9523258805274963, "epoch": 250000.0}