{"train_loss": 2.2757411133978933e-06, "test_loss": 6.075316697474403e-05, "train_acc": 1.0, "test_acc": 1.0, "all_loss": 3.7362196604987586e-05, "percent_x_embed_trivial_rep": 0.00015779558452777565, "percent_y_embed_trivial_rep": 0.00027773549663834274, "percent_unembed_trivial_rep": 0.050052400678396225, "percent_hidden_x_trivial_rep": 2.8663239181247677e-15, "percent_hidden_y_trivial_rep": 2.8663239181247677e-15, "percent_hidden_xy_trivial_rep": 2.8663239181247677e-15, "total_percent_hidden_trivial_rep": 8.598971754374303e-15, "hidden_excluded_loss_trivial_rep": 2.65813300110791e-06, "hidden_restricted_loss_trivial_rep": 4.885674189157861, "logit_sign_rep_trace_similarity": 0.374606728553772, "logit_excluded_loss_sign_rep": 3.4560261079977056e-05, "logit_restricted_loss_sign_rep": 4.106627832046488, "percent_x_embed_sign_rep": 0.04132571443915367, "percent_y_embed_sign_rep": 0.04259680211544037, "percent_unembed_sign_rep": 0.05136536434292793, "percent_hidden_x_sign_rep": 0.015342616476118565, "percent_hidden_y_sign_rep": 0.015482617542147636, "percent_hidden_xy_sign_rep": 0.013688952662050724, "total_percent_hidden_sign_rep": 0.044514186680316925, "hidden_excluded_loss_sign_rep": 3.52632802556816e-05, "hidden_restricted_loss_sign_rep": 4.110379373756976, "logit_standard_rep_trace_similarity": 0.20491212606430054, "logit_excluded_loss_standard_rep": 0.0003489289376191904, "logit_restricted_loss_standard_rep": 1.0730596229680287, "percent_x_embed_standard_rep": 0.1426662802696228, "percent_y_embed_standard_rep": 0.15154677629470825, "percent_unembed_standard_rep": 0.18552544713020325, "percent_hidden_x_standard_rep": 0.05939168110489845, "percent_hidden_y_standard_rep": 0.0611586757004261, "percent_hidden_xy_standard_rep": 0.0171242393553257, "total_percent_hidden_standard_rep": 0.13767459988594055, "hidden_excluded_loss_standard_rep": 0.00047905512900361604, "hidden_restricted_loss_standard_rep": 2.000274013090334, "logit_standard_sign_rep_trace_similarity": 0.16432644426822662, "logit_excluded_loss_standard_sign_rep": 0.00013929816928692586, "logit_restricted_loss_standard_sign_rep": 1.4814707071468587, "percent_x_embed_standard_sign_rep": 0.15408796072006226, "percent_y_embed_standard_sign_rep": 0.1561664491891861, "percent_unembed_standard_sign_rep": 0.17446376383304596, "percent_hidden_x_standard_sign_rep": 0.05718778818845749, "percent_hidden_y_standard_sign_rep": 0.05673834681510925, "percent_hidden_xy_standard_sign_rep": 0.011524689383804798, "total_percent_hidden_standard_sign_rep": 0.12545081973075867, "hidden_excluded_loss_standard_sign_rep": 0.00017063112312008203, "hidden_restricted_loss_standard_sign_rep": 1.6869613787157243, "logit_s5_5d_a_rep_trace_similarity": 0.371989905834198, "logit_excluded_loss_s5_5d_a_rep": 0.20280792646224974, "logit_restricted_loss_s5_5d_a_rep": 0.007821525250882195, "percent_x_embed_s5_5d_a_rep": 0.5594164729118347, "percent_y_embed_s5_5d_a_rep": 0.5576485395431519, "percent_unembed_s5_5d_a_rep": 0.332663893699646, "percent_hidden_x_s5_5d_a_rep": 0.2165655791759491, "percent_hidden_y_s5_5d_a_rep": 0.22139327228069305, "percent_hidden_xy_s5_5d_a_rep": 0.05044986307621002, "total_percent_hidden_s5_5d_a_rep": 0.4884086847305298, "hidden_excluded_loss_s5_5d_a_rep": 0.21706238021642144, "hidden_restricted_loss_s5_5d_a_rep": 0.030648751348085736, "logit_s5_5d_b_rep_trace_similarity": 0.09636039286851883, "logit_excluded_loss_s5_5d_b_rep": 3.895448919864598e-05, "logit_restricted_loss_s5_5d_b_rep": 2.1750513148443997, "percent_x_embed_s5_5d_b_rep": 0.10196584463119507, "percent_y_embed_s5_5d_b_rep": 0.09128625690937042, "percent_unembed_s5_5d_b_rep": 0.19617724418640137, "percent_hidden_x_s5_5d_b_rep": 0.03843953087925911, "percent_hidden_y_s5_5d_b_rep": 0.034059565514326096, "percent_hidden_xy_s5_5d_b_rep": 0.005698101595044136, "total_percent_hidden_s5_5d_b_rep": 0.07819719612598419, "hidden_excluded_loss_s5_5d_b_rep": 4.7871529309689486e-05, "hidden_restricted_loss_s5_5d_b_rep": 2.2729700119171263, "logit_s5_6d_rep_trace_similarity": 6.5585627453401685e-06, "logit_excluded_loss_s5_6d_rep": 2.2763383885836146e-06, "logit_restricted_loss_s5_6d_rep": 4.787260988024726, "percent_x_embed_s5_6d_rep": 0.0003800018166657537, "percent_y_embed_s5_6d_rep": 0.0004773753753397614, "percent_unembed_s5_6d_rep": 0.009751889854669571, "percent_hidden_x_s5_6d_rep": 0.00020455823687370867, "percent_hidden_y_s5_6d_rep": 0.00024114278494380414, "percent_hidden_xy_s5_6d_rep": 3.5124617170367856e-07, "total_percent_hidden_s5_6d_rep": 0.0004460522613953799, "hidden_excluded_loss_s5_6d_rep": 2.27657957738871e-06, "hidden_restricted_loss_s5_6d_rep": 4.78726826705845, "percent_logits_explained": 0.3569841980934143, "total_logit_excluded_loss": 11.35182072542431, "total_logit_restricted_loss": 4.70231805540214e-08, "total_hidden_excluded_loss": 10.996941814736259, "total_hidden_restricted_loss": 1.3680259091517297e-07, "test_loss_restricted_loss_ratio": 444.0936868835706, "sum_of_squared_weights": 6597.2900390625, "percent_hidden_explained": 0.8742454648017883, "percent_hidden_xy_explained": 0.09848584234714508, "percent_x_embed_explained": 0.9994623064994812, "percent_y_embed_explained": 0.9992448091506958, "percent_unembed_explained": 0.9401956796646118, "epoch": 250000.0}