{"train_loss": 1.0254727137412072, "test_loss": 6.1690997958024045, "train_acc": 0.7548611164093018, "test_acc": 0.0806712955236435, "all_loss": 4.111648971077021, "percent_x_embed_trivial_rep": 0.007544524967670441, "percent_y_embed_trivial_rep": 0.008862651884555817, "percent_unembed_trivial_rep": 0.07400459796190262, "percent_hidden_x_trivial_rep": 7.425260222220648e-16, "percent_hidden_y_trivial_rep": 7.425260222220648e-16, "percent_hidden_xy_trivial_rep": 7.425260222220648e-16, "total_percent_hidden_trivial_rep": 2.2275780666661943e-15, "hidden_excluded_loss_trivial_rep": 2.4811603020883943, "hidden_restricted_loss_trivial_rep": 7.2068728402515285, "logit_sign_rep_trace_similarity": 0.5394405126571655, "logit_excluded_loss_sign_rep": 3.5367440083103907, "logit_restricted_loss_sign_rep": 4.094467022129911, "percent_x_embed_sign_rep": 0.19536440074443817, "percent_y_embed_sign_rep": 0.19313830137252808, "percent_unembed_sign_rep": 0.08900003135204315, "percent_hidden_x_sign_rep": 0.06659577786922455, "percent_hidden_y_sign_rep": 0.06721601635217667, "percent_hidden_xy_sign_rep": 0.04714617133140564, "total_percent_hidden_sign_rep": 0.18095797300338745, "hidden_excluded_loss_sign_rep": 3.282301824919522, "hidden_restricted_loss_sign_rep": 5.103719837116346, "logit_standard_rep_trace_similarity": 0.13960102200508118, "logit_excluded_loss_standard_rep": 4.941225882491739, "logit_restricted_loss_standard_rep": 1.1418449338174634, "percent_x_embed_standard_rep": 0.4184592664241791, "percent_y_embed_standard_rep": 0.46204763650894165, "percent_unembed_standard_rep": 0.2919805645942688, "percent_hidden_x_standard_rep": 0.16945776343345642, "percent_hidden_y_standard_rep": 0.2142292559146881, "percent_hidden_xy_standard_rep": 0.023831218481063843, "total_percent_hidden_standard_rep": 0.4075182378292084, "hidden_excluded_loss_standard_rep": 4.25325959928095, "hidden_restricted_loss_standard_rep": 3.180212319522752, "logit_standard_sign_rep_trace_similarity": 0.0074375164695084095, "logit_excluded_loss_standard_sign_rep": 1.1570458753223198, "logit_restricted_loss_standard_sign_rep": 4.541034650611064, "percent_x_embed_standard_sign_rep": 0.045627739280462265, "percent_y_embed_standard_sign_rep": 0.037489552050828934, "percent_unembed_standard_sign_rep": 0.07132270932197571, "percent_hidden_x_standard_sign_rep": 0.020676802843809128, "percent_hidden_y_standard_sign_rep": 0.01635032519698143, "percent_hidden_xy_standard_sign_rep": 0.0002794160973280668, "total_percent_hidden_standard_sign_rep": 0.037306543439626694, "hidden_excluded_loss_standard_sign_rep": 1.1602240837009627, "hidden_restricted_loss_standard_sign_rep": 4.575473969686374, "logit_s5_5d_a_rep_trace_similarity": 0.027431510388851166, "logit_excluded_loss_s5_5d_a_rep": 1.7984070515721904, "logit_restricted_loss_s5_5d_a_rep": 3.6710219667548367, "percent_x_embed_s5_5d_a_rep": 0.11532659828662872, "percent_y_embed_s5_5d_a_rep": 0.11063136160373688, "percent_unembed_s5_5d_a_rep": 0.16055706143379211, "percent_hidden_x_s5_5d_a_rep": 0.04266754537820816, "percent_hidden_y_s5_5d_a_rep": 0.04836437106132507, "percent_hidden_xy_s5_5d_a_rep": 0.002521975664421916, "total_percent_hidden_s5_5d_a_rep": 0.09355389326810837, "hidden_excluded_loss_s5_5d_a_rep": 1.7966220223347, "hidden_restricted_loss_s5_5d_a_rep": 4.157341288597343, "logit_s5_5d_b_rep_trace_similarity": 0.012907641008496284, "logit_excluded_loss_s5_5d_b_rep": 1.3556986650353338, "logit_restricted_loss_s5_5d_b_rep": 4.254691379661764, "percent_x_embed_s5_5d_b_rep": 0.08444561064243317, "percent_y_embed_s5_5d_b_rep": 0.07417633384466171, "percent_unembed_s5_5d_b_rep": 0.1068478524684906, "percent_hidden_x_s5_5d_b_rep": 0.03494787961244583, "percent_hidden_y_s5_5d_b_rep": 0.03129668906331062, "percent_hidden_xy_s5_5d_b_rep": 0.0008417010540142655, "total_percent_hidden_s5_5d_b_rep": 0.06708627194166183, "hidden_excluded_loss_s5_5d_b_rep": 1.3444817895877486, "hidden_restricted_loss_s5_5d_b_rep": 4.394899101459166, "logit_s5_6d_rep_trace_similarity": 0.015273628756403923, "logit_excluded_loss_s5_6d_rep": 1.5142811153536122, "logit_restricted_loss_s5_6d_rep": 4.030969375158992, "percent_x_embed_s5_6d_rep": 0.13323193788528442, "percent_y_embed_s5_6d_rep": 0.11365418136119843, "percent_unembed_s5_6d_rep": 0.2062872052192688, "percent_hidden_x_s5_6d_rep": 0.05741202086210251, "percent_hidden_y_s5_6d_rep": 0.0532977432012558, "percent_hidden_xy_s5_6d_rep": 0.0007549299625679851, "total_percent_hidden_s5_6d_rep": 0.11146469414234161, "hidden_excluded_loss_s5_6d_rep": 1.450396995371622, "hidden_restricted_loss_s5_6d_rep": 4.218290010998576, "percent_logits_explained": 0.3116922080516815, "total_logit_excluded_loss": 10.520409838431432, "total_logit_restricted_loss": 0.04542670785328871, "total_hidden_excluded_loss": 8.785056223363071, "total_hidden_restricted_loss": 1.6374042267522437, "test_loss_restricted_loss_ratio": 3.7676095462625514, "sum_of_squared_weights": 6855.62744140625, "percent_hidden_explained": 0.8978875875473022, "percent_hidden_xy_explained": 0.07537541538476944, "percent_x_embed_explained": 0.9924554824829102, "percent_y_embed_explained": 0.9911373257637024, "percent_unembed_explained": 0.925995409488678, "epoch": 1000000.0}