{"train_loss": 9.086845767072804e-07, "test_loss": 5.9344130620668475e-06, "train_acc": 1.0, "test_acc": 1.0, "all_loss": 3.4215487595518197e-06, "logit_trivial_rep_trace_similarity": -8.207643986679614e-08, "logit_excluded_loss_trivial_rep": 9.086852491039009e-07, "logit_restricted_loss_trivial_rep": 4.0943445622221, "percent_x_embed_trivial_rep": 2.492816122412478e-07, "percent_y_embed_trivial_rep": 3.003945892032789e-08, "percent_unembed_trivial_rep": 0.049379751086235046, "percent_hidden_trivial_rep": 0.3186528980731964, "embed_excluded_loss_trivial_rep": 3.421697490405682e-06, "embed_restricted_loss_trivial_rep": 4.0943449678712, "logit_standard_rep_trace_similarity": 0.5980265140533447, "logit_excluded_loss_standard_rep": 2.7151251676940045, "logit_restricted_loss_standard_rep": 7.323601811301617e-05, "percent_x_embed_standard_rep": 0.6952121257781982, "percent_y_embed_standard_rep": 0.695401668548584, "percent_unembed_standard_rep": 0.5457683801651001, "percent_hidden_standard_rep": 0.05425822734832764, "embed_excluded_loss_standard_rep": 1.319834831246622, "embed_restricted_loss_standard_rep": 0.01392586897605094, "logit_a5_5d_a_rep_trace_similarity": 0.010807188227772713, "logit_excluded_loss_a5_5d_a_rep": 1.4024284939605799e-06, "logit_restricted_loss_a5_5d_a_rep": 3.7199786669237347, "percent_x_embed_a5_5d_a_rep": 1.5042992345115636e-05, "percent_y_embed_a5_5d_a_rep": 5.35877188667655e-06, "percent_unembed_a5_5d_a_rep": 0.025921691209077835, "percent_hidden_a5_5d_a_rep": 0.0008307110983878374, "embed_excluded_loss_a5_5d_a_rep": 3.4175670254665875e-06, "embed_restricted_loss_a5_5d_a_rep": 4.094531094995284, "logit_a5_3d_a_rep_trace_similarity": 0.31293922662734985, "logit_excluded_loss_a5_3d_a_rep": 0.0016261825224488967, "logit_restricted_loss_a5_3d_a_rep": 0.4798310945145232, "percent_x_embed_a5_3d_a_rep": 0.2816654145717621, "percent_y_embed_a5_3d_a_rep": 0.2882383465766907, "percent_unembed_a5_3d_a_rep": 0.3576100766658783, "percent_hidden_a5_3d_a_rep": 0.01788892224431038, "embed_excluded_loss_a5_3d_a_rep": 0.0749264829382354, "embed_restricted_loss_a5_3d_a_rep": 2.1932666546901243, "logit_a5_3d_b_rep_trace_similarity": 0.005102751776576042, "logit_excluded_loss_a5_3d_b_rep": 1.0192244238054926e-06, "logit_restricted_loss_a5_3d_b_rep": 3.985552117471332, "percent_x_embed_a5_3d_b_rep": 0.014494147151708603, "percent_y_embed_a5_3d_b_rep": 0.01362321712076664, "percent_unembed_a5_3d_b_rep": 0.01391652598977089, "percent_hidden_a5_3d_b_rep": 0.00541211711242795, "embed_excluded_loss_a5_3d_b_rep": 3.706751014477301e-05, "embed_restricted_loss_a5_3d_b_rep": 4.29253149482223, "percent_logits_explained": 0.4557095170021057, "total_logit_excluded_loss": 10.619338361833721, "total_logit_restricted_loss": 6.888066311762438e-08, "total_embed_restricted_loss": 0.00023109603265558025, "total_embed_excluded_loss": 4.283987248937781, "test_loss_restricted_loss_ratio": 0.025679424237071816, "sum_of_squared_weights": 3003.8759765625, "epoch": 250000.0}