{"train_loss": 9.086845767072804e-07, "test_loss": 5.9344130620668475e-06, "train_acc": 1.0, "test_acc": 1.0, "all_loss": 3.4215487595518197e-06, "percent_x_embed_trivial_rep": 2.492816122412478e-07, "percent_y_embed_trivial_rep": 3.003945892032789e-08, "percent_unembed_trivial_rep": 0.049379751086235046, "percent_hidden_trivial_rep": 0.3186528980731964, "hidden_excluded_loss_trivial_rep": 9.287788212323117e-07, "hidden_restricted_loss_trivial_rep": 4.105878814452634, "logit_standard_rep_trace_similarity": 0.5980265140533447, "logit_excluded_loss_standard_rep": 2.7151251676940045, "logit_restricted_loss_standard_rep": 7.323601811301617e-05, "percent_x_embed_standard_rep": 0.6952121257781982, "percent_y_embed_standard_rep": 0.695401668548584, "percent_unembed_standard_rep": 0.5457683801651001, "percent_hidden_standard_rep": 0.05425822734832764, "hidden_excluded_loss_standard_rep": 2.7191038065450055, "hidden_restricted_loss_standard_rep": 8.067355548380533e-05, "logit_a5_5d_a_rep_trace_similarity": 0.010807188227772713, "logit_excluded_loss_a5_5d_a_rep": 1.4024284939605799e-06, "logit_restricted_loss_a5_5d_a_rep": 3.7199786669237347, "percent_x_embed_a5_5d_a_rep": 1.5042992345115636e-05, "percent_y_embed_a5_5d_a_rep": 5.35877188667655e-06, "percent_unembed_a5_5d_a_rep": 0.025921691209077835, "percent_hidden_a5_5d_a_rep": 0.0008307110983878374, "hidden_excluded_loss_a5_5d_a_rep": 1.4223367332063297e-06, "hidden_restricted_loss_a5_5d_a_rep": 3.7304511094155086, "logit_a5_3d_a_rep_trace_similarity": 0.31293922662734985, "logit_excluded_loss_a5_3d_a_rep": 0.0016261825224488967, "logit_restricted_loss_a5_3d_a_rep": 0.4798310945145232, "percent_x_embed_a5_3d_a_rep": 0.2816654145717621, "percent_y_embed_a5_3d_a_rep": 0.2882383465766907, "percent_unembed_a5_3d_a_rep": 0.3576100766658783, "percent_hidden_a5_3d_a_rep": 0.01788892224431038, "hidden_excluded_loss_a5_3d_a_rep": 0.0018158041922230175, "hidden_restricted_loss_a5_3d_a_rep": 0.6066437920854997, "logit_a5_3d_b_rep_trace_similarity": 0.005102751776576042, "logit_excluded_loss_a5_3d_b_rep": 1.0192244238054926e-06, "logit_restricted_loss_a5_3d_b_rep": 3.985552117471332, "percent_x_embed_a5_3d_b_rep": 0.014494147151708603, "percent_y_embed_a5_3d_b_rep": 0.01362321712076664, "percent_unembed_a5_3d_b_rep": 0.01391652598977089, "percent_hidden_a5_3d_b_rep": 0.00541211711242795, "hidden_excluded_loss_a5_3d_b_rep": 1.4310491523489265e-06, "hidden_restricted_loss_a5_3d_b_rep": 3.9436613215455094, "percent_logits_explained": 0.4557095170021057, "total_logit_excluded_loss": 10.619338361833721, "total_logit_restricted_loss": 6.888066311762438e-08, "total_hidden_excluded_loss": 11.032452099358933, "total_hidden_restricted_loss": 9.805019753138464e-08, "test_loss_restricted_loss_ratio": 60.52423362193958, "sum_of_squared_weights": 3003.8759765625, "epoch": 250000.0}