{"train_loss": 8.893611979103713e-08, "test_loss": 1.532486739619274e-07, "train_acc": 1.0, "test_acc": 1.0, "all_loss": 1.3395843694011002e-07, "logit_trivial_rep_trace_similarity": -7.275957614183426e-12, "logit_excluded_loss_trivial_rep": 8.893611867669808e-08, "logit_restricted_loss_trivial_rep": 4.727387818712341, "logit_freq_1_rep_trace_similarity": 1.7553611542098224e-07, "logit_excluded_loss_freq_1_rep": 8.893645408981144e-08, "logit_restricted_loss_freq_1_rep": 4.727378817328038, "logit_freq_2_rep_trace_similarity": 1.484659151174128e-08, "logit_excluded_loss_freq_2_rep": 8.893611867669808e-08, "logit_restricted_loss_freq_2_rep": 4.727387057386694, "logit_freq_3_rep_trace_similarity": -1.4687248039990664e-07, "logit_excluded_loss_freq_3_rep": 8.893507000602482e-08, "logit_restricted_loss_freq_3_rep": 4.727395350274371, "logit_freq_4_rep_trace_similarity": 3.928932528651785e-06, "logit_excluded_loss_freq_4_rep": 8.895399608709798e-08, "logit_restricted_loss_freq_4_rep": 4.727186355150423, "logit_freq_5_rep_trace_similarity": 1.3189128367230296e-07, "logit_excluded_loss_freq_5_rep": 8.893655125008373e-08, "logit_restricted_loss_freq_5_rep": 4.72738105540469, "logit_freq_6_rep_trace_similarity": 4.193831045995466e-06, "logit_excluded_loss_freq_6_rep": 8.89425047038348e-08, "logit_restricted_loss_freq_6_rep": 4.727172772700445, "logit_freq_7_rep_trace_similarity": -1.1516154700075276e-05, "logit_excluded_loss_freq_7_rep": 8.890588427095688e-08, "logit_restricted_loss_freq_7_rep": 4.727978448519779, "logit_freq_8_rep_trace_similarity": 3.340210241731256e-08, "logit_excluded_loss_freq_8_rep": 8.893611867669808e-08, "logit_restricted_loss_freq_8_rep": 4.72738610587001, "logit_freq_9_rep_trace_similarity": -2.6210273063043132e-08, "logit_excluded_loss_freq_9_rep": 8.893611867669808e-08, "logit_restricted_loss_freq_9_rep": 4.727389162762581, "logit_freq_10_rep_trace_similarity": 6.134123395895585e-07, "logit_excluded_loss_freq_10_rep": 8.893878703877175e-08, "logit_restricted_loss_freq_10_rep": 4.727356363481453, "logit_freq_11_rep_trace_similarity": 0.8697056770324707, "logit_excluded_loss_freq_11_rep": 3.5191580941110963, "logit_restricted_loss_freq_11_rep": 1.9124404405671709, "logit_freq_12_rep_trace_similarity": 0.2844471037387848, "logit_excluded_loss_freq_12_rep": 0.7608272726831736, "logit_restricted_loss_freq_12_rep": 2.4772958099321802, "logit_freq_13_rep_trace_similarity": 1.1131669452879578e-07, "logit_excluded_loss_freq_13_rep": 8.89367385988913e-08, "logit_restricted_loss_freq_13_rep": 4.727382110456184, "logit_freq_14_rep_trace_similarity": 2.9134025680832565e-07, "logit_excluded_loss_freq_14_rep": 8.893801942905333e-08, "logit_restricted_loss_freq_14_rep": 4.72737287898536, "logit_freq_15_rep_trace_similarity": -2.213346306234598e-08, "logit_excluded_loss_freq_15_rep": 8.893611867669808e-08, "logit_restricted_loss_freq_15_rep": 4.727388953705546, "logit_freq_16_rep_trace_similarity": -7.933704182505608e-08, "logit_excluded_loss_freq_16_rep": 8.8935525421479e-08, "logit_restricted_loss_freq_16_rep": 4.72739188708044, "logit_freq_17_rep_trace_similarity": 2.472334017511457e-07, "logit_excluded_loss_freq_17_rep": 8.893689227953407e-08, "logit_restricted_loss_freq_17_rep": 4.727375140747468, "logit_freq_18_rep_trace_similarity": 0.3768925666809082, "logit_excluded_loss_freq_18_rep": 3.455932098997538, "logit_restricted_loss_freq_18_rep": 2.334347447273788, "logit_freq_19_rep_trace_similarity": -2.9429702408378944e-07, "logit_excluded_loss_freq_19_rep": 8.893461467063514e-08, "logit_restricted_loss_freq_19_rep": 4.727402910173002, "logit_freq_20_rep_trace_similarity": -1.5342720871558413e-08, "logit_excluded_loss_freq_20_rep": 8.893611867669808e-08, "logit_restricted_loss_freq_20_rep": 4.7273886054795815, "logit_freq_21_rep_trace_similarity": -1.7700131138553843e-08, "logit_excluded_loss_freq_21_rep": 8.893611867669808e-08, "logit_restricted_loss_freq_21_rep": 4.727388726366424, "logit_freq_22_rep_trace_similarity": -5.558349585044198e-06, "logit_excluded_loss_freq_22_rep": 8.892198027206543e-08, "logit_restricted_loss_freq_22_rep": 4.727672868403996, "logit_freq_23_rep_trace_similarity": 6.961376129765995e-06, "logit_excluded_loss_freq_23_rep": 8.895108235223826e-08, "logit_restricted_loss_freq_23_rep": 4.727030874656602, "logit_freq_24_rep_trace_similarity": -0.00048176146810874343, "logit_excluded_loss_freq_24_rep": 8.71535813313673e-08, "logit_restricted_loss_freq_24_rep": 4.752244878814317, "logit_freq_25_rep_trace_similarity": 2.0923835108987987e-06, "logit_excluded_loss_freq_25_rep": 8.894688646027641e-08, "logit_restricted_loss_freq_25_rep": 4.7272805252048755, "logit_freq_26_rep_trace_similarity": -1.6956619219854474e-08, "logit_excluded_loss_freq_26_rep": 8.893611867669808e-08, "logit_restricted_loss_freq_26_rep": 4.7273886882394835, "logit_freq_27_rep_trace_similarity": 8.906454240786843e-09, "logit_excluded_loss_freq_27_rep": 8.893611867669808e-08, "logit_restricted_loss_freq_27_rep": 4.727387361993884, "logit_freq_28_rep_trace_similarity": -1.560888449603226e-07, "logit_excluded_loss_freq_28_rep": 8.893556141316723e-08, "logit_restricted_loss_freq_28_rep": 4.7273958228865, "logit_freq_29_rep_trace_similarity": -3.53497925971169e-05, "logit_excluded_loss_freq_29_rep": 8.888305138630329e-08, "logit_restricted_loss_freq_29_rep": 4.729201359820821, "logit_freq_30_rep_trace_similarity": 1.0229432518826798e-06, "logit_excluded_loss_freq_30_rep": 8.894006688237905e-08, "logit_restricted_loss_freq_30_rep": 4.727335363380439, "logit_freq_31_rep_trace_similarity": -7.759808795526624e-09, "logit_excluded_loss_freq_31_rep": 8.893611867669808e-08, "logit_restricted_loss_freq_31_rep": 4.7273882166315175, "logit_freq_32_rep_trace_similarity": -2.450906322337687e-08, "logit_excluded_loss_freq_32_rep": 8.893611867669808e-08, "logit_restricted_loss_freq_32_rep": 4.727389075525267, "logit_freq_33_rep_trace_similarity": 0.00011100355186499655, "logit_excluded_loss_freq_33_rep": 8.941020141886839e-08, "logit_restricted_loss_freq_33_rep": 4.721703712247347, "logit_freq_34_rep_trace_similarity": 1.2836353562306613e-06, "logit_excluded_loss_freq_34_rep": 8.894097911331712e-08, "logit_restricted_loss_freq_34_rep": 4.727321995611568, "logit_freq_35_rep_trace_similarity": 5.57107796339551e-07, "logit_excluded_loss_freq_35_rep": 8.893827152304306e-08, "logit_restricted_loss_freq_35_rep": 4.727359250705672, "logit_freq_36_rep_trace_similarity": -9.979365859180689e-05, "logit_excluded_loss_freq_36_rep": 8.853575995109292e-08, "logit_restricted_loss_freq_36_rep": 4.732511734427277, "logit_freq_37_rep_trace_similarity": -1.5422870092152152e-07, "logit_excluded_loss_freq_37_rep": 8.893521024218966e-08, "logit_restricted_loss_freq_37_rep": 4.727395727498369, "logit_freq_38_rep_trace_similarity": 1.5368300410045777e-07, "logit_excluded_loss_freq_38_rep": 8.893717438514018e-08, "logit_restricted_loss_freq_38_rep": 4.72737993793995, "logit_freq_39_rep_trace_similarity": -1.895841705845669e-08, "logit_excluded_loss_freq_39_rep": 8.893611867669808e-08, "logit_restricted_loss_freq_39_rep": 4.727388790890789, "logit_freq_40_rep_trace_similarity": 1.2196319403301459e-06, "logit_excluded_loss_freq_40_rep": 8.893914787118574e-08, "logit_restricted_loss_freq_40_rep": 4.727325277574259, "logit_freq_41_rep_trace_similarity": 4.370231636130484e-06, "logit_excluded_loss_freq_41_rep": 8.895224122744256e-08, "logit_restricted_loss_freq_41_rep": 4.727163727961909, "logit_freq_42_rep_trace_similarity": 1.7245017716049915e-06, "logit_excluded_loss_freq_42_rep": 8.894682746940428e-08, "logit_restricted_loss_freq_42_rep": 4.72729938907883, "logit_freq_43_rep_trace_similarity": -2.3312668417929672e-07, "logit_excluded_loss_freq_43_rep": 8.893448304168093e-08, "logit_restricted_loss_freq_43_rep": 4.727399773368369, "logit_freq_44_rep_trace_similarity": 2.7043565751228016e-06, "logit_excluded_loss_freq_44_rep": 8.894904550381006e-08,