{"train_loss": 1.8662989543470667e-06, "test_loss": 4.100674755894631e-06, "train_acc": 1.0, "test_acc": 1.0, "all_loss": 3.2069244664606383e-06, "percent_x_embed_trivial_rep": 1.3935728127023594e-09, "percent_y_embed_trivial_rep": 8.374732157756526e-11, "percent_unembed_trivial_rep": 0.07322175800800323, "percent_hidden_x_trivial_rep": 2.5109438335659375e-15, "percent_hidden_y_trivial_rep": 2.5109438335659375e-15, "percent_hidden_xy_trivial_rep": 2.5109438335659375e-15, "total_percent_hidden_trivial_rep": 7.53283171245605e-15, "hidden_excluded_loss_trivial_rep": 1.9977892428116205e-06, "hidden_restricted_loss_trivial_rep": 4.835635626415256, "logit_sign_rep_trace_similarity": 0.33360740542411804, "logit_excluded_loss_sign_rep": 2.5336124287877288e-05, "logit_restricted_loss_sign_rep": 4.110320543719822, "percent_x_embed_sign_rep": 0.028600705787539482, "percent_y_embed_sign_rep": 0.028589945286512375, "percent_unembed_sign_rep": 0.06366448104381561, "percent_hidden_x_sign_rep": 0.010483840480446815, "percent_hidden_y_sign_rep": 0.010479170829057693, "percent_hidden_xy_sign_rep": 0.009763442911207676, "total_percent_hidden_sign_rep": 0.03072645515203476, "hidden_excluded_loss_sign_rep": 2.544825886666791e-05, "hidden_restricted_loss_sign_rep": 4.111052527635123, "logit_standard_rep_trace_similarity": 0.00745568610727787, "logit_excluded_loss_standard_rep": 2.236972528308851e-06, "logit_restricted_loss_standard_rep": 4.6040318521781325, "percent_x_embed_standard_rep": 1.0805308647832135e-08, "percent_y_embed_standard_rep": 8.442062049418553e-10, "percent_unembed_standard_rep": 0.010572623461484909, "percent_hidden_x_standard_rep": 0.002270275494083762, "percent_hidden_y_standard_rep": 0.0022701965644955635, "percent_hidden_xy_standard_rep": 0.0005389201105572283, "total_percent_hidden_standard_rep": 0.005079392343759537, "hidden_excluded_loss_standard_rep": 2.2730094630747424e-06, "hidden_restricted_loss_standard_rep": 4.619000515610287, "logit_standard_sign_rep_trace_similarity": 0.21654069423675537, "logit_excluded_loss_standard_sign_rep": 0.00038583231436072437, "logit_restricted_loss_standard_sign_rep": 0.674284093139367, "percent_x_embed_standard_sign_rep": 0.16598191857337952, "percent_y_embed_standard_sign_rep": 0.16597284376621246, "percent_unembed_standard_sign_rep": 0.2993388772010803, "percent_hidden_x_standard_sign_rep": 0.06083647906780243, "percent_hidden_y_standard_sign_rep": 0.06083565577864647, "percent_hidden_xy_standard_sign_rep": 0.012907076627016068, "total_percent_hidden_standard_sign_rep": 0.13457921147346497, "hidden_excluded_loss_standard_sign_rep": 0.0003887105682522753, "hidden_restricted_loss_standard_sign_rep": 0.6836502253428804, "logit_s5_5d_a_rep_trace_similarity": 0.5716884136199951, "logit_excluded_loss_s5_5d_a_rep": 5.398230440142595, "logit_restricted_loss_s5_5d_a_rep": 3.272807833077166e-05, "percent_x_embed_s5_5d_a_rep": 0.8054172992706299, "percent_y_embed_s5_5d_a_rep": 0.8054371476173401, "percent_unembed_s5_5d_a_rep": 0.5476671457290649, "percent_hidden_x_s5_5d_a_rep": 0.35817816853523254, "percent_hidden_y_s5_5d_a_rep": 0.27752193808555603, "percent_hidden_xy_s5_5d_a_rep": 0.07557045668363571, "total_percent_hidden_s5_5d_a_rep": 0.7112705707550049, "hidden_excluded_loss_s5_5d_a_rep": 5.393657853542906, "hidden_restricted_loss_s5_5d_a_rep": 4.170354667687695e-05, "logit_s5_5d_b_rep_trace_similarity": 0.00013678151299245656, "logit_excluded_loss_s5_5d_b_rep": 1.8735839923207503e-06, "logit_restricted_loss_s5_5d_b_rep": 4.783260137764862, "percent_x_embed_s5_5d_b_rep": 1.01870982760488e-08, "percent_y_embed_s5_5d_b_rep": 1.445921604670275e-09, "percent_unembed_s5_5d_b_rep": 0.0025885188952088356, "percent_hidden_x_s5_5d_b_rep": 6.0357775510055944e-05, "percent_hidden_y_s5_5d_b_rep": 6.033917088643648e-05, "percent_hidden_xy_s5_5d_b_rep": 9.534966920909937e-06, "total_percent_hidden_s5_5d_b_rep": 0.00013023191422689706, "hidden_excluded_loss_s5_5d_b_rep": 1.8737832958754463e-06, "hidden_restricted_loss_s5_5d_b_rep": 4.783301171242812, "logit_s5_6d_rep_trace_similarity": 5.558831617236137e-09, "logit_excluded_loss_s5_6d_rep": 1.8662990023704511e-06, "logit_restricted_loss_s5_6d_rep": 4.787491536396509, "percent_x_embed_s5_6d_rep": 1.651857672868573e-08, "percent_y_embed_s5_6d_rep": 2.5281130522358808e-09, "percent_unembed_s5_6d_rep": 0.002946550492197275, "percent_hidden_x_s5_6d_rep": 1.328241872045055e-08, "percent_hidden_y_s5_6d_rep": 1.4124920122426943e-09, "percent_hidden_xy_s5_6d_rep": 1.0616181328124141e-12, "total_percent_hidden_s5_6d_rep": 1.4695972438971694e-08, "hidden_excluded_loss_s5_6d_rep": 1.8662989574952533e-06, "hidden_restricted_loss_s5_6d_rep": 4.787491727689483, "percent_logits_explained": 0.4850670397281647, "total_logit_excluded_loss": 10.765719670972057, "total_logit_restricted_loss": 4.399502852947559e-08, "total_hidden_excluded_loss": 10.7539502245737, "total_hidden_restricted_loss": 5.086489247916657e-08, "test_loss_restricted_loss_ratio": 80.61896046618402, "sum_of_squared_weights": 5489.0, "percent_hidden_explained": 0.8816556334495544, "percent_hidden_xy_explained": 0.09877989441156387, "percent_x_embed_explained": 0.9999999403953552, "percent_y_embed_explained": 0.9999999403953552, "percent_unembed_explained": 0.9212431311607361, "epoch": 250000.0}