{"train_loss": 2.105890797643893e-06, "test_loss": 3.3019706725533296e-05, "train_acc": 1.0, "test_acc": 1.0, "all_loss": 2.0654180459474775e-05, "percent_x_embed_trivial_rep": 0.00014569373161066324, "percent_y_embed_trivial_rep": 0.00016531089204363525, "percent_unembed_trivial_rep": 0.029258374124765396, "percent_hidden_x_trivial_rep": 3.0765763421163614e-15, "percent_hidden_y_trivial_rep": 3.0765763421163614e-15, "percent_hidden_xy_trivial_rep": 3.0765763421163614e-15, "total_percent_hidden_trivial_rep": 9.229729238107321e-15, "hidden_excluded_loss_trivial_rep": 2.18208611074255e-06, "hidden_restricted_loss_trivial_rep": 4.811918725875104, "logit_sign_rep_trace_similarity": 0.28717899322509766, "logit_excluded_loss_sign_rep": 1.8460530419472914e-05, "logit_restricted_loss_sign_rep": 4.117458806925003, "percent_x_embed_sign_rep": 0.04080471023917198, "percent_y_embed_sign_rep": 0.03772212192416191, "percent_unembed_sign_rep": 0.04937097430229187, "percent_hidden_x_sign_rep": 0.014865027740597725, "percent_hidden_y_sign_rep": 0.013859307393431664, "percent_hidden_xy_sign_rep": 0.011059819720685482, "total_percent_hidden_sign_rep": 0.039784155786037445, "hidden_excluded_loss_sign_rep": 1.8867604160369666e-05, "hidden_restricted_loss_sign_rep": 4.121184885000872, "logit_standard_rep_trace_similarity": 0.4611533284187317, "logit_excluded_loss_standard_rep": 0.21100436517887022, "logit_restricted_loss_standard_rep": 0.02631110858309157, "percent_x_embed_standard_rep": 0.5124658346176147, "percent_y_embed_standard_rep": 0.5163965821266174, "percent_unembed_standard_rep": 0.3262573182582855, "percent_hidden_x_standard_rep": 0.2023683488368988, "percent_hidden_y_standard_rep": 0.2016610950231552, "percent_hidden_xy_standard_rep": 0.060159843415021896, "total_percent_hidden_standard_rep": 0.4641892611980438, "hidden_excluded_loss_standard_rep": 0.20840979219056555, "hidden_restricted_loss_standard_rep": 0.6395662211476775, "logit_standard_sign_rep_trace_similarity": 0.30173319578170776, "logit_excluded_loss_standard_sign_rep": 0.01964501475053275, "logit_restricted_loss_standard_sign_rep": 0.11835088393617199, "percent_x_embed_standard_sign_rep": 0.3170180916786194, "percent_y_embed_standard_sign_rep": 0.32024651765823364, "percent_unembed_standard_sign_rep": 0.3602595329284668, "percent_hidden_x_standard_sign_rep": 0.11581920832395554, "percent_hidden_y_standard_sign_rep": 0.11744293570518494, "percent_hidden_xy_standard_sign_rep": 0.02394474670290947, "total_percent_hidden_standard_sign_rep": 0.25720688700675964, "hidden_excluded_loss_standard_sign_rep": 0.008613218303347644, "hidden_restricted_loss_standard_sign_rep": 0.1508854575531601, "logit_s5_5d_a_rep_trace_similarity": 0.10947124660015106, "logit_excluded_loss_s5_5d_a_rep": 0.00012113799697797807, "logit_restricted_loss_s5_5d_a_rep": 1.5932956336681168, "percent_x_embed_s5_5d_a_rep": 0.12571091949939728, "percent_y_embed_s5_5d_a_rep": 0.12185688316822052, "percent_unembed_s5_5d_a_rep": 0.22047525644302368, "percent_hidden_x_s5_5d_a_rep": 0.0490088053047657, "percent_hidden_y_s5_5d_a_rep": 0.04743650183081627, "percent_hidden_xy_s5_5d_a_rep": 0.008120222017168999, "total_percent_hidden_s5_5d_a_rep": 0.10456553101539612, "hidden_excluded_loss_s5_5d_a_rep": 0.00015529720112184353, "hidden_restricted_loss_s5_5d_a_rep": 1.7598738689490083, "logit_s5_5d_b_rep_trace_similarity": 4.168437953921966e-05, "logit_excluded_loss_s5_5d_b_rep": 2.109040515568437e-06, "logit_restricted_loss_s5_5d_b_rep": 4.786128909136933, "percent_x_embed_s5_5d_b_rep": 0.0013099113712087274, "percent_y_embed_s5_5d_b_rep": 0.0012052811216562986, "percent_unembed_s5_5d_b_rep": 0.006457400508224964, "percent_hidden_x_s5_5d_b_rep": 0.0012898455606773496, "percent_hidden_y_s5_5d_b_rep": 0.0007184228743426502, "percent_hidden_xy_s5_5d_b_rep": 2.7491647415445186e-05, "total_percent_hidden_s5_5d_b_rep": 0.002035760087892413, "hidden_excluded_loss_s5_5d_b_rep": 2.107826566963442e-06, "hidden_restricted_loss_s5_5d_b_rep": 4.786725339584276, "logit_s5_6d_rep_trace_similarity": 1.5872348740231246e-05, "logit_excluded_loss_s5_6d_rep": 2.1072787473273514e-06, "logit_restricted_loss_s5_6d_rep": 4.786869012402113, "percent_x_embed_s5_6d_rep": 0.0025449059903621674, "percent_y_embed_s5_6d_rep": 0.0024073761887848377, "percent_unembed_s5_6d_rep": 0.007921222597360611, "percent_hidden_x_s5_6d_rep": 0.0009635010501369834, "percent_hidden_y_s5_6d_rep": 0.0009029480861499906, "percent_hidden_xy_s5_6d_rep": 2.078174929920351e-06, "total_percent_hidden_s5_6d_rep": 0.0018685272661969066, "hidden_excluded_loss_s5_6d_rep": 2.1087137259765243e-06, "hidden_restricted_loss_s5_6d_rep": 4.786937238337844, "percent_logits_explained": 0.3981610834598541, "total_logit_excluded_loss": 11.965262344711448, "total_logit_restricted_loss": 8.835830311558498e-08, "total_hidden_excluded_loss": 11.395223669157028, "total_hidden_restricted_loss": 3.6355167323529027e-07, "test_loss_restricted_loss_ratio": 90.82534659155034, "sum_of_squared_weights": 6339.67578125, "percent_hidden_explained": 0.8657457828521729, "percent_hidden_xy_explained": 0.10328462719917297, "percent_x_embed_explained": 0.9959995150566101, "percent_y_embed_explained": 0.9962220788002014, "percent_unembed_explained": 0.9563630819320679, "epoch": 250000.0}