{"train_loss": 1.5109813491608287e-06, "test_loss": 2.8029697742711924e-06, "train_acc": 1.0, "test_acc": 1.0, "all_loss": 2.286174388425616e-06, "percent_x_embed_trivial_rep": 3.9597650158818e-10, "percent_y_embed_trivial_rep": 4.13970385748641e-10, "percent_unembed_trivial_rep": 0.04574660584330559, "percent_hidden_x_trivial_rep": 3.3972905445176253e-15, "percent_hidden_y_trivial_rep": 3.3972905445176253e-15, "percent_hidden_xy_trivial_rep": 3.3972905445176253e-15, "total_percent_hidden_trivial_rep": 1.0191871421794639e-14, "hidden_excluded_loss_trivial_rep": 1.5198218986559098e-06, "hidden_restricted_loss_trivial_rep": 4.792263823362394, "logit_sign_rep_trace_similarity": 0.5119332075119019, "logit_excluded_loss_sign_rep": 0.0005834893668612873, "logit_restricted_loss_sign_rep": 4.094835332309663, "percent_x_embed_sign_rep": 0.06947320699691772, "percent_y_embed_sign_rep": 0.06945977360010147, "percent_unembed_sign_rep": 0.09786275774240494, "percent_hidden_x_sign_rep": 0.025166796520352364, "percent_hidden_y_sign_rep": 0.025161700323224068, "percent_hidden_xy_sign_rep": 0.02516110986471176, "total_percent_hidden_sign_rep": 0.07548961043357849, "hidden_excluded_loss_sign_rep": 0.0005858453925177884, "hidden_restricted_loss_sign_rep": 4.095583165145333, "logit_standard_rep_trace_similarity": 0.7746574282646179, "logit_excluded_loss_standard_rep": 7.00702190413201, "logit_restricted_loss_standard_rep": 9.897165319256748e-05, "percent_x_embed_standard_rep": 0.930526852607727, "percent_y_embed_standard_rep": 0.9305402040481567, "percent_unembed_standard_rep": 0.8515369296073914, "percent_hidden_x_standard_rep": 0.35483190417289734, "percent_hidden_y_standard_rep": 0.3613838851451874, "percent_hidden_xy_standard_rep": 0.10583171248435974, "total_percent_hidden_standard_rep": 0.8220474720001221, "hidden_excluded_loss_standard_rep": 7.0052611163334735, "hidden_restricted_loss_standard_rep": 0.00010427741444465517, "logit_standard_sign_rep_trace_similarity": -5.893525667488575e-10, "logit_excluded_loss_standard_sign_rep": 1.510981232907927e-06, "logit_restricted_loss_standard_sign_rep": 4.787491760325145, "percent_x_embed_standard_sign_rep": 8.141574081577119e-10, "percent_y_embed_standard_sign_rep": 8.678541218998248e-10, "percent_unembed_standard_sign_rep": 0.0005265600048005581, "percent_hidden_x_standard_sign_rep": 5.173685369008751e-10, "percent_hidden_y_standard_sign_rep": 5.03329045109524e-10, "percent_hidden_xy_standard_sign_rep": 3.1845389498151577e-13, "total_percent_hidden_standard_sign_rep": 1.0210159384627104e-09, "hidden_excluded_loss_standard_sign_rep": 1.510981233199775e-06, "hidden_restricted_loss_standard_sign_rep": 4.78749176089998, "logit_s5_5d_a_rep_trace_similarity": -1.69893610291183e-09, "logit_excluded_loss_s5_5d_a_rep": 1.5109812329079654e-06, "logit_restricted_loss_s5_5d_a_rep": 4.787491805996766, "percent_x_embed_s5_5d_a_rep": 2.017164213441447e-09, "percent_y_embed_s5_5d_a_rep": 2.5124573532764316e-09, "percent_unembed_s5_5d_a_rep": 0.001122145913541317, "percent_hidden_x_s5_5d_a_rep": 9.81048908776927e-10, "percent_hidden_y_s5_5d_a_rep": 1.2756139478042883e-09, "percent_hidden_xy_s5_5d_a_rep": 2.998447302081375e-13, "total_percent_hidden_s5_5d_a_rep": 2.256962616797864e-09, "hidden_excluded_loss_s5_5d_a_rep": 1.5109814814662619e-06, "hidden_restricted_loss_s5_5d_a_rep": 4.787491738116469, "logit_s5_5d_b_rep_trace_similarity": 0.00018063417519442737, "logit_excluded_loss_s5_5d_b_rep": 1.5222786625830186e-06, "logit_restricted_loss_s5_5d_b_rep": 4.780771535638509, "percent_x_embed_s5_5d_b_rep": 2.442544611014341e-09, "percent_y_embed_s5_5d_b_rep": 2.995246939363483e-09, "percent_unembed_s5_5d_b_rep": 0.0016854442656040192, "percent_hidden_x_s5_5d_b_rep": 6.027940980857238e-05, "percent_hidden_y_s5_5d_b_rep": 6.05389395786915e-05, "percent_hidden_xy_s5_5d_b_rep": 1.6410696844104677e-05, "total_percent_hidden_s5_5d_b_rep": 0.00013722904259338975, "hidden_excluded_loss_s5_5d_b_rep": 1.5221946586061689e-06, "hidden_restricted_loss_s5_5d_b_rep": 4.780853204871459, "logit_s5_6d_rep_trace_similarity": 6.322807166725397e-09, "logit_excluded_loss_s5_6d_rep": 1.5109812329089292e-06, "logit_restricted_loss_s5_6d_rep": 4.787491460468098, "percent_x_embed_s5_6d_rep": 2.226636208746413e-09, "percent_y_embed_s5_6d_rep": 2.8318254408077337e-09, "percent_unembed_s5_6d_rep": 0.0015195868909358978, "percent_hidden_x_s5_6d_rep": 1.1701429825095033e-09, "percent_hidden_y_s5_6d_rep": 1.4995602537482e-09, "percent_hidden_xy_s5_6d_rep": 7.293021438495306e-13, "total_percent_hidden_s5_6d_rep": 2.6704323197179747e-09, "hidden_excluded_loss_s5_6d_rep": 1.5109814369273626e-06, "hidden_restricted_loss_s5_6d_rep": 4.787491686279008, "percent_logits_explained": 0.8621698021888733, "total_logit_excluded_loss": 7.370964648539953, "total_logit_restricted_loss": 6.666580834222477e-07, "total_hidden_excluded_loss": 7.3688042491709265, "total_hidden_restricted_loss": 7.006195733366416e-07, "test_loss_restricted_loss_ratio": 4.000701494710297, "sum_of_squared_weights": 4980.09912109375, "percent_hidden_explained": 0.897537112236023, "percent_hidden_xy_explained": 0.1309928297996521, "percent_x_embed_explained": 1.0, "percent_y_embed_explained": 1.0, "percent_unembed_explained": 0.9493997097015381, "epoch": 250000.0}