{"train_loss": 2.690037510601123e-07, "test_loss": 2.81910773513178e-07, "train_acc": 1.0, "test_acc": 1.0, "all_loss": 2.7674796453195174e-07, "logit_sign_rep_trace_similarity": -1.4779288903810084e-12, "logit_excluded_loss_sign_rep": 2.6900375119680735e-07, "logit_restricted_loss_sign_rep": 6.579251212053313, "logit_standard_rep_trace_similarity": 2.5825102056842297e-09, "logit_excluded_loss_standard_rep": 2.6900375119680735e-07, "logit_restricted_loss_standard_rep": 6.579250834490506, "logit_standard_sign_rep_trace_similarity": -1.3360477169044316e-09, "logit_excluded_loss_standard_sign_rep": 2.6900375119680735e-07, "logit_restricted_loss_standard_sign_rep": 6.579251407317836, "logit_s6_5d_a_rep_trace_similarity": 6.511982064694166e-09, "logit_excluded_loss_s6_5d_a_rep": 2.6900375119680735e-07, "logit_restricted_loss_s6_5d_a_rep": 6.579250260067765, "logit_s6_5d_b_rep_trace_similarity": 0.6670880913734436, "logit_excluded_loss_s6_5d_b_rep": 66.39960793048722, "logit_restricted_loss_s6_5d_b_rep": 6.383782391594647e-17, "percent_logits_explained": 0.44500651955604553, "total_logit_excluded_loss": 66.39960793048722, "total_logit_restricted_loss": 6.383782391594647e-17, "epoch": 50000.0}