{"train_loss": 2.152030008480898e-06, "test_loss": 2.255286188105424e-06, "train_acc": 1.0, "test_acc": 1.0, "all_loss": 2.213983716255614e-06, "percent_x_embed_trivial_rep": 2.343643700442044e-06, "percent_y_embed_trivial_rep": 2.343643700442044e-06, "percent_unembed_trivial_rep": 1.417061668007591e-07, "percent_hidden_x_trivial_rep": 3.8546277308275714e-14, "percent_hidden_y_trivial_rep": 3.8546277308275714e-14, "percent_hidden_xy_trivial_rep": 3.8546277308275714e-14, "total_percent_hidden_trivial_rep": 1.1563883531295893e-13, "hidden_excluded_loss_trivial_rep": 6.922634514182043e-06, "hidden_restricted_loss_trivial_rep": 52.80527036082551, "logit_sign_rep_trace_similarity": -1.4779288903810084e-12, "logit_excluded_loss_sign_rep": 2.1520300095744592e-06, "logit_restricted_loss_sign_rep": 52.63400969642652, "percent_x_embed_sign_rep": 4.0490348851562885e-09, "percent_y_embed_sign_rep": 4.0490348851562885e-09, "percent_unembed_sign_rep": 3.17005905969836e-08, "percent_hidden_x_sign_rep": 3.1883237369689787e-12, "percent_hidden_y_sign_rep": 6.30674332202652e-12, "percent_hidden_xy_sign_rep": 5.985145393210727e-17, "total_percent_hidden_sign_rep": 9.49512690695542e-12, "hidden_excluded_loss_sign_rep": 7.035930956596882e-06, "hidden_restricted_loss_sign_rep": 52.634009696081826, "logit_standard_rep_trace_similarity": 2.5825102056842297e-09, "logit_excluded_loss_standard_rep": 2.1520300095744592e-06, "logit_restricted_loss_standard_rep": 52.63400667592402, "percent_x_embed_standard_rep": 1.5387846019621065e-07, "percent_y_embed_standard_rep": 1.5387846019621065e-07, "percent_unembed_standard_rep": 1.7552398503539735e-06, "percent_hidden_x_standard_rep": 2.478046934317746e-10, "percent_hidden_y_standard_rep": 2.6384786022681794e-10, "percent_hidden_xy_standard_rep": 9.682267601606245e-14, "total_percent_hidden_standard_rep": 5.117493651063398e-10, "hidden_excluded_loss_standard_rep": 7.03593141474678e-06, "hidden_restricted_loss_standard_rep": 52.634009691560536, "logit_standard_sign_rep_trace_similarity": -1.3360477169044316e-09, "logit_excluded_loss_standard_sign_rep": 2.1520300095744592e-06, "logit_restricted_loss_standard_sign_rep": 52.63401125854268, "percent_x_embed_standard_sign_rep": 4.1020761273102835e-05, "percent_y_embed_standard_sign_rep": 4.1020761273102835e-05, "percent_unembed_standard_sign_rep": 1.949475972651271e-06, "percent_hidden_x_standard_sign_rep": 5.406187164602727e-10, "percent_hidden_y_standard_sign_rep": 6.254251561088608e-10, "percent_hidden_xy_standard_sign_rep": 1.7560852403307459e-13, "total_percent_hidden_standard_sign_rep": 1.1662195653627805e-09, "hidden_excluded_loss_standard_sign_rep": 7.035931467743812e-06, "hidden_restricted_loss_standard_sign_rep": 52.63400972566612, "logit_s6_5d_a_rep_trace_similarity": 6.511982064694166e-09, "logit_excluded_loss_s6_5d_a_rep": 2.1520300095744592e-06, "logit_restricted_loss_s6_5d_a_rep": 52.634002080542125, "percent_x_embed_s6_5d_a_rep": 1.2905243806926592e-07, "percent_y_embed_s6_5d_a_rep": 1.2905243806926592e-07, "percent_unembed_s6_5d_a_rep": 1.4817806004430167e-06, "percent_hidden_x_s6_5d_a_rep": 1.9800754091914285e-10, "percent_hidden_y_s6_5d_a_rep": 2.009410832171099e-10, "percent_hidden_xy_s6_5d_a_rep": 3.102141067013917e-15, "total_percent_hidden_s6_5d_a_rep": 3.989517327607217e-10, "hidden_excluded_loss_s6_5d_a_rep": 7.035931230403808e-06, "hidden_restricted_loss_s6_5d_a_rep": 52.63400969581507, "logit_s6_5d_b_rep_trace_similarity": 0.6670880913734436, "logit_excluded_loss_s6_5d_b_rep": 531.1968634438978, "logit_restricted_loss_s6_5d_b_rep": 5.107025913275719e-16, "percent_x_embed_s6_5d_b_rep": 0.999687910079956, "percent_y_embed_s6_5d_b_rep": 0.999687910079956, "percent_unembed_s6_5d_b_rep": 0.9999522566795349, "percent_hidden_x_s6_5d_b_rep": 0.39243918657302856, "percent_hidden_y_s6_5d_b_rep": 0.3924834430217743, "percent_hidden_xy_s6_5d_b_rep": 0.09572027623653412, "total_percent_hidden_s6_5d_b_rep": 0.8806428909301758, "hidden_excluded_loss_s6_5d_b_rep": 531.3075416734051, "hidden_restricted_loss_s6_5d_b_rep": 4.934324553889584e-16, "percent_logits_explained": 0.44500651955604553, "total_logit_excluded_loss": 531.1968634438978, "total_logit_restricted_loss": 5.107025913275719e-16, "total_hidden_excluded_loss": 531.3075416734051, "total_hidden_restricted_loss": 4.934324553889584e-16, "test_loss_restricted_loss_ratio": 4570607716.364437, "sum_of_squared_weights": 0.0, "percent_hidden_explained": 0.8806428909301758, "percent_hidden_xy_explained": 0.09572027623653412, "percent_x_embed_explained": 0.999687910079956, "percent_y_embed_explained": 0.999687910079956, "percent_unembed_explained": 0.9999522566795349, "epoch": 20000.0}