{"train_loss": 9.877234468303271e-08, "test_loss": 1.9435091897700514e-07, "train_acc": 1.0, "test_acc": 1.0, "all_loss": 1.6567871255425283e-07, "logit_trivial_rep_trace_similarity": -9.367795428261161e-11, "logit_excluded_loss_trivial_rep": 9.877234478855317e-08, "logit_restricted_loss_trivial_rep": 4.770684624465665, "logit_sign_rep_trace_similarity": -1.0545659279159736e-07, "logit_excluded_loss_sign_rep": 9.877195576045813e-08, "logit_restricted_loss_sign_rep": 4.770687542574805, "logit_freq_1_rep_trace_similarity": 4.950925358571112e-08, "logit_excluded_loss_freq_1_rep": 9.877268592263596e-08, "logit_restricted_loss_freq_1_rep": 4.770682687025293, "logit_freq_2_rep_trace_similarity": 3.513296178425662e-07, "logit_excluded_loss_freq_2_rep": 9.877492449117107e-08, "logit_restricted_loss_freq_2_rep": 4.770670875962572, "logit_freq_3_rep_trace_similarity": 4.597824954544194e-06, "logit_excluded_loss_freq_3_rep": 9.878623014204153e-08, "logit_restricted_loss_freq_3_rep": 4.770504706276306, "logit_freq_4_rep_trace_similarity": 0.0001764347980497405, "logit_excluded_loss_freq_4_rep": 9.901729449654629e-08, "logit_restricted_loss_freq_4_rep": 4.7637921347690595, "logit_freq_5_rep_trace_similarity": 6.073287295293994e-08, "logit_excluded_loss_freq_5_rep": 9.877267398969378e-08, "logit_restricted_loss_freq_5_rep": 4.77068224781281, "logit_freq_6_rep_trace_similarity": -5.615720510832034e-08, "logit_excluded_loss_freq_6_rep": 9.877186013803367e-08, "logit_restricted_loss_freq_6_rep": 4.770686822061841, "logit_freq_7_rep_trace_similarity": -9.994619176723063e-08, "logit_excluded_loss_freq_7_rep": 9.877200672497093e-08, "logit_restricted_loss_freq_7_rep": 4.770688535655048, "logit_freq_8_rep_trace_similarity": 0.2208651900291443, "logit_excluded_loss_freq_8_rep": 0.022140873408292887, "logit_restricted_loss_freq_8_rep": 2.7887906051276548, "logit_freq_9_rep_trace_similarity": -1.4221222954802215e-07, "logit_excluded_loss_freq_9_rep": 9.877181791101508e-08, "logit_restricted_loss_freq_9_rep": 4.770690189651934, "logit_freq_10_rep_trace_similarity": 3.555896910256706e-07, "logit_excluded_loss_freq_10_rep": 9.877473686504785e-08, "logit_restricted_loss_freq_10_rep": 4.770670709253313, "logit_freq_11_rep_trace_similarity": 7.195922080427408e-07, "logit_excluded_loss_freq_11_rep": 9.877479372845901e-08, "logit_restricted_loss_freq_11_rep": 4.770656464925331, "logit_freq_12_rep_trace_similarity": 0.9056236743927002, "logit_excluded_loss_freq_12_rep": 0.6313665281543523, "logit_restricted_loss_freq_12_rep": 2.071412269782689, "logit_freq_13_rep_trace_similarity": 4.676257958635688e-08, "logit_excluded_loss_freq_13_rep": 9.877234479434748e-08, "logit_restricted_loss_freq_13_rep": 4.770682794510524, "logit_freq_14_rep_trace_similarity": -4.354933480499312e-08, "logit_excluded_loss_freq_14_rep": 9.87723447899353e-08, "logit_restricted_loss_freq_14_rep": 4.77068632867869, "logit_freq_15_rep_trace_similarity": -2.4001588826649822e-05, "logit_excluded_loss_freq_15_rep": 9.872958480293358e-08, "logit_restricted_loss_freq_15_rep": 4.7716240970439125, "logit_freq_16_rep_trace_similarity": 0.0001377836160827428, "logit_excluded_loss_freq_16_rep": 9.909000200445422e-08, "logit_restricted_loss_freq_16_rep": 4.7653000182232095, "logit_freq_17_rep_trace_similarity": 4.2867259253398515e-06, "logit_excluded_loss_freq_17_rep": 9.879817803843483e-08, "logit_restricted_loss_freq_17_rep": 4.770516879423169, "logit_freq_18_rep_trace_similarity": 6.955360731808469e-08, "logit_excluded_loss_freq_18_rep": 9.87727256902478e-08, "logit_restricted_loss_freq_18_rep": 4.7706819026325125, "logit_freq_19_rep_trace_similarity": -3.555205694283359e-07, "logit_excluded_loss_freq_19_rep": 9.87713368777386e-08, "logit_restricted_loss_freq_19_rep": 4.77069853706906, "logit_freq_20_rep_trace_similarity": -4.0786391764413565e-05, "logit_excluded_loss_freq_20_rep": 9.865041093065378e-08, "logit_restricted_loss_freq_20_rep": 4.772281351613658, "logit_freq_21_rep_trace_similarity": 1.6847388906171545e-07, "logit_excluded_loss_freq_21_rep": 9.877331924813793e-08, "logit_restricted_loss_freq_21_rep": 4.770678031602644, "logit_freq_22_rep_trace_similarity": 2.3414668248733506e-07, "logit_excluded_loss_freq_22_rep": 9.877333277340123e-08, "logit_restricted_loss_freq_22_rep": 4.7706754616458875, "logit_freq_23_rep_trace_similarity": 1.11666668090038e-06, "logit_excluded_loss_freq_23_rep": 9.87755528612231e-08, "logit_restricted_loss_freq_23_rep": 4.770640926523876, "logit_freq_24_rep_trace_similarity": 0.00012699217768386006, "logit_excluded_loss_freq_24_rep": 9.906881431657566e-08, "logit_restricted_loss_freq_24_rep": 4.765721225057335, "logit_freq_25_rep_trace_similarity": 1.5129307939787395e-07, "logit_excluded_loss_freq_25_rep": 9.877328461014358e-08, "logit_restricted_loss_freq_25_rep": 4.770678703935858, "logit_freq_26_rep_trace_similarity": 3.014574758708477e-07, "logit_excluded_loss_freq_26_rep": 9.877392887978452e-08, "logit_restricted_loss_freq_26_rep": 4.770672827591131, "logit_freq_27_rep_trace_similarity": 0.2956995368003845, "logit_excluded_loss_freq_27_rep": 0.7067060853258661, "logit_restricted_loss_freq_27_rep": 2.6387880809419793, "logit_freq_28_rep_trace_similarity": 2.3471548047382385e-06, "logit_excluded_loss_freq_28_rep": 9.878090024482086e-08, "logit_restricted_loss_freq_28_rep": 4.770592775577289, "logit_freq_29_rep_trace_similarity": -1.3737235349253751e-08, "logit_excluded_loss_freq_29_rep": 9.877234478855317e-08, "logit_restricted_loss_freq_29_rep": 4.770685162043784, "logit_freq_30_rep_trace_similarity": 2.803674306051107e-06, "logit_excluded_loss_freq_30_rep": 9.878162141068151e-08, "logit_restricted_loss_freq_30_rep": 4.770574911535697, "logit_freq_31_rep_trace_similarity": 7.971516424731817e-07, "logit_excluded_loss_freq_31_rep": 9.877435541379877e-08, "logit_restricted_loss_freq_31_rep": 4.770653429844668, "logit_freq_32_rep_trace_similarity": -6.274740371736698e-07, "logit_excluded_loss_freq_32_rep": 9.876966104828493e-08, "logit_restricted_loss_freq_32_rep": 4.770709179501865, "logit_freq_33_rep_trace_similarity": -1.137378148996504e-06, "logit_excluded_loss_freq_33_rep": 9.876709440438525e-08, "logit_restricted_loss_freq_33_rep": 4.770729133878124, "logit_freq_34_rep_trace_similarity": 2.07907714866451e-06, "logit_excluded_loss_freq_34_rep": 9.87797863670833e-08, "logit_restricted_loss_freq_34_rep": 4.770603265773094, "logit_freq_35_rep_trace_similarity": -4.467050985113019e-06, "logit_excluded_loss_freq_35_rep": 9.875711759246407e-08, "logit_restricted_loss_freq_35_rep": 4.7708594408140215, "logit_freq_36_rep_trace_similarity": 2.191062412748579e-05, "logit_excluded_loss_freq_36_rep": 9.885540541739186e-08, "logit_restricted_loss_freq_36_rep": 4.7698273817696135, "logit_freq_37_rep_trace_similarity": 5.711419362341985e-05, "logit_excluded_loss_freq_37_rep": 9.902548206522026e-08, "logit_restricted_loss_freq_37_rep": 4.7684508288290575, "logit_freq_38_rep_trace_similarity": -1.713851816020906e-08, "logit_excluded_loss_freq_38_rep": 9.877234478855317e-08, "logit_restricted_loss_freq_38_rep": 4.77068529514593, "logit_freq_39_rep_trace_similarity": -3.106517397100106e-05, "logit_excluded_loss_freq_39_rep": 9.869890053518343e-08, "logit_restricted_loss_freq_39_rep": 4.77190066465298, "logit_freq_40_rep_trace_similarity": 2.030213408943382e-06, "logit_excluded_loss_freq_40_rep": 9.878137082699205e-08, "logit_restricted_loss_freq_40_rep": 4.770605177883558, "logit_freq_41_rep_trace_similarity": 1.2833095752284862e-05, "logit_excluded_loss_freq_41_rep": 9.883648731271414e-08, "logit_restricted_loss_freq_41_rep": 4.7701824910843555, "logit_freq_42_rep_trace_similarity": 1.585249265190214e-07, "logit_excluded_loss_freq_42_rep": 9.877294368677591e-08, "logit_restricted_loss_freq_42_rep": 4.770678420933369, "logit_freq_43_rep_trace_similarity": 2.7867145035997964e-07, "logit_excluded_loss_freq_43_rep": 9.877321322826196e-08, "logit_restricted_loss_freq_43_rep": 4.770673719270115,