{"train_loss": 1.7712472104391066e-06, "test_loss": 2.314382067070728e-06, "train_acc": 1.0, "test_acc": 1.0, "all_loss": 2.0971281244180795e-06, "percent_x_embed_trivial_rep": 1.3110339203148413e-10, "percent_y_embed_trivial_rep": 1.8947085567155852e-10, "percent_unembed_trivial_rep": 0.06936674565076828, "percent_hidden_x_trivial_rep": 1.4990119944478277e-15, "percent_hidden_y_trivial_rep": 1.4990119944478277e-15, "percent_hidden_xy_trivial_rep": 1.4990119944478277e-15, "total_percent_hidden_trivial_rep": 4.497035983343483e-15, "hidden_excluded_loss_trivial_rep": 1.8508632882354118e-06, "hidden_restricted_loss_trivial_rep": 4.81797808384601, "logit_sign_rep_trace_similarity": 0.3699474334716797, "logit_excluded_loss_sign_rep": 0.0015326816228885237, "logit_restricted_loss_sign_rep": 4.0945436537206845, "percent_x_embed_sign_rep": 0.042477935552597046, "percent_y_embed_sign_rep": 0.042465902864933014, "percent_unembed_sign_rep": 0.11049622297286987, "percent_hidden_x_sign_rep": 0.015548590570688248, "percent_hidden_y_sign_rep": 0.015546000562608242, "percent_hidden_xy_sign_rep": 0.01546525675803423, "total_percent_hidden_sign_rep": 0.04655984789133072, "hidden_excluded_loss_sign_rep": 0.0015352667954954967, "hidden_restricted_loss_sign_rep": 4.094985592202469, "logit_standard_rep_trace_similarity": 0.674803614616394, "logit_excluded_loss_standard_rep": 16.3742323673669, "logit_restricted_loss_standard_rep": 1.7771412128924202e-06, "percent_x_embed_standard_rep": 0.9575221538543701, "percent_y_embed_standard_rep": 0.95753413438797, "percent_unembed_standard_rep": 0.8157803416252136, "percent_hidden_x_standard_rep": 0.3707532584667206, "percent_hidden_y_standard_rep": 0.3708040714263916, "percent_hidden_xy_standard_rep": 0.11181392520666122, "total_percent_hidden_standard_rep": 0.853371262550354, "hidden_excluded_loss_standard_rep": 16.39395590831356, "hidden_restricted_loss_standard_rep": 1.921018486083459e-06, "logit_standard_sign_rep_trace_similarity": 0.00016941019566729665, "logit_excluded_loss_standard_sign_rep": 1.7842887752459844e-06, "logit_restricted_loss_standard_sign_rep": 4.779689003399637, "percent_x_embed_standard_sign_rep": 1.4730721087374832e-09, "percent_y_embed_standard_sign_rep": 1.1273610933670852e-09, "percent_unembed_standard_sign_rep": 0.0007315415423363447, "percent_hidden_x_standard_sign_rep": 2.3939703169162385e-05, "percent_hidden_y_standard_sign_rep": 2.3933676857268438e-05, "percent_hidden_xy_standard_sign_rep": 9.463777132623363e-06, "total_percent_hidden_standard_sign_rep": 5.733715443057008e-05, "hidden_excluded_loss_standard_sign_rep": 1.7834396207487535e-06, "hidden_restricted_loss_standard_sign_rep": 4.779722946604765, "logit_s5_5d_a_rep_trace_similarity": -1.2987584341317415e-09, "logit_excluded_loss_s5_5d_a_rep": 1.7712472421870123e-06, "logit_restricted_loss_s5_5d_a_rep": 4.787491817573476, "percent_x_embed_s5_5d_a_rep": 2.7695943316530247e-09, "percent_y_embed_s5_5d_a_rep": 2.505134766295214e-09, "percent_unembed_s5_5d_a_rep": 0.00021854207443539053, "percent_hidden_x_s5_5d_a_rep": 1.2398653215228705e-09, "percent_hidden_y_s5_5d_a_rep": 1.2680996253067178e-09, "percent_hidden_xy_s5_5d_a_rep": 3.392500852721775e-13, "total_percent_hidden_s5_5d_a_rep": 2.508304230985914e-09, "hidden_excluded_loss_s5_5d_a_rep": 1.7712473803791243e-06, "hidden_restricted_loss_s5_5d_a_rep": 4.787491717806042, "logit_s5_5d_b_rep_trace_similarity": 0.0006426459876820445, "logit_excluded_loss_s5_5d_b_rep": 1.8404147174205168e-06, "logit_restricted_loss_s5_5d_b_rep": 4.750511229947153, "percent_x_embed_s5_5d_b_rep": 8.389732464308963e-09, "percent_y_embed_s5_5d_b_rep": 8.684816421578034e-09, "percent_unembed_s5_5d_b_rep": 0.0029420340433716774, "percent_hidden_x_s5_5d_b_rep": 0.00015183418872766197, "percent_hidden_y_s5_5d_b_rep": 0.00015183966024778783, "percent_hidden_xy_s5_5d_b_rep": 4.995475319446996e-05, "total_percent_hidden_s5_5d_b_rep": 0.00035362859489396214, "hidden_excluded_loss_s5_5d_b_rep": 1.8407868824385001e-06, "hidden_restricted_loss_s5_5d_b_rep": 4.750861565173652, "logit_s5_6d_rep_trace_similarity": 3.14321368932724e-09, "logit_excluded_loss_s5_6d_rep": 1.7712472421870123e-06, "logit_restricted_loss_s5_6d_rep": 4.787491525572612, "percent_x_embed_s5_6d_rep": 3.1719751270031793e-09, "percent_y_embed_s5_6d_rep": 4.201886838473001e-09, "percent_unembed_s5_6d_rep": 0.00046466680942103267, "percent_hidden_x_s5_6d_rep": 1.4668921632932097e-09, "percent_hidden_y_s5_6d_rep": 1.9490522529252985e-09, "percent_hidden_xy_s5_6d_rep": 7.623372419440777e-13, "total_percent_hidden_s5_6d_rep": 3.416706695347216e-09, "hidden_excluded_loss_s5_6d_rep": 1.7712461124968124e-06, "hidden_restricted_loss_s5_6d_rep": 4.787491795998529, "percent_logits_explained": 0.5922214388847351, "total_logit_excluded_loss": 17.19728244835802, "total_logit_restricted_loss": 1.8504828596753044e-09, "total_hidden_excluded_loss": 17.205726678351823, "total_hidden_restricted_loss": 2.013045698520466e-09, "test_loss_restricted_loss_ratio": 1149.6917674406182, "sum_of_squared_weights": 4901.373046875, "percent_hidden_explained": 0.8999311327934265, "percent_hidden_xy_explained": 0.12727917730808258, "percent_x_embed_explained": 1.0000001192092896, "percent_y_embed_explained": 1.0, "percent_unembed_explained": 0.9262765645980835, "epoch": 250000.0}