{"train_loss": 9.014094086991547e-08, "test_loss": 1.589764304066746e-07, "train_acc": 1.0, "test_acc": 1.0, "all_loss": 1.3832672804692463e-07, "logit_trivial_rep_trace_similarity": 1.77351466845721e-11, "logit_excluded_loss_trivial_rep": 9.014094417985208e-08, "logit_restricted_loss_trivial_rep": 4.770684624465665, "logit_sign_rep_trace_similarity": 0.1267913430929184, "logit_excluded_loss_sign_rep": 0.020111453505913774, "logit_restricted_loss_sign_rep": 4.0775381433293205, "logit_freq_1_rep_trace_similarity": 2.2915410227142274e-06, "logit_excluded_loss_freq_1_rep": 9.015341443915407e-08, "logit_restricted_loss_freq_1_rep": 4.770503504876775, "logit_freq_2_rep_trace_similarity": 0.00016203094855882227, "logit_excluded_loss_freq_2_rep": 9.152347040100448e-08, "logit_restricted_loss_freq_2_rep": 4.757918393438897, "logit_freq_3_rep_trace_similarity": -1.295347829000093e-07, "logit_excluded_loss_freq_3_rep": 9.014018222738763e-08, "logit_restricted_loss_freq_3_rep": 4.770694863169404, "logit_freq_4_rep_trace_similarity": 2.5539861780998763e-07, "logit_excluded_loss_freq_4_rep": 9.014231038461154e-08, "logit_restricted_loss_freq_4_rep": 4.770664437372394, "logit_freq_5_rep_trace_similarity": 2.708688498387346e-06, "logit_excluded_loss_freq_5_rep": 9.015644044044269e-08, "logit_restricted_loss_freq_5_rep": 4.770470535997672, "logit_freq_6_rep_trace_similarity": 2.9248622013255954e-07, "logit_excluded_loss_freq_6_rep": 9.014465720569363e-08, "logit_restricted_loss_freq_6_rep": 4.770661505929831, "logit_freq_7_rep_trace_similarity": -1.6501576283189934e-07, "logit_excluded_loss_freq_7_rep": 9.013902017256338e-08, "logit_restricted_loss_freq_7_rep": 4.770697667669941, "logit_freq_8_rep_trace_similarity": -2.505930751794949e-07, "logit_excluded_loss_freq_8_rep": 9.013856288357796e-08, "logit_restricted_loss_freq_8_rep": 4.7707044319195475, "logit_freq_9_rep_trace_similarity": -4.115461251785746e-07, "logit_excluded_loss_freq_9_rep": 9.013813109932624e-08, "logit_restricted_loss_freq_9_rep": 4.770717154125163, "logit_freq_10_rep_trace_similarity": -1.742810127325356e-07, "logit_excluded_loss_freq_10_rep": 9.013909937363567e-08, "logit_restricted_loss_freq_10_rep": 4.7706984000181585, "logit_freq_11_rep_trace_similarity": 1.1812016964540817e-07, "logit_excluded_loss_freq_11_rep": 9.014196654036535e-08, "logit_restricted_loss_freq_11_rep": 4.770675288043221, "logit_freq_12_rep_trace_similarity": 7.694388841628097e-07, "logit_excluded_loss_freq_12_rep": 9.014290785720593e-08, "logit_restricted_loss_freq_12_rep": 4.770623807468618, "logit_freq_13_rep_trace_similarity": 2.46114723267965e-07, "logit_excluded_loss_freq_13_rep": 9.014213399515559e-08, "logit_restricted_loss_freq_13_rep": 4.770665171181646, "logit_freq_14_rep_trace_similarity": -7.944281605887227e-07, "logit_excluded_loss_freq_14_rep": 9.013593871406934e-08, "logit_restricted_loss_freq_14_rep": 4.770747418573287, "logit_freq_15_rep_trace_similarity": 4.306002665543929e-09, "logit_excluded_loss_freq_15_rep": 9.014094417985208e-08, "logit_restricted_loss_freq_15_rep": 4.770684284111005, "logit_freq_16_rep_trace_similarity": -2.5404187908861786e-07, "logit_excluded_loss_freq_16_rep": 9.013932483630973e-08, "logit_restricted_loss_freq_16_rep": 4.770704704523069, "logit_freq_17_rep_trace_similarity": 0.5141779780387878, "logit_excluded_loss_freq_17_rep": 7.08616143707834, "logit_restricted_loss_freq_17_rep": 2.002465859477071, "logit_freq_18_rep_trace_similarity": -6.297777872532606e-07, "logit_excluded_loss_freq_18_rep": 9.013582544870572e-08, "logit_restricted_loss_freq_18_rep": 4.770734403927428, "logit_freq_19_rep_trace_similarity": 3.2812795325298794e-07, "logit_excluded_loss_freq_19_rep": 9.014370474768549e-08, "logit_restricted_loss_freq_19_rep": 4.77065868877169, "logit_freq_20_rep_trace_similarity": -9.913946996675804e-08, "logit_excluded_loss_freq_20_rep": 9.013996380330504e-08, "logit_restricted_loss_freq_20_rep": 4.770692460654652, "logit_freq_21_rep_trace_similarity": 3.5653647501021624e-07, "logit_excluded_loss_freq_21_rep": 9.014350686012908e-08, "logit_restricted_loss_freq_21_rep": 4.770656443337869, "logit_freq_22_rep_trace_similarity": 7.183816705946811e-07, "logit_excluded_loss_freq_22_rep": 9.014652565686241e-08, "logit_restricted_loss_freq_22_rep": 4.770627843007369, "logit_freq_23_rep_trace_similarity": 2.742785909504164e-07, "logit_excluded_loss_freq_23_rep": 9.014471741905644e-08, "logit_restricted_loss_freq_23_rep": 4.770662945078011, "logit_freq_24_rep_trace_similarity": 6.053178367437795e-07, "logit_excluded_loss_freq_24_rep": 9.014545252473057e-08, "logit_restricted_loss_freq_24_rep": 4.770636779555843, "logit_freq_25_rep_trace_similarity": -8.591823643655516e-07, "logit_excluded_loss_freq_25_rep": 9.013573261474475e-08, "logit_restricted_loss_freq_25_rep": 4.770752537042341, "logit_freq_26_rep_trace_similarity": 4.843514034291729e-07, "logit_excluded_loss_freq_26_rep": 9.014397559424279e-08, "logit_restricted_loss_freq_26_rep": 4.770646340769572, "logit_freq_27_rep_trace_similarity": 5.6350774684688076e-05, "logit_excluded_loss_freq_27_rep": 9.064456054813657e-08, "logit_restricted_loss_freq_27_rep": 4.766235510656072, "logit_freq_28_rep_trace_similarity": 7.114067557267845e-08, "logit_excluded_loss_freq_28_rep": 9.014151798449474e-08, "logit_restricted_loss_freq_28_rep": 4.770679001377957, "logit_freq_29_rep_trace_similarity": 0.8321351408958435, "logit_excluded_loss_freq_29_rep": 9.044194429602522, "logit_restricted_loss_freq_29_rep": 1.760559705247966, "logit_freq_30_rep_trace_similarity": -1.8075143088935874e-06, "logit_excluded_loss_freq_30_rep": 9.013502706628775e-08, "logit_restricted_loss_freq_30_rep": 4.770827498962576, "logit_freq_31_rep_trace_similarity": 0.0004866159870289266, "logit_excluded_loss_freq_31_rep": 9.333725572123615e-08, "logit_restricted_loss_freq_31_rep": 4.732591382250632, "logit_freq_32_rep_trace_similarity": -2.6771886041387916e-08, "logit_excluded_loss_freq_32_rep": 9.014094417985208e-08, "logit_restricted_loss_freq_32_rep": 4.770686740567861, "logit_freq_33_rep_trace_similarity": 1.3693995242647361e-05, "logit_excluded_loss_freq_33_rep": 9.022891272071505e-08, "logit_restricted_loss_freq_33_rep": 4.769602517735715, "logit_freq_34_rep_trace_similarity": 0.00020797869365196675, "logit_excluded_loss_freq_34_rep": 9.103617729414172e-08, "logit_restricted_loss_freq_34_rep": 4.754313150190468, "logit_freq_35_rep_trace_similarity": 8.906513357942458e-07, "logit_excluded_loss_freq_35_rep": 9.014974624256943e-08, "logit_restricted_loss_freq_35_rep": 4.770614226914831, "logit_freq_36_rep_trace_similarity": 8.302004061988555e-08, "logit_excluded_loss_freq_36_rep": 9.014195730666442e-08, "logit_restricted_loss_freq_36_rep": 4.770678062413518, "logit_freq_37_rep_trace_similarity": 1.2862892617704347e-07, "logit_excluded_loss_freq_37_rep": 9.014196416352972e-08, "logit_restricted_loss_freq_37_rep": 4.770674457414856, "logit_freq_38_rep_trace_similarity": 1.0530216059123632e-06, "logit_excluded_loss_freq_38_rep": 9.014797213009891e-08, "logit_restricted_loss_freq_38_rep": 4.77060139335385, "logit_freq_39_rep_trace_similarity": 6.341629159578588e-07, "logit_excluded_loss_freq_39_rep": 9.01467574963848e-08, "logit_restricted_loss_freq_39_rep": 4.770634499643008, "logit_freq_40_rep_trace_similarity": 5.6483258958905935e-08, "logit_excluded_loss_freq_40_rep": 9.014191761756839e-08, "logit_restricted_loss_freq_40_rep": 4.770680159925801, "logit_freq_41_rep_trace_similarity": 9.636214599595405e-07, "logit_excluded_loss_freq_41_rep": 9.01459566147007e-08, "logit_restricted_loss_freq_41_rep": 4.770608459423636, "logit_freq_42_rep_trace_similarity": -1.1001089660567231e-05, "logit_excluded_loss_freq_42_rep": 9.010348284393529e-08, "logit_restricted_loss_freq_42_rep": 4.771554360683688, "logit_freq_43_rep_trace_similarity": -4.617695594788529e-07, "logit_excluded_loss_freq_43_rep": 9.013893270364235e-08, "logit_restricted_loss_freq_43_rep": 4.770721123948867,