{"train_loss": 1.567126198031224e-06, "test_loss": 4.676281863128032e-06, "train_acc": 1.0, "test_acc": 1.0, "all_loss": 3.743579822542757e-06, "percent_x_embed_trivial_rep": 2.9938713851151988e-05, "percent_y_embed_trivial_rep": 3.29247850459069e-05, "percent_unembed_trivial_rep": 0.00748036615550518, "percent_hidden_trivial_rep": 0.3220888078212738, "hidden_excluded_loss_trivial_rep": 1.7411170771045564e-06, "hidden_restricted_loss_trivial_rep": 4.844338173796063, "logit_sign_rep_trace_similarity": 0.27043187618255615, "logit_excluded_loss_sign_rep": 5.501269941043398e-05, "logit_restricted_loss_sign_rep": 4.083696316338616, "percent_x_embed_sign_rep": 0.03819676488637924, "percent_y_embed_sign_rep": 0.03807726502418518, "percent_unembed_sign_rep": 0.06479466706514359, "percent_hidden_sign_rep": 0.00952339917421341, "hidden_excluded_loss_sign_rep": 5.5467296139812016e-05, "hidden_restricted_loss_sign_rep": 4.085412025788695, "logit_freq_1_rep_trace_similarity": 0.00010557154018897563, "logit_excluded_loss_freq_1_rep": 1.5706019884274938e-06, "logit_restricted_loss_freq_1_rep": 4.76869933369503, "percent_x_embed_freq_1_rep": 1.3337797099666204e-05, "percent_y_embed_freq_1_rep": 1.5807774616405368e-05, "percent_unembed_freq_1_rep": 0.00026392657309770584, "percent_hidden_freq_1_rep": 5.675577267538756e-05, "hidden_excluded_loss_freq_1_rep": 1.570619794381007e-06, "hidden_restricted_loss_freq_1_rep": 4.769209707941063, "logit_freq_2_rep_trace_similarity": 7.312514935620129e-05, "logit_excluded_loss_freq_2_rep": 1.5697133290851515e-06, "logit_restricted_loss_freq_2_rep": 4.769309388554853, "percent_x_embed_freq_2_rep": 0.00027268208214081824, "percent_y_embed_freq_2_rep": 0.00023173828958533704, "percent_unembed_freq_2_rep": 0.00036835522041656077, "percent_hidden_freq_2_rep": 4.455396720004501e-06, "hidden_excluded_loss_freq_2_rep": 1.568502318846728e-06, "hidden_restricted_loss_freq_2_rep": 4.769618890191394, "logit_freq_3_rep_trace_similarity": 1.0048646799987182e-05, "logit_excluded_loss_freq_3_rep": 1.567436277635844e-06, "logit_restricted_loss_freq_3_rep": 4.770495615486779, "percent_x_embed_freq_3_rep": 7.79125821281923e-06, "percent_y_embed_freq_3_rep": 1.2761934158334043e-05, "percent_unembed_freq_3_rep": 0.00019589345902204514, "percent_hidden_freq_3_rep": 1.4500412817142205e-06, "hidden_excluded_loss_freq_3_rep": 1.5673197721096498e-06, "hidden_restricted_loss_freq_3_rep": 4.770537070485983, "logit_freq_4_rep_trace_similarity": 0.0013122068485245109, "logit_excluded_loss_freq_4_rep": 1.6145427358719745e-06, "logit_restricted_loss_freq_4_rep": 4.746078376339266, "percent_x_embed_freq_4_rep": 1.3092640074319206e-05, "percent_y_embed_freq_4_rep": 3.3472137147327885e-05, "percent_unembed_freq_4_rep": 0.0008230836829170585, "percent_hidden_freq_4_rep": 0.00010617906809784472, "hidden_excluded_loss_freq_4_rep": 1.6153587743697644e-06, "hidden_restricted_loss_freq_4_rep": 4.746631893689855, "logit_freq_5_rep_trace_similarity": 2.8355034373817034e-06, "logit_excluded_loss_freq_5_rep": 1.5672098861772811e-06, "logit_restricted_loss_freq_5_rep": 4.770631289454466, "percent_x_embed_freq_5_rep": 1.9292654542368837e-05, "percent_y_embed_freq_5_rep": 1.7340855265501887e-05, "percent_unembed_freq_5_rep": 0.0002055757213383913, "percent_hidden_freq_5_rep": 4.51654727839923e-07, "hidden_excluded_loss_freq_5_rep": 1.567201652293194e-06, "hidden_restricted_loss_freq_5_rep": 4.7706538542151025, "logit_freq_6_rep_trace_similarity": -1.6271051208605058e-06, "logit_excluded_loss_freq_6_rep": 1.5670755651983804e-06, "logit_restricted_loss_freq_6_rep": 4.770715230167164, "percent_x_embed_freq_6_rep": 0.00010162752005271614, "percent_y_embed_freq_6_rep": 0.00010267951438436285, "percent_unembed_freq_6_rep": 0.00036036717938259244, "percent_hidden_freq_6_rep": 1.0060595911909331e-07, "hidden_excluded_loss_freq_6_rep": 1.5668817842947486e-06, "hidden_restricted_loss_freq_6_rep": 4.770720159606806, "logit_freq_7_rep_trace_similarity": 0.24980761110782623, "logit_excluded_loss_freq_7_rep": 0.0008410789633398587, "logit_restricted_loss_freq_7_rep": 2.4623046497422156, "percent_x_embed_freq_7_rep": 0.13155552744865417, "percent_y_embed_freq_7_rep": 0.13180096447467804, "percent_unembed_freq_7_rep": 0.17938700318336487, "percent_hidden_freq_7_rep": 0.011748150922358036, "hidden_excluded_loss_freq_7_rep": 0.0008379281887535209, "hidden_restricted_loss_freq_7_rep": 2.465563695631218, "logit_freq_8_rep_trace_similarity": 3.55386728188023e-05, "logit_excluded_loss_freq_8_rep": 1.5680326430541203e-06, "logit_restricted_loss_freq_8_rep": 4.770016203579538, "percent_x_embed_freq_8_rep": 1.838616117311176e-05, "percent_y_embed_freq_8_rep": 1.5267942217178643e-05, "percent_unembed_freq_8_rep": 0.00016256359231192619, "percent_hidden_freq_8_rep": 6.2759231695963535e-06, "hidden_excluded_loss_freq_8_rep": 1.5680449639692105e-06, "hidden_restricted_loss_freq_8_rep": 4.770217117833124, "logit_freq_9_rep_trace_similarity": 0.00020936100918333977, "logit_excluded_loss_freq_9_rep": 1.5753525764769e-06, "logit_restricted_loss_freq_9_rep": 4.766748516253816, "percent_x_embed_freq_9_rep": 3.405020106583834e-05, "percent_y_embed_freq_9_rep": 7.468029070878401e-05, "percent_unembed_freq_9_rep": 0.0003489449736662209, "percent_hidden_freq_9_rep": 1.7459478840464726e-05, "hidden_excluded_loss_freq_9_rep": 1.5750566188411854e-06, "hidden_restricted_loss_freq_9_rep": 4.767116832451182, "logit_freq_10_rep_trace_similarity": 0.3599783480167389, "logit_excluded_loss_freq_10_rep": 0.017817242406430994, "logit_restricted_loss_freq_10_rep": 2.2296752137134117, "percent_x_embed_freq_10_rep": 0.27331602573394775, "percent_y_embed_freq_10_rep": 0.2728860080242157, "percent_unembed_freq_10_rep": 0.21893978118896484, "percent_hidden_freq_10_rep": 0.01997441053390503, "hidden_excluded_loss_freq_10_rep": 0.019426956519132253, "hidden_restricted_loss_freq_10_rep": 2.2481666400128253, "logit_freq_11_rep_trace_similarity": 4.763228207593784e-05, "logit_excluded_loss_freq_11_rep": 1.5687650167669583e-06, "logit_restricted_loss_freq_11_rep": 4.76978876926836, "percent_x_embed_freq_11_rep": 0.00016151333693414927, "percent_y_embed_freq_11_rep": 0.0001649601908866316, "percent_unembed_freq_11_rep": 0.0004307568015065044, "percent_hidden_freq_11_rep": 4.235501364746597e-06, "hidden_excluded_loss_freq_11_rep": 1.5690745631012171e-06, "hidden_restricted_loss_freq_11_rep": 4.769922086557754, "logit_freq_12_rep_trace_similarity": 3.041597483388614e-05, "logit_excluded_loss_freq_12_rep": 1.5683881454477905e-06, "logit_restricted_loss_freq_12_rep": 4.770112545774149, "percent_x_embed_freq_12_rep": 1.0914251106441952e-05, "percent_y_embed_freq_12_rep": 2.1490595827344805e-05, "percent_unembed_freq_12_rep": 0.00033466803142800927, "percent_hidden_freq_12_rep": 1.8364296465733787e-06, "hidden_excluded_loss_freq_12_rep": 1.5682237511928926e-06, "hidden_restricted_loss_freq_12_rep": 4.770211078254088, "logit_freq_13_rep_trace_similarity": 1.5978394003468566e-05, "logit_excluded_loss_freq_13_rep": 1.5675698957879338e-06, "logit_restricted_loss_freq_13_rep": 4.770384084720546, "percent_x_embed_freq_13_rep": 2.2489870389108546e-05, "percent_y_embed_freq_13_rep": 6.732570182066411e-05, "percent_unembed_freq_13_rep": 0.00020284694619476795, "percent_hidden_freq_13_rep": 1.7213806131621823e-05, "hidden_excluded_loss_freq_13_rep": 1.5676425583344046e-06, "hidden_restricted_loss_freq_13_rep": 4.770722541098166, "logit_freq_14_rep_trace_similarity": 0.0035369053948670626, "logit_excluded_loss_freq_14_rep": 1.6559633956674465e-06, "logit_restricted_loss_freq_14_rep": 4.704709256005766, "percent_x_embed_freq_14_rep": 1.9705588783835992e-05, "percent_y_embed_freq_14_rep": 2.3830163627280854e-05, "percent_unembed_freq_14_rep": 0.0025135697796940804, "percent_hidden_freq_14_rep": 0.0002797573688440025, "hidden_excluded_loss_freq_14_rep": 1.6561840964491278e-06, "hidden_restricted_loss_freq_14_rep": 4.705323074852021,