{"train_loss": 1.6716273516986512e-06, "test_loss": 1.391539915021281e-05, "train_acc": 1.0, "test_acc": 1.0, "all_loss": 1.0242432133257307e-05, "percent_x_embed_trivial_rep": 0.00017580276471562684, "percent_y_embed_trivial_rep": 0.00018880757852457464, "percent_unembed_trivial_rep": 0.007291461806744337, "percent_hidden_trivial_rep": 0.3215917646884918, "hidden_excluded_loss_trivial_rep": 1.711160238657922e-06, "hidden_restricted_loss_trivial_rep": 4.816209055746838, "logit_sign_rep_trace_similarity": 0.2545251250267029, "logit_excluded_loss_sign_rep": 1.474949557819847e-05, "logit_restricted_loss_sign_rep": 4.137558770833321, "percent_x_embed_sign_rep": 0.031029153615236282, "percent_y_embed_sign_rep": 0.03172123059630394, "percent_unembed_sign_rep": 0.05048159509897232, "percent_hidden_sign_rep": 0.00782812014222145, "hidden_excluded_loss_sign_rep": 1.4847535526681004e-05, "hidden_restricted_loss_sign_rep": 4.138730729753232, "logit_freq_1_rep_trace_similarity": 0.0008889667224138975, "logit_excluded_loss_freq_1_rep": 1.6953671084385297e-06, "logit_restricted_loss_freq_1_rep": 4.79143146383798, "percent_x_embed_freq_1_rep": 6.966797081986442e-05, "percent_y_embed_freq_1_rep": 0.0005650417297147214, "percent_unembed_freq_1_rep": 0.0009089075028896332, "percent_hidden_freq_1_rep": 0.00011887994332937524, "hidden_excluded_loss_freq_1_rep": 1.6950356682327613e-06, "hidden_restricted_loss_freq_1_rep": 4.792319281508222, "logit_freq_2_rep_trace_similarity": 4.6655342885060236e-05, "logit_excluded_loss_freq_2_rep": 1.6725906682047345e-06, "logit_restricted_loss_freq_2_rep": 4.803359321623622, "percent_x_embed_freq_2_rep": 0.0005005490384064615, "percent_y_embed_freq_2_rep": 0.002246266230940819, "percent_unembed_freq_2_rep": 0.00047481898218393326, "percent_hidden_freq_2_rep": 1.1176000953128096e-05, "hidden_excluded_loss_freq_2_rep": 1.6728697563871359e-06, "hidden_restricted_loss_freq_2_rep": 4.804049687265397, "logit_freq_3_rep_trace_similarity": 9.409012818650808e-06, "logit_excluded_loss_freq_3_rep": 1.671841968994407e-06, "logit_restricted_loss_freq_3_rep": 4.803887585801271, "percent_x_embed_freq_3_rep": 5.6292923545697704e-05, "percent_y_embed_freq_3_rep": 8.919864922063425e-05, "percent_unembed_freq_3_rep": 0.0003102669143117964, "percent_hidden_freq_3_rep": 1.9157705537509173e-06, "hidden_excluded_loss_freq_3_rep": 1.6718471910820678e-06, "hidden_restricted_loss_freq_3_rep": 4.803938015015871, "logit_freq_4_rep_trace_similarity": -0.000209201272809878, "logit_excluded_loss_freq_4_rep": 1.6660611636922672e-06, "logit_restricted_loss_freq_4_rep": 4.80698953889021, "percent_x_embed_freq_4_rep": 0.004310897551476955, "percent_y_embed_freq_4_rep": 0.0017223097383975983, "percent_unembed_freq_4_rep": 0.0005274839350022376, "percent_hidden_freq_4_rep": 2.1214669686742127e-05, "hidden_excluded_loss_freq_4_rep": 1.6684349981466969e-06, "hidden_restricted_loss_freq_4_rep": 4.809956546862209, "logit_freq_5_rep_trace_similarity": 1.3143908290658146e-06, "logit_excluded_loss_freq_5_rep": 1.6716518147291731e-06, "logit_restricted_loss_freq_5_rep": 4.804002400937537, "percent_x_embed_freq_5_rep": 8.71638476382941e-05, "percent_y_embed_freq_5_rep": 7.268060289788991e-05, "percent_unembed_freq_5_rep": 0.00021615692821796983, "percent_hidden_freq_5_rep": 1.2162025768702733e-06, "hidden_excluded_loss_freq_5_rep": 1.6716630475253657e-06, "hidden_restricted_loss_freq_5_rep": 4.804027070509286, "logit_freq_6_rep_trace_similarity": 1.4530160115100443e-06, "logit_excluded_loss_freq_6_rep": 1.6716752321362467e-06, "logit_restricted_loss_freq_6_rep": 4.804000434634139, "percent_x_embed_freq_6_rep": 5.091630737297237e-05, "percent_y_embed_freq_6_rep": 0.00010229794133920223, "percent_unembed_freq_6_rep": 0.0005394711624830961, "percent_hidden_freq_6_rep": 4.4237687291115435e-08, "hidden_excluded_loss_freq_6_rep": 1.6716592245502376e-06, "hidden_restricted_loss_freq_6_rep": 4.804002396766539, "logit_freq_7_rep_trace_similarity": 0.30239373445510864, "logit_excluded_loss_freq_7_rep": 0.0002696702383020461, "logit_restricted_loss_freq_7_rep": 2.564445579228205, "percent_x_embed_freq_7_rep": 0.19054362177848816, "percent_y_embed_freq_7_rep": 0.19205477833747864, "percent_unembed_freq_7_rep": 0.15752169489860535, "percent_hidden_freq_7_rep": 0.014189856126904488, "hidden_excluded_loss_freq_7_rep": 0.0002722781286155839, "hidden_restricted_loss_freq_7_rep": 2.56902288248576, "logit_freq_8_rep_trace_similarity": 3.0459608751698397e-05, "logit_excluded_loss_freq_8_rep": 1.6723787102311328e-06, "logit_restricted_loss_freq_8_rep": 4.803589016960301, "percent_x_embed_freq_8_rep": 0.003636240027844906, "percent_y_embed_freq_8_rep": 0.0003629846905823797, "percent_unembed_freq_8_rep": 0.0005428214790299535, "percent_hidden_freq_8_rep": 5.622457138088066e-06, "hidden_excluded_loss_freq_8_rep": 1.67339364405132e-06, "hidden_restricted_loss_freq_8_rep": 4.80412913085516, "logit_freq_9_rep_trace_similarity": 8.17494947114028e-06, "logit_excluded_loss_freq_9_rep": 1.6718975849070469e-06, "logit_restricted_loss_freq_9_rep": 4.803905089703469, "percent_x_embed_freq_9_rep": 7.435317093040794e-05, "percent_y_embed_freq_9_rep": 7.686146273044869e-05, "percent_unembed_freq_9_rep": 0.00042560117435641587, "percent_hidden_freq_9_rep": 3.920917208688479e-07, "hidden_excluded_loss_freq_9_rep": 1.6719887764379226e-06, "hidden_restricted_loss_freq_9_rep": 4.80391838615422, "logit_freq_10_rep_trace_similarity": 0.00016782377497293055, "logit_excluded_loss_freq_10_rep": 1.6758421345216182e-06, "logit_restricted_loss_freq_10_rep": 4.801641274406352, "percent_x_embed_freq_10_rep": 0.00014569214545190334, "percent_y_embed_freq_10_rep": 0.0004201571282465011, "percent_unembed_freq_10_rep": 0.0003752026241272688, "percent_hidden_freq_10_rep": 5.121339199831709e-05, "hidden_excluded_loss_freq_10_rep": 1.676398433732658e-06, "hidden_restricted_loss_freq_10_rep": 4.802580548557769, "logit_freq_11_rep_trace_similarity": -5.373443855205551e-06, "logit_excluded_loss_freq_11_rep": 1.6714417142789069e-06, "logit_restricted_loss_freq_11_rep": 4.804097264512816, "percent_x_embed_freq_11_rep": 0.0002828878932632506, "percent_y_embed_freq_11_rep": 0.0002335320459678769, "percent_unembed_freq_11_rep": 0.0005677227163687348, "percent_hidden_freq_11_rep": 9.146328920905944e-07, "hidden_excluded_loss_freq_11_rep": 1.6711757540252237e-06, "hidden_restricted_loss_freq_11_rep": 4.804220993903515, "logit_freq_12_rep_trace_similarity": 1.021061689243652e-05, "logit_excluded_loss_freq_12_rep": 1.671825160806008e-06, "logit_restricted_loss_freq_12_rep": 4.8038762159265715, "percent_x_embed_freq_12_rep": 0.00016671082994434983, "percent_y_embed_freq_12_rep": 0.00010670668416423723, "percent_unembed_freq_12_rep": 0.00019536991021595895, "percent_hidden_freq_12_rep": 2.3774109649821185e-06, "hidden_excluded_loss_freq_12_rep": 1.6719578007356975e-06, "hidden_restricted_loss_freq_12_rep": 4.80394342751988, "logit_freq_13_rep_trace_similarity": 6.6484662966104224e-06, "logit_excluded_loss_freq_13_rep": 1.6718196498938402e-06, "logit_restricted_loss_freq_13_rep": 4.803926741372877, "percent_x_embed_freq_13_rep": 7.365993224084377e-05, "percent_y_embed_freq_13_rep": 9.297169162891805e-05, "percent_unembed_freq_13_rep": 0.00036876113153994083, "percent_hidden_freq_13_rep": 1.1074509984609904e-06, "hidden_excluded_loss_freq_13_rep": 1.6718107452677043e-06, "hidden_restricted_loss_freq_13_rep": 4.803949657591742, "logit_freq_14_rep_trace_similarity": 0.015555553138256073, "logit_excluded_loss_freq_14_rep": 2.117462887543742e-06, "logit_restricted_loss_freq_14_rep": 4.5894605083697835, "percent_x_embed_freq_14_rep": 0.000241229819948785, "percent_y_embed_freq_14_rep": 0.0002667653898242861, "percent_unembed_freq_14_rep": 0.012256672605872154, "percent_hidden_freq_14_rep": 0.0005227712681517005, "hidden_excluded_loss_freq_14_rep": 2.119209856068186e-06, "hidden_restricted_loss_freq_14_rep": 4.5945871482181655,