{"train_loss": 0.3207809052369266, "test_loss": 21.0959935021306, "train_acc": 0.9925347566604614, "test_acc": 0.008796296082437038, "all_loss": 12.785908463373127, "percent_x_embed_trivial_rep": 0.005288990214467049, "percent_y_embed_trivial_rep": 0.005934744607657194, "percent_unembed_trivial_rep": 0.016095032915472984, "percent_hidden_x_trivial_rep": 1.602754154607811e-15, "percent_hidden_y_trivial_rep": 1.602754154607811e-15, "percent_hidden_xy_trivial_rep": 1.602754154607811e-15, "total_percent_hidden_trivial_rep": 4.8082625697025514e-15, "hidden_excluded_loss_trivial_rep": 2.029412286626679, "hidden_restricted_loss_trivial_rep": 8.787332970734191, "logit_sign_rep_trace_similarity": 0.5722755193710327, "logit_excluded_loss_sign_rep": 5.580325811212232, "logit_restricted_loss_sign_rep": 4.094344777960061, "percent_x_embed_sign_rep": 0.22947074472904205, "percent_y_embed_sign_rep": 0.2246212363243103, "percent_unembed_sign_rep": 0.0703786164522171, "percent_hidden_x_sign_rep": 0.08204318583011627, "percent_hidden_y_sign_rep": 0.07580048590898514, "percent_hidden_xy_sign_rep": 0.053787484765052795, "total_percent_hidden_sign_rep": 0.2116311639547348, "hidden_excluded_loss_sign_rep": 4.997092078862939, "hidden_restricted_loss_sign_rep": 5.481767322425307, "logit_standard_rep_trace_similarity": 0.011171028017997742, "logit_excluded_loss_standard_rep": 0.5048621121922341, "logit_restricted_loss_standard_rep": 4.2000513422531105, "percent_x_embed_standard_rep": 0.08498140424489975, "percent_y_embed_standard_rep": 0.09359119087457657, "percent_unembed_standard_rep": 0.09943985193967819, "percent_hidden_x_standard_rep": 0.03960585594177246, "percent_hidden_y_standard_rep": 0.04189181700348854, "percent_hidden_xy_standard_rep": 0.0004590712778735906, "total_percent_hidden_standard_rep": 0.08195674419403076, "hidden_excluded_loss_standard_rep": 0.524944805463458, "hidden_restricted_loss_standard_rep": 4.321939493857185, "logit_standard_sign_rep_trace_similarity": 0.05088740214705467, "logit_excluded_loss_standard_sign_rep": 1.8101497486070193, "logit_restricted_loss_standard_sign_rep": 2.3082523956807592, "percent_x_embed_standard_sign_rep": 0.18792277574539185, "percent_y_embed_standard_sign_rep": 0.19614019989967346, "percent_unembed_standard_sign_rep": 0.24001845717430115, "percent_hidden_x_standard_sign_rep": 0.07969532161951065, "percent_hidden_y_standard_sign_rep": 0.07616300880908966, "percent_hidden_xy_standard_sign_rep": 0.003201031591743231, "total_percent_hidden_standard_sign_rep": 0.15905937552452087, "hidden_excluded_loss_standard_sign_rep": 1.8425757287495754, "hidden_restricted_loss_standard_sign_rep": 3.184485544169234, "logit_s5_5d_a_rep_trace_similarity": 0.007978037931025028, "logit_excluded_loss_s5_5d_a_rep": 0.4883569873898829, "logit_restricted_loss_s5_5d_a_rep": 4.258483455685217, "percent_x_embed_s5_5d_a_rep": 0.12205325812101364, "percent_y_embed_s5_5d_a_rep": 0.11291859298944473, "percent_unembed_s5_5d_a_rep": 0.1331011950969696, "percent_hidden_x_s5_5d_a_rep": 0.05758124217391014, "percent_hidden_y_s5_5d_a_rep": 0.05084235593676567, "percent_hidden_xy_s5_5d_a_rep": 0.00026452887686900795, "total_percent_hidden_s5_5d_a_rep": 0.108688123524189, "hidden_excluded_loss_s5_5d_a_rep": 0.491926540044309, "hidden_restricted_loss_s5_5d_a_rep": 4.320784999636831, "logit_s5_5d_b_rep_trace_similarity": 0.022519035264849663, "logit_excluded_loss_s5_5d_b_rep": 0.9591210398641641, "logit_restricted_loss_s5_5d_b_rep": 3.329147288592683, "percent_x_embed_s5_5d_b_rep": 0.18535949289798737, "percent_y_embed_s5_5d_b_rep": 0.18067587912082672, "percent_unembed_s5_5d_b_rep": 0.22541119158267975, "percent_hidden_x_s5_5d_b_rep": 0.08021262288093567, "percent_hidden_y_s5_5d_b_rep": 0.07712365686893463, "percent_hidden_xy_s5_5d_b_rep": 0.001021404517814517, "total_percent_hidden_s5_5d_b_rep": 0.1583576798439026, "hidden_excluded_loss_s5_5d_b_rep": 0.964776473409822, "hidden_restricted_loss_s5_5d_b_rep": 3.5991973601519085, "logit_s5_6d_rep_trace_similarity": 0.011422619223594666, "logit_excluded_loss_s5_6d_rep": 0.6520197880911671, "logit_restricted_loss_s5_6d_rep": 3.8809831042040552, "percent_x_embed_s5_6d_rep": 0.18492330610752106, "percent_y_embed_s5_6d_rep": 0.18611811101436615, "percent_unembed_s5_6d_rep": 0.21555565297603607, "percent_hidden_x_s5_6d_rep": 0.08469000458717346, "percent_hidden_y_s5_6d_rep": 0.0839831754565239, "percent_hidden_xy_s5_6d_rep": 0.00042953569209203124, "total_percent_hidden_s5_6d_rep": 0.1691027283668518, "hidden_excluded_loss_s5_6d_rep": 0.6497652393065456, "hidden_restricted_loss_s5_6d_rep": 3.9853799838047554, "percent_logits_explained": 0.33091482520103455, "total_logit_excluded_loss": 11.534437942057195, "total_logit_restricted_loss": 0.10409910230896278, "total_hidden_excluded_loss": 10.167322624657011, "total_hidden_restricted_loss": 1.4137371371501604, "test_loss_restricted_loss_ratio": 14.922147086449414, "sum_of_squared_weights": 11849.22265625, "percent_hidden_explained": 0.8887958526611328, "percent_hidden_xy_explained": 0.05916305631399155, "percent_x_embed_explained": 0.9947109222412109, "percent_y_embed_explained": 0.9940652251243591, "percent_unembed_explained": 0.9839049577713013, "epoch": 500000.0}