{"train_loss": 1.7231857995441896e-06, "test_loss": 2.281063887031988e-06, "train_acc": 1.0, "test_acc": 1.0, "all_loss": 2.0579125096760197e-06, "percent_x_embed_trivial_rep": 1.5000389819164184e-10, "percent_y_embed_trivial_rep": 2.9823873926027034e-10, "percent_unembed_trivial_rep": 0.06675349920988083, "percent_hidden_x_trivial_rep": 3.782369721789559e-15, "percent_hidden_y_trivial_rep": 3.782369721789559e-15, "percent_hidden_xy_trivial_rep": 3.782369721789559e-15, "total_percent_hidden_trivial_rep": 1.1347109165368678e-14, "hidden_excluded_loss_trivial_rep": 1.906020346175211e-06, "hidden_restricted_loss_trivial_rep": 4.858150666271688, "logit_sign_rep_trace_similarity": 0.37106603384017944, "logit_excluded_loss_sign_rep": 0.0015250650237156407, "logit_restricted_loss_sign_rep": 4.094533073823083, "percent_x_embed_sign_rep": 0.04153053089976311, "percent_y_embed_sign_rep": 0.04151610657572746, "percent_unembed_sign_rep": 0.11340204626321793, "percent_hidden_x_sign_rep": 0.015202617272734642, "percent_hidden_y_sign_rep": 0.015199708752334118, "percent_hidden_xy_sign_rep": 0.015191387385129929, "total_percent_hidden_sign_rep": 0.045593712478876114, "hidden_excluded_loss_sign_rep": 0.0015274956969697244, "hidden_restricted_loss_sign_rep": 4.095072380351464, "logit_standard_rep_trace_similarity": 0.6739155054092407, "logit_excluded_loss_standard_rep": 16.404754430293153, "logit_restricted_loss_standard_rep": 1.7212771176722558e-06, "percent_x_embed_standard_rep": 0.9584693908691406, "percent_y_embed_standard_rep": 0.9584840536117554, "percent_unembed_standard_rep": 0.8156225681304932, "percent_hidden_x_standard_rep": 0.3711352050304413, "percent_hidden_y_standard_rep": 0.37120044231414795, "percent_hidden_xy_standard_rep": 0.11191696673631668, "total_percent_hidden_standard_rep": 0.8542526364326477, "hidden_excluded_loss_standard_rep": 16.42974784024132, "hidden_restricted_loss_standard_rep": 1.8797069937317446e-06, "logit_standard_sign_rep_trace_similarity": 2.6170091587118804e-06, "logit_excluded_loss_standard_sign_rep": 1.7233823056014135e-06, "logit_restricted_loss_standard_sign_rep": 4.787370772091223, "percent_x_embed_standard_sign_rep": 8.743487600604283e-10, "percent_y_embed_standard_sign_rep": 1.131529092646133e-09, "percent_unembed_standard_sign_rep": 0.00012906502524856478, "percent_hidden_x_standard_sign_rep": 2.4501621282979613e-06, "percent_hidden_y_standard_sign_rep": 2.4497026060998905e-06, "percent_hidden_xy_standard_sign_rep": 1.5760393523578387e-07, "total_percent_hidden_standard_sign_rep": 5.057468570157653e-06, "hidden_excluded_loss_standard_sign_rep": 1.7233748687166273e-06, "hidden_restricted_loss_standard_sign_rep": 4.787370830147019, "logit_s5_5d_a_rep_trace_similarity": 7.495924364775419e-06, "logit_excluded_loss_s5_5d_a_rep": 1.724011134506511e-06, "logit_restricted_loss_s5_5d_a_rep": 4.787058623038178, "percent_x_embed_s5_5d_a_rep": 2.433082180175461e-09, "percent_y_embed_s5_5d_a_rep": 2.27881824521603e-09, "percent_unembed_s5_5d_a_rep": 0.00026181762223131955, "percent_hidden_x_s5_5d_a_rep": 1.523557280336263e-08, "percent_hidden_y_s5_5d_a_rep": 1.530541204886049e-08, "percent_hidden_xy_s5_5d_a_rep": 3.35077345425816e-07, "total_percent_hidden_s5_5d_a_rep": 3.656183196198981e-07, "hidden_excluded_loss_s5_5d_a_rep": 1.7240031484173925e-06, "hidden_restricted_loss_s5_5d_a_rep": 4.787058678204046, "logit_s5_5d_b_rep_trace_similarity": 0.0007599453674629331, "logit_excluded_loss_s5_5d_b_rep": 1.8034684508466864e-06, "logit_restricted_loss_s5_5d_b_rep": 4.743619863616252, "percent_x_embed_s5_5d_b_rep": 8.359183567563377e-09, "percent_y_embed_s5_5d_b_rep": 8.598643574941889e-09, "percent_unembed_s5_5d_b_rep": 0.0034098406322300434, "percent_hidden_x_s5_5d_b_rep": 0.0001812942064134404, "percent_hidden_y_s5_5d_b_rep": 0.00018132009427063167, "percent_hidden_xy_s5_5d_b_rep": 5.910743129788898e-05, "total_percent_hidden_s5_5d_b_rep": 0.00042172172106802464, "hidden_excluded_loss_s5_5d_b_rep": 1.8036560968105698e-06, "hidden_restricted_loss_s5_5d_b_rep": 4.743991053789469, "logit_s5_6d_rep_trace_similarity": 3.899913281202316e-09, "logit_excluded_loss_s5_6d_rep": 1.7231854484313255e-06, "logit_restricted_loss_s5_6d_rep": 4.787491472372047, "percent_x_embed_s5_6d_rep": 1.711156327743879e-09, "percent_y_embed_s5_6d_rep": 2.5080801879795445e-09, "percent_unembed_s5_6d_rep": 0.0004212430212646723, "percent_hidden_x_s5_6d_rep": 8.784084015722726e-10, "percent_hidden_y_s5_6d_rep": 1.3038986557134535e-09, "percent_hidden_xy_s5_6d_rep": 6.103975831728281e-13, "total_percent_hidden_s5_6d_rep": 2.182917402393514e-09, "hidden_excluded_loss_s5_6d_rep": 1.7231845723492766e-06, "hidden_restricted_loss_s5_6d_rep": 4.787491754706831, "percent_logits_explained": 0.5918527245521545, "total_logit_excluded_loss": 17.236320251408955, "total_logit_restricted_loss": 1.7511654203964035e-09, "total_hidden_excluded_loss": 17.244233351996115, "total_hidden_restricted_loss": 1.9693530504592963e-09, "test_loss_restricted_loss_ratio": 1158.2808306006857, "sum_of_squared_weights": 4905.8212890625, "percent_hidden_explained": 0.8998463749885559, "percent_hidden_xy_explained": 0.1271083503961563, "percent_x_embed_explained": 0.9999999403953552, "percent_y_embed_explained": 1.0000001192092896, "percent_unembed_explained": 0.9290246367454529, "epoch": 250000.0}