{"train_loss": 1.5876951364715388e-06, "test_loss": 3.291208065448249e-06, "train_acc": 1.0, "test_acc": 1.0, "all_loss": 2.6098028938575647e-06, "percent_x_embed_trivial_rep": 9.496231578864922e-10, "percent_y_embed_trivial_rep": 4.4339543148197436e-10, "percent_unembed_trivial_rep": 0.05434871464967728, "percent_hidden_x_trivial_rep": 1.3983072944366982e-15, "percent_hidden_y_trivial_rep": 1.3983072944366982e-15, "percent_hidden_xy_trivial_rep": 1.3983072944366982e-15, "total_percent_hidden_trivial_rep": 4.194921777430976e-15, "hidden_excluded_loss_trivial_rep": 1.6014720496405106e-06, "hidden_restricted_loss_trivial_rep": 4.793899319100611, "logit_sign_rep_trace_similarity": 0.5072789192199707, "logit_excluded_loss_sign_rep": 0.0006575122511785703, "logit_restricted_loss_sign_rep": 4.094806090461817, "percent_x_embed_sign_rep": 0.07193305343389511, "percent_y_embed_sign_rep": 0.07193997502326965, "percent_unembed_sign_rep": 0.0951908752322197, "percent_hidden_x_sign_rep": 0.026028746739029884, "percent_hidden_y_sign_rep": 0.02603110671043396, "percent_hidden_xy_sign_rep": 0.02602713368833065, "total_percent_hidden_sign_rep": 0.0780869871377945, "hidden_excluded_loss_sign_rep": 0.0006600419201154221, "hidden_restricted_loss_sign_rep": 4.095595070745528, "logit_standard_rep_trace_similarity": 0.7587670087814331, "logit_excluded_loss_standard_rep": 7.750106146638089, "logit_restricted_loss_standard_rep": 0.00010312478311646539, "percent_x_embed_standard_rep": 0.9280669093132019, "percent_y_embed_standard_rep": 0.9280601739883423, "percent_unembed_standard_rep": 0.8438377380371094, "percent_hidden_x_standard_rep": 0.34961825609207153, "percent_hidden_y_standard_rep": 0.34747809171676636, "percent_hidden_xy_standard_rep": 0.10506376624107361, "total_percent_hidden_standard_rep": 0.8021601438522339, "hidden_excluded_loss_standard_rep": 7.763407600670918, "hidden_restricted_loss_standard_rep": 0.00010875354417398508, "logit_standard_sign_rep_trace_similarity": 1.2223608791828156e-09, "logit_excluded_loss_standard_sign_rep": 1.5876951023863655e-06, "logit_restricted_loss_standard_sign_rep": 4.7874917057663815, "percent_x_embed_standard_sign_rep": 1.2189568243670124e-09, "percent_y_embed_standard_sign_rep": 1.215404887844329e-09, "percent_unembed_standard_sign_rep": 0.00060161022702232, "percent_hidden_x_standard_sign_rep": 7.547988345457668e-10, "percent_hidden_y_standard_sign_rep": 8.211478164099617e-10, "percent_hidden_xy_standard_sign_rep": 6.100424527512305e-13, "total_percent_hidden_standard_sign_rep": 1.5765567740189113e-09, "hidden_excluded_loss_standard_sign_rep": 1.5876956177238662e-06, "hidden_restricted_loss_standard_sign_rep": 4.7874917127717955, "logit_s5_5d_a_rep_trace_similarity": -1.4842953532934189e-09, "logit_excluded_loss_s5_5d_a_rep": 1.587695102386327e-06, "logit_restricted_loss_s5_5d_a_rep": 4.787491798966532, "percent_x_embed_s5_5d_a_rep": 2.9346398644491956e-09, "percent_y_embed_s5_5d_a_rep": 3.0356561708799745e-09, "percent_unembed_s5_5d_a_rep": 0.0013894194271415472, "percent_hidden_x_s5_5d_a_rep": 1.6016020731868252e-09, "percent_hidden_y_s5_5d_a_rep": 1.6904584398957923e-09, "percent_hidden_xy_s5_5d_a_rep": 3.550076899117016e-13, "total_percent_hidden_s5_5d_a_rep": 3.29241545138359e-09, "hidden_excluded_loss_s5_5d_a_rep": 1.5876953914045395e-06, "hidden_restricted_loss_s5_5d_a_rep": 4.787491747711212, "logit_s5_5d_b_rep_trace_similarity": 0.0005122884758748114, "logit_excluded_loss_s5_5d_b_rep": 1.6218631954940825e-06, "logit_restricted_loss_s5_5d_b_rep": 4.76810780531847, "percent_x_embed_s5_5d_b_rep": 3.4863720799194198e-09, "percent_y_embed_s5_5d_b_rep": 3.3677070021553845e-09, "percent_unembed_s5_5d_b_rep": 0.00287826219573617, "percent_hidden_x_s5_5d_b_rep": 0.00015911139780655503, "percent_hidden_y_s5_5d_b_rep": 0.00015906468615867198, "percent_hidden_xy_s5_5d_b_rep": 4.36577684013173e-05, "total_percent_hidden_s5_5d_b_rep": 0.0003618338378146291, "hidden_excluded_loss_s5_5d_b_rep": 1.6220551284162536e-06, "hidden_restricted_loss_s5_5d_b_rep": 4.768272335068433, "logit_s5_6d_rep_trace_similarity": 6.439222488552332e-09, "logit_excluded_loss_s5_6d_rep": 1.5876951023861342e-06, "logit_restricted_loss_s5_6d_rep": 4.78749145029219, "percent_x_embed_s5_6d_rep": 3.5660847608198765e-09, "percent_y_embed_s5_6d_rep": 3.746100318835488e-09, "percent_unembed_s5_6d_rep": 0.0017534077633172274, "percent_hidden_x_s5_6d_rep": 2.015262845489474e-09, "percent_hidden_y_s5_6d_rep": 2.1874948519240434e-09, "percent_hidden_xy_s5_6d_rep": 7.728537861767526e-13, "total_percent_hidden_s5_6d_rep": 4.203530412638656e-09, "hidden_excluded_loss_s5_6d_rep": 1.5876954238463658e-06, "hidden_restricted_loss_s5_6d_rep": 4.7874916836869925, "percent_logits_explained": 0.833059549331665, "total_logit_excluded_loss": 8.016945626024484, "total_logit_restricted_loss": 7.049137200949262e-07, "total_hidden_excluded_loss": 8.030755419735042, "total_hidden_restricted_loss": 7.506207261146521e-07, "test_loss_restricted_loss_ratio": 4.384648532800491, "sum_of_squared_weights": 4999.9130859375, "percent_hidden_explained": 0.8802471160888672, "percent_hidden_xy_explained": 0.1310908943414688, "percent_x_embed_explained": 0.9999999403953552, "percent_y_embed_explained": 1.0000001192092896, "percent_unembed_explained": 0.9390286207199097, "epoch": 250000.0}