{"train_loss": 1.545226327067696e-06, "test_loss": 2.942889598058673e-06, "train_acc": 1.0, "test_acc": 1.0, "all_loss": 2.3838242884590774e-06, "percent_x_embed_trivial_rep": 1.1003402633491532e-09, "percent_y_embed_trivial_rep": 4.116187390934556e-10, "percent_unembed_trivial_rep": 0.049518682062625885, "percent_hidden_x_trivial_rep": 2.618169946117096e-15, "percent_hidden_y_trivial_rep": 2.618169946117096e-15, "percent_hidden_xy_trivial_rep": 2.618169946117096e-15, "total_percent_hidden_trivial_rep": 7.854509414834815e-15, "hidden_excluded_loss_trivial_rep": 1.5586432472489096e-06, "hidden_restricted_loss_trivial_rep": 4.793221273377763, "logit_sign_rep_trace_similarity": 0.5090430974960327, "logit_excluded_loss_sign_rep": 0.0006027620128980678, "logit_restricted_loss_sign_rep": 4.094824054811752, "percent_x_embed_sign_rep": 0.06951265037059784, "percent_y_embed_sign_rep": 0.06951045244932175, "percent_unembed_sign_rep": 0.09584786742925644, "percent_hidden_x_sign_rep": 0.02514738030731678, "percent_hidden_y_sign_rep": 0.025146430358290672, "percent_hidden_xy_sign_rep": 0.025144971907138824, "total_percent_hidden_sign_rep": 0.07543878257274628, "hidden_excluded_loss_sign_rep": 0.0006045989852287315, "hidden_restricted_loss_sign_rep": 4.095508345405492, "logit_standard_rep_trace_similarity": 0.7674336433410645, "logit_excluded_loss_standard_rep": 7.279840630335901, "logit_restricted_loss_standard_rep": 9.972990741880543e-05, "percent_x_embed_standard_rep": 0.9304873943328857, "percent_y_embed_standard_rep": 0.9304895401000977, "percent_unembed_standard_rep": 0.8446281552314758, "percent_hidden_x_standard_rep": 0.3660287857055664, "percent_hidden_y_standard_rep": 0.3428502082824707, "percent_hidden_xy_standard_rep": 0.10453061759471893, "total_percent_hidden_standard_rep": 0.8134096264839172, "hidden_excluded_loss_standard_rep": 7.2735473414371405, "hidden_restricted_loss_standard_rep": 0.0001047409395408733, "logit_standard_sign_rep_trace_similarity": -1.102307578548789e-09, "logit_excluded_loss_standard_sign_rep": 1.5452262396796343e-06, "logit_restricted_loss_standard_sign_rep": 4.787491775881137, "percent_x_embed_standard_sign_rep": 8.989693434102719e-10, "percent_y_embed_standard_sign_rep": 9.443060777769574e-10, "percent_unembed_standard_sign_rep": 0.0005976514075882733, "percent_hidden_x_standard_sign_rep": 5.109889178456228e-10, "percent_hidden_y_standard_sign_rep": 5.588109974752342e-10, "percent_hidden_xy_standard_sign_rep": 3.9249446791636555e-13, "total_percent_hidden_standard_sign_rep": 1.070192379160062e-09, "hidden_excluded_loss_standard_sign_rep": 1.5452259772872477e-06, "hidden_restricted_loss_standard_sign_rep": 4.787491783995402, "logit_s5_5d_a_rep_trace_similarity": -1.0477378964424133e-09, "logit_excluded_loss_s5_5d_a_rep": 1.5452262396796728e-06, "logit_restricted_loss_s5_5d_a_rep": 4.787491782107698, "percent_x_embed_s5_5d_a_rep": 2.305747148767523e-09, "percent_y_embed_s5_5d_a_rep": 2.803666188100351e-09, "percent_unembed_s5_5d_a_rep": 0.0013124995166435838, "percent_hidden_x_s5_5d_a_rep": 1.0898685287585863e-09, "percent_hidden_y_s5_5d_a_rep": 1.3845142809998379e-09, "percent_hidden_xy_s5_5d_a_rep": 3.757023988790187e-13, "total_percent_hidden_s5_5d_a_rep": 2.4747586202522598e-09, "hidden_excluded_loss_s5_5d_a_rep": 1.5452264378323955e-06, "hidden_restricted_loss_s5_5d_a_rep": 4.787491697288339, "logit_s5_5d_b_rep_trace_similarity": 0.001785235945135355, "logit_excluded_loss_s5_5d_b_rep": 1.664186016412e-06, "logit_restricted_loss_s5_5d_b_rep": 4.720575134773626, "percent_x_embed_s5_5d_b_rep": 8.243127069818001e-09, "percent_y_embed_s5_5d_b_rep": 8.43360759006373e-09, "percent_unembed_s5_5d_b_rep": 0.006271115504205227, "percent_hidden_x_s5_5d_b_rep": 0.0005681434995494783, "percent_hidden_y_s5_5d_b_rep": 0.0005683875060640275, "percent_hidden_xy_s5_5d_b_rep": 0.00015327389701269567, "total_percent_hidden_s5_5d_b_rep": 0.001289804931730032, "hidden_excluded_loss_s5_5d_b_rep": 1.6644221822019707e-06, "hidden_restricted_loss_s5_5d_b_rep": 4.721316931604805, "logit_s5_6d_rep_trace_similarity": 5.187757778912783e-09, "logit_excluded_loss_s5_6d_rep": 1.5452262396804438e-06, "logit_restricted_loss_s5_6d_rep": 4.787491509122099, "percent_x_embed_s5_6d_rep": 2.711117996767598e-09, "percent_y_embed_s5_6d_rep": 2.800053522378221e-09, "percent_unembed_s5_6d_rep": 0.0018240971257910132, "percent_hidden_x_s5_6d_rep": 1.399149796021959e-09, "percent_hidden_y_s5_6d_rep": 1.5416815601909661e-09, "percent_hidden_xy_s5_6d_rep": 8.302455944964038e-13, "total_percent_hidden_s5_6d_rep": 2.94166158099074e-09, "hidden_excluded_loss_s5_6d_rep": 1.545226624947042e-06, "hidden_restricted_loss_s5_6d_rep": 4.787491766447798, "percent_logits_explained": 0.848082423210144, "total_logit_excluded_loss": 7.601493474399844, "total_logit_restricted_loss": 6.730113384426936e-07, "total_hidden_excluded_loss": 7.594119000848204, "total_hidden_restricted_loss": 7.084782071625506e-07, "test_loss_restricted_loss_ratio": 4.153818096741355, "sum_of_squared_weights": 5014.39990234375, "percent_hidden_explained": 0.8888484239578247, "percent_hidden_xy_explained": 0.12967559695243835, "percent_x_embed_explained": 1.0, "percent_y_embed_explained": 1.0, "percent_unembed_explained": 0.9404760003089905, "epoch": 250000.0}