{"train_loss": 1.545226327067696e-06, "test_loss": 2.942889598058673e-06, "train_acc": 1.0, "test_acc": 1.0, "all_loss": 2.3838242884590774e-06, "logit_trivial_rep_trace_similarity": -7.650669431313872e-08, "logit_excluded_loss_trivial_rep": 1.5452277068871886e-06, "logit_restricted_loss_trivial_rep": 4.787491742782046, "percent_x_embed_trivial_rep": 1.1003402633491532e-09, "percent_y_embed_trivial_rep": 4.116187390934556e-10, "percent_unembed_trivial_rep": 0.049518682062625885, "percent_hidden_trivial_rep": 0.30895376205444336, "embed_excluded_loss_trivial_rep": 2.3838135914419143e-06, "embed_restricted_loss_trivial_rep": 4.787491751762508, "logit_sign_rep_trace_similarity": 0.5090430974960327, "logit_excluded_loss_sign_rep": 0.0006027620128980678, "logit_restricted_loss_sign_rep": 4.094824054811752, "percent_x_embed_sign_rep": 0.06951265037059784, "percent_y_embed_sign_rep": 0.06951045244932175, "percent_unembed_sign_rep": 0.09584786742925644, "percent_hidden_sign_rep": 0.017376337200403214, "embed_excluded_loss_sign_rep": 0.0014770742486443138, "embed_restricted_loss_sign_rep": 4.100711036107883, "logit_standard_rep_trace_similarity": 0.7674336433410645, "logit_excluded_loss_standard_rep": 7.279840630335901, "logit_restricted_loss_standard_rep": 9.972990741880543e-05, "percent_x_embed_standard_rep": 0.9304873943328857, "percent_y_embed_standard_rep": 0.9304895401000977, "percent_unembed_standard_rep": 0.8446281552314758, "percent_hidden_standard_rep": 0.07223547995090485, "embed_excluded_loss_standard_rep": 4.100610318538927, "embed_restricted_loss_standard_rep": 0.001476491076993176, "logit_standard_sign_rep_trace_similarity": -1.102307578548789e-09, "logit_excluded_loss_standard_sign_rep": 1.5452262396796343e-06, "logit_restricted_loss_standard_sign_rep": 4.787491775881137, "percent_x_embed_standard_sign_rep": 8.989693434102719e-10, "percent_y_embed_standard_sign_rep": 9.443060777769574e-10, "percent_unembed_standard_sign_rep": 0.0005976514075882733, "percent_hidden_standard_sign_rep": 2.7072167749740694e-13, "embed_excluded_loss_standard_sign_rep": 2.383709331974074e-06, "embed_restricted_loss_standard_sign_rep": 4.787491664253373, "logit_s5_5d_a_rep_trace_similarity": -1.0477378964424133e-09, "logit_excluded_loss_s5_5d_a_rep": 1.5452262396796728e-06, "logit_restricted_loss_s5_5d_a_rep": 4.787491782107698, "percent_x_embed_s5_5d_a_rep": 2.305747148767523e-09, "percent_y_embed_s5_5d_a_rep": 2.803666188100351e-09, "percent_unembed_s5_5d_a_rep": 0.0013124995166435838, "percent_hidden_s5_5d_a_rep": 2.5995877542608903e-13, "embed_excluded_loss_s5_5d_a_rep": 2.3834981329313014e-06, "embed_restricted_loss_s5_5d_a_rep": 4.787491344601012, "logit_s5_5d_b_rep_trace_similarity": 0.001785235945135355, "logit_excluded_loss_s5_5d_b_rep": 1.664186016412e-06, "logit_restricted_loss_s5_5d_b_rep": 4.720575134773626, "percent_x_embed_s5_5d_b_rep": 8.243127069818001e-09, "percent_y_embed_s5_5d_b_rep": 8.43360759006373e-09, "percent_unembed_s5_5d_b_rep": 0.006271115504205227, "percent_hidden_s5_5d_b_rep": 0.00010591935279080644, "embed_excluded_loss_s5_5d_b_rep": 2.383523213745781e-06, "embed_restricted_loss_s5_5d_b_rep": 4.787374235803059, "logit_s5_6d_rep_trace_similarity": 5.187757778912783e-09, "logit_excluded_loss_s5_6d_rep": 1.5452262396804438e-06, "logit_restricted_loss_s5_6d_rep": 4.787491509122099, "percent_x_embed_s5_6d_rep": 2.711117996767598e-09, "percent_y_embed_s5_6d_rep": 2.800053522378221e-09, "percent_unembed_s5_6d_rep": 0.0018240971257910132, "percent_hidden_s5_6d_rep": 5.770217203354688e-13, "embed_excluded_loss_s5_6d_rep": 2.383500628898325e-06, "embed_restricted_loss_s5_6d_rep": 4.7874913179483825, "percent_logits_explained": 0.848082423210144, "total_logit_excluded_loss": 7.601493474399844, "total_logit_restricted_loss": 6.730113384426936e-07, "total_embed_restricted_loss": 2.3824522444113192e-06, "total_embed_excluded_loss": 4.787389523938651, "test_loss_restricted_loss_ratio": 1.2352355036546945, "sum_of_squared_weights": 5014.39990234375, "epoch": 250000.0}