{"train_loss": 2.1038186226191977e-06, "test_loss": 3.1398194903408896e-05, "train_acc": 1.0, "test_acc": 1.0, "all_loss": 1.9680444464540094e-05, "percent_x_embed_trivial_rep": 1.0378521437814925e-06, "percent_y_embed_trivial_rep": 4.676424396166112e-06, "percent_unembed_trivial_rep": 0.041022155433893204, "percent_hidden_trivial_rep": 0.3178284764289856, "hidden_excluded_loss_trivial_rep": 2.2413664908349822e-06, "hidden_restricted_loss_trivial_rep": 4.822160880510975, "logit_sign_rep_trace_similarity": 0.3089953660964966, "logit_excluded_loss_sign_rep": 1.7661891445590027e-05, "logit_restricted_loss_sign_rep": 4.118684024105345, "percent_x_embed_sign_rep": 0.03742372617125511, "percent_y_embed_sign_rep": 0.03760029748082161, "percent_unembed_sign_rep": 0.0519784651696682, "percent_hidden_sign_rep": 0.007826988585293293, "hidden_excluded_loss_sign_rep": 1.8162237677377938e-05, "hidden_restricted_loss_sign_rep": 4.123644998446121, "logit_standard_rep_trace_similarity": 0.41085541248321533, "logit_excluded_loss_standard_rep": 0.024960711068773407, "logit_restricted_loss_standard_rep": 0.08401440134329327, "percent_x_embed_standard_rep": 0.41054266691207886, "percent_y_embed_standard_rep": 0.411380797624588, "percent_unembed_standard_rep": 0.29735440015792847, "percent_hidden_standard_rep": 0.033220358192920685, "hidden_excluded_loss_standard_rep": 0.035675946671107704, "hidden_restricted_loss_standard_rep": 0.6752430922251207, "logit_standard_sign_rep_trace_similarity": 0.2943553924560547, "logit_excluded_loss_standard_sign_rep": 0.004539371402454533, "logit_restricted_loss_standard_sign_rep": 0.21822636528115913, "percent_x_embed_standard_sign_rep": 0.2967070937156677, "percent_y_embed_standard_sign_rep": 0.29581618309020996, "percent_unembed_standard_sign_rep": 0.35363584756851196, "percent_hidden_standard_sign_rep": 0.014893573708832264, "hidden_excluded_loss_standard_sign_rep": 0.0030881697325111407, "hidden_restricted_loss_standard_sign_rep": 0.35058783938818805, "logit_s5_5d_a_rep_trace_similarity": 0.19903376698493958, "logit_excluded_loss_s5_5d_a_rep": 0.001648048423127963, "logit_restricted_loss_s5_5d_a_rep": 0.3933198308623544, "percent_x_embed_s5_5d_a_rep": 0.2552798092365265, "percent_y_embed_s5_5d_a_rep": 0.25481992959976196, "percent_unembed_s5_5d_a_rep": 0.24081486463546753, "percent_hidden_s5_5d_a_rep": 0.015871942043304443, "hidden_excluded_loss_s5_5d_a_rep": 0.0022617833322751907, "hidden_restricted_loss_s5_5d_a_rep": 0.9118082087875883, "logit_s5_5d_b_rep_trace_similarity": 0.0002072610950563103, "logit_excluded_loss_s5_5d_b_rep": 2.1177733511518424e-06, "logit_restricted_loss_s5_5d_b_rep": 4.781282198487732, "percent_x_embed_s5_5d_b_rep": 2.0091039914404973e-05, "percent_y_embed_s5_5d_b_rep": 0.0001531355082988739, "percent_unembed_s5_5d_b_rep": 0.006461958400905132, "percent_hidden_s5_5d_b_rep": 1.386384610668756e-05, "hidden_excluded_loss_s5_5d_b_rep": 2.121055572540545e-06, "hidden_restricted_loss_s5_5d_b_rep": 4.781616123174794, "logit_s5_6d_rep_trace_similarity": -5.878071533516049e-06, "logit_excluded_loss_s5_6d_rep": 2.103331103419348e-06, "logit_restricted_loss_s5_6d_rep": 4.787703098184047, "percent_x_embed_s5_6d_rep": 2.5643457775004208e-05, "percent_y_embed_s5_6d_rep": 0.0002250608231406659, "percent_unembed_s5_6d_rep": 0.008732335641980171, "percent_hidden_s5_6d_rep": 1.8273264004164957e-06, "hidden_excluded_loss_s5_6d_rep": 2.1034711083941427e-06, "hidden_restricted_loss_s5_6d_rep": 4.787761933603074, "percent_logits_explained": 0.39053988456726074, "total_logit_excluded_loss": 10.996438295238272, "total_logit_restricted_loss": 5.477570360484794e-08, "total_hidden_excluded_loss": 10.090488576446926, "total_hidden_restricted_loss": 1.5200084775311651e-07, "test_loss_restricted_loss_ratio": 206.56591964807072, "sum_of_squared_weights": 6226.34375, "epoch": 250000.0}