{
    "train_loss": 0.0000021038186226191977,
    "test_loss": 0.000031398194903408896,
    "train_acc": 1,
    "test_acc": 1,
    "all_loss": 0.000019680444464540094,
    "percent_x_embed_trivial_rep": 0.0000010378521437814925,
    "percent_y_embed_trivial_rep": 0.000004676424396166112,
    "percent_unembed_trivial_rep": 0.041022155433893204,
    "percent_hidden_x_trivial_rep": 2.805620454926841e-15,
    "percent_hidden_y_trivial_rep": 2.805620454926841e-15,
    "percent_hidden_xy_trivial_rep": 2.805620454926841e-15,
    "total_percent_hidden_trivial_rep": 8.416861364780523e-15,
    "hidden_excluded_loss_trivial_rep": 0.0000022413664908349822,
    "hidden_restricted_loss_trivial_rep": 4.822160880510975,
    "logit_sign_rep_trace_similarity": 0.3089953660964966,
    "logit_excluded_loss_sign_rep": 0.000017661891445590027,
    "logit_restricted_loss_sign_rep": 4.118684024105345,
    "percent_x_embed_sign_rep": 0.03742372617125511,
    "percent_y_embed_sign_rep": 0.03760029748082161,
    "percent_unembed_sign_rep": 0.0519784651696682,
    "percent_hidden_x_sign_rep": 0.013709158636629581,
    "percent_hidden_y_sign_rep": 0.013797743245959282,
    "percent_hidden_xy_sign_rep": 0.01147363893687725,
    "total_percent_hidden_sign_rep": 0.03898054361343384,
    "hidden_excluded_loss_sign_rep": 0.000018162237677377938,
    "hidden_restricted_loss_sign_rep": 4.123644998446121,
    "logit_standard_rep_trace_similarity": 0.41085541248321533,
    "logit_excluded_loss_standard_rep": 0.024960711068773407,
    "logit_restricted_loss_standard_rep": 0.08401440134329327,
    "percent_x_embed_standard_rep": 0.41054266691207886,
    "percent_y_embed_standard_rep": 0.411380797624588,
    "percent_unembed_standard_rep": 0.29735440015792847,
    "percent_hidden_x_standard_rep": 0.16442552208900452,
    "percent_hidden_y_standard_rep": 0.16398605704307556,
    "percent_hidden_xy_standard_rep": 0.04869796708226204,
    "total_percent_hidden_standard_rep": 0.377109557390213,
    "hidden_excluded_loss_standard_rep": 0.035675946671107704,
    "hidden_restricted_loss_standard_rep": 0.6752430922251207,
    "logit_standard_sign_rep_trace_similarity": 0.2943553924560547,
    "logit_excluded_loss_standard_sign_rep": 0.004539371402454533,
    "logit_restricted_loss_standard_sign_rep": 0.21822636528115913,
    "percent_x_embed_standard_sign_rep": 0.2967070937156677,
    "percent_y_embed_standard_sign_rep": 0.29581618309020996,
    "percent_unembed_standard_sign_rep": 0.35363584756851196,
    "percent_hidden_x_standard_sign_rep": 0.10888879746198654,
    "percent_hidden_y_standard_sign_rep": 0.10836268216371536,
    "percent_hidden_xy_standard_sign_rep": 0.021832598373293877,
    "total_percent_hidden_standard_sign_rep": 0.23908407986164093,
    "hidden_excluded_loss_standard_sign_rep": 0.0030881697325111407,
    "hidden_restricted_loss_standard_sign_rep": 0.35058783938818805,
    "logit_s5_5d_a_rep_trace_similarity": 0.19903376698493958,
    "logit_excluded_loss_s5_5d_a_rep": 0.001648048423127963,
    "logit_restricted_loss_s5_5d_a_rep": 0.3933198308623544,
    "percent_x_embed_s5_5d_a_rep": 0.2552798092365265,
    "percent_y_embed_s5_5d_a_rep": 0.25481992959976196,
    "percent_unembed_s5_5d_a_rep": 0.24081486463546753,
    "percent_hidden_x_s5_5d_a_rep": 0.10070016980171204,
    "percent_hidden_y_s5_5d_a_rep": 0.1004008799791336,
    "percent_hidden_xy_s5_5d_a_rep": 0.02326679416000843,
    "total_percent_hidden_s5_5d_a_rep": 0.22436784207820892,
    "hidden_excluded_loss_s5_5d_a_rep": 0.0022617833322751907,
    "hidden_restricted_loss_s5_5d_a_rep": 0.9118082087875883,
    "logit_s5_5d_b_rep_trace_similarity": 0.0002072610950563103,
    "logit_excluded_loss_s5_5d_b_rep": 0.0000021177733511518424,
    "logit_restricted_loss_s5_5d_b_rep": 4.781282198487732,
    "percent_x_embed_s5_5d_b_rep": 0.000020091039914404973,
    "percent_y_embed_s5_5d_b_rep": 0.0001531355082988739,
    "percent_unembed_s5_5d_b_rep": 0.006461958400905132,
    "percent_hidden_x_s5_5d_b_rep": 0.00022976116451900452,
    "percent_hidden_y_s5_5d_b_rep": 0.00028166762785986066,
    "percent_hidden_xy_s5_5d_b_rep": 0.000020323101125541143,
    "total_percent_hidden_s5_5d_b_rep": 0.0005317518953233957,
    "hidden_excluded_loss_s5_5d_b_rep": 0.000002121055572540545,
    "hidden_restricted_loss_s5_5d_b_rep": 4.781616123174794,
    "logit_s5_6d_rep_trace_similarity": -0.000005878071533516049,
    "logit_excluded_loss_s5_6d_rep": 0.000002103331103419348,
    "logit_restricted_loss_s5_6d_rep": 4.787703098184047,
    "percent_x_embed_s5_6d_rep": 0.000025643457775004208,
    "percent_y_embed_s5_6d_rep": 0.0002250608231406659,
    "percent_unembed_s5_6d_rep": 0.008732335641980171,
    "percent_hidden_x_s5_6d_rep": 0.000028630071028601378,
    "percent_hidden_y_s5_6d_rep": 0.00012252132000867277,
    "percent_hidden_xy_s5_6d_rep": 0.0000026786899525177432,
    "total_percent_hidden_s5_6d_rep": 0.00015383007121272385,
    "hidden_excluded_loss_s5_6d_rep": 0.0000021034711083941427,
    "hidden_restricted_loss_s5_6d_rep": 4.787761933603074,
    "percent_logits_explained": 0.39053988456726074,
    "total_logit_excluded_loss": 10.996438295238272,
    "total_logit_restricted_loss": 5.477570360484794e-8,
    "total_hidden_excluded_loss": 10.090488576446926,
    "total_hidden_restricted_loss": 1.5200084775311651e-7,
    "test_loss_restricted_loss_ratio": 206.56591964807072,
    "sum_of_squared_weights": 6226.34375,
    "percent_hidden_explained": 0.8795420527458191,
    "percent_hidden_xy_explained": 0.10527099668979645,
    "percent_x_embed_explained": 0.9999532699584961,
    "percent_y_embed_explained": 0.9996172189712524,
    "percent_unembed_explained": 0.9437835812568665,
    "epoch": 250000
}