{"train_loss": 1.7542215986274162e-06, "test_loss": 1.8188254030105087e-06, "train_acc": 1.0, "test_acc": 1.0, "all_loss": 1.7929838812572718e-06, "percent_x_embed_trivial_rep": 3.076017719649826e-06, "percent_y_embed_trivial_rep": 3.076017719649826e-06, "percent_unembed_trivial_rep": 2.4751190608185425e-07, "percent_hidden_x_trivial_rep": 3.751656984748476e-14, "percent_hidden_y_trivial_rep": 3.751656984748476e-14, "percent_hidden_xy_trivial_rep": 3.751656984748476e-14, "total_percent_hidden_trivial_rep": 1.1254971293058608e-13, "hidden_excluded_loss_trivial_rep": 3.797788656021729e-06, "hidden_restricted_loss_trivial_rep": 52.890051327130756, "logit_sign_rep_trace_similarity": 0.2984585464000702, "logit_excluded_loss_sign_rep": 0.0046037832578892345, "logit_restricted_loss_sign_rep": 47.089238318168846, "percent_x_embed_sign_rep": 0.0708637610077858, "percent_y_embed_sign_rep": 0.0708637610077858, "percent_unembed_sign_rep": 0.13054107129573822, "percent_hidden_x_sign_rep": 0.00557810440659523, "percent_hidden_y_sign_rep": 0.005577706266194582, "percent_hidden_xy_sign_rep": 0.005546724423766136, "total_percent_hidden_sign_rep": 0.01670253463089466, "hidden_excluded_loss_sign_rep": 0.008997264881458047, "hidden_restricted_loss_sign_rep": 47.08971937429162, "logit_standard_rep_trace_similarity": 3.4347067412454635e-09, "logit_excluded_loss_standard_rep": 1.7542215981097834e-06, "logit_restricted_loss_standard_rep": 52.63400742013397, "percent_x_embed_standard_rep": 2.0390507415868342e-07, "percent_y_embed_standard_rep": 2.0390507415868342e-07, "percent_unembed_standard_rep": 1.2405685083649587e-06, "percent_hidden_x_standard_rep": 3.8159012061278474e-10, "percent_hidden_y_standard_rep": 4.0533712497570207e-10, "percent_hidden_xy_standard_rep": 8.51443278404064e-14, "total_percent_hidden_standard_rep": 7.870123996944756e-10, "hidden_excluded_loss_standard_rep": 3.8839969943382485e-06, "hidden_restricted_loss_standard_rep": 52.63400969774371, "logit_standard_sign_rep_trace_similarity": -2.1186679077800363e-09, "logit_excluded_loss_standard_sign_rep": 1.7542215981097834e-06, "logit_restricted_loss_standard_sign_rep": 52.634011099977954, "percent_x_embed_standard_sign_rep": 4.260573768988252e-05, "percent_y_embed_standard_sign_rep": 4.260573768988252e-05, "percent_unembed_standard_sign_rep": 1.5522997500738711e-06, "percent_hidden_x_standard_sign_rep": 6.734535151764476e-10, "percent_hidden_y_standard_sign_rep": 7.93428545087238e-10, "percent_hidden_xy_standard_sign_rep": 1.4485111786248506e-13, "total_percent_hidden_standard_sign_rep": 1.4670269443683992e-09, "hidden_excluded_loss_standard_sign_rep": 3.883997250819499e-06, "hidden_restricted_loss_standard_sign_rep": 52.63400974589328, "logit_s6_5d_a_rep_trace_similarity": 5.286892701406032e-09, "logit_excluded_loss_s6_5d_a_rep": 1.7542215981097834e-06, "logit_restricted_loss_s6_5d_a_rep": 52.63400619281658, "percent_x_embed_s6_5d_a_rep": 1.6949778000707738e-05, "percent_y_embed_s6_5d_a_rep": 1.6949778000707738e-05, "percent_unembed_s6_5d_a_rep": 1.5665210639781435e-06, "percent_hidden_x_s6_5d_a_rep": 1.0568690367307454e-09, "percent_hidden_y_s6_5d_a_rep": 1.146237771365577e-09, "percent_hidden_xy_s6_5d_a_rep": 5.386550512814607e-14, "total_percent_hidden_s6_5d_a_rep": 2.203160764935319e-09, "hidden_excluded_loss_s6_5d_a_rep": 3.8839973295864114e-06, "hidden_restricted_loss_s6_5d_a_rep": 52.63400978059292, "logit_s6_5d_b_rep_trace_similarity": 0.637383222579956, "logit_excluded_loss_s6_5d_b_rep": 234.91045114203757, "logit_restricted_loss_s6_5d_b_rep": 8.090695772399907e-08, "percent_x_embed_s6_5d_b_rep": 0.9287336468696594, "percent_y_embed_s6_5d_b_rep": 0.9287336468696594, "percent_unembed_s6_5d_b_rep": 0.8694217205047607, "percent_hidden_x_s6_5d_b_rep": 0.3862324655056, "percent_hidden_y_s6_5d_b_rep": 0.3862389624118805, "percent_hidden_xy_s6_5d_b_rep": 0.09404230862855911, "total_percent_hidden_s6_5d_b_rep": 0.866513729095459, "hidden_excluded_loss_s6_5d_b_rep": 238.28760096524, "hidden_restricted_loss_s6_5d_b_rep": 8.145983696510249e-08, "percent_logits_explained": 0.4953348636627197, "total_logit_excluded_loss": 286.5412240170426, "total_logit_restricted_loss": 9.708855941420116e-12, "total_hidden_excluded_loss": 286.6393345107831, "total_hidden_restricted_loss": 9.782463724526044e-12, "test_loss_restricted_loss_ratio": 185927.12983442523, "sum_of_squared_weights": 0.0, "percent_hidden_explained": 0.8832162618637085, "percent_hidden_xy_explained": 0.0995890349149704, "percent_x_embed_explained": 0.999597430229187, "percent_y_embed_explained": 0.999597430229187, "percent_unembed_explained": 0.9999628067016602, "epoch": 20000.0}