{"train_loss": 8.79187673848117e-06, "test_loss": 26.14686658251059, "train_acc": 1.0, "test_acc": 0.01041666604578495, "all_loss": 15.688123447995203, "percent_x_embed_trivial_rep": 0.006585851777344942, "percent_y_embed_trivial_rep": 0.006624533794820309, "percent_unembed_trivial_rep": 0.008560909889638424, "percent_hidden_x_trivial_rep": 3.0854625647660063e-15, "percent_hidden_y_trivial_rep": 3.0854625647660063e-15, "percent_hidden_xy_trivial_rep": 3.0854625647660063e-15, "total_percent_hidden_trivial_rep": 9.256387906056256e-15, "hidden_excluded_loss_trivial_rep": 4.99944484920118e-05, "hidden_restricted_loss_trivial_rep": 5.702637631983167, "logit_sign_rep_trace_similarity": 0.41647955775260925, "logit_excluded_loss_sign_rep": 0.04049349021540992, "logit_restricted_loss_sign_rep": 4.094354700063587, "percent_x_embed_sign_rep": 0.09489990025758743, "percent_y_embed_sign_rep": 0.09227152913808823, "percent_unembed_sign_rep": 0.04113634675741196, "percent_hidden_x_sign_rep": 0.03277739882469177, "percent_hidden_y_sign_rep": 0.03200487792491913, "percent_hidden_xy_sign_rep": 0.02822771668434143, "total_percent_hidden_sign_rep": 0.09300999343395233, "hidden_excluded_loss_sign_rep": 0.0457669924720106, "hidden_restricted_loss_sign_rep": 4.154074901848381, "logit_standard_rep_trace_similarity": 0.055849023163318634, "logit_excluded_loss_standard_rep": 0.00022003797207488857, "logit_restricted_loss_standard_rep": 2.093109783866419, "percent_x_embed_standard_rep": 0.1627987027168274, "percent_y_embed_standard_rep": 0.15963606536388397, "percent_unembed_standard_rep": 0.1318027377128601, "percent_hidden_x_standard_rep": 0.0651874765753746, "percent_hidden_y_standard_rep": 0.06655269861221313, "percent_hidden_xy_standard_rep": 0.006416854448616505, "total_percent_hidden_standard_rep": 0.13815703988075256, "hidden_excluded_loss_standard_rep": 0.0466790435421073, "hidden_restricted_loss_standard_rep": 3.4757767721790715, "logit_standard_sign_rep_trace_similarity": 0.06590914726257324, "logit_excluded_loss_standard_sign_rep": 0.0004106052640662869, "logit_restricted_loss_standard_sign_rep": 1.6268390446126146, "percent_x_embed_standard_sign_rep": 0.1924682855606079, "percent_y_embed_standard_sign_rep": 0.19209513068199158, "percent_unembed_standard_sign_rep": 0.18897762894630432, "percent_hidden_x_standard_sign_rep": 0.07435954362154007, "percent_hidden_y_standard_sign_rep": 0.0762852132320404, "percent_hidden_xy_standard_sign_rep": 0.0037732089404016733, "total_percent_hidden_standard_sign_rep": 0.1544179618358612, "hidden_excluded_loss_standard_sign_rep": 0.001635196032248447, "hidden_restricted_loss_standard_sign_rep": 2.334534720417099, "logit_s5_5d_a_rep_trace_similarity": 0.02162715420126915, "logit_excluded_loss_s5_5d_a_rep": 4.2384498335720657e-05, "logit_restricted_loss_s5_5d_a_rep": 3.3450274407717697, "percent_x_embed_s5_5d_a_rep": 0.14076198637485504, "percent_y_embed_s5_5d_a_rep": 0.15053442120552063, "percent_unembed_s5_5d_a_rep": 0.17978236079216003, "percent_hidden_x_s5_5d_a_rep": 0.0630982369184494, "percent_hidden_y_s5_5d_a_rep": 0.0655641183257103, "percent_hidden_xy_s5_5d_a_rep": 0.000818905420601368, "total_percent_hidden_s5_5d_a_rep": 0.1294812560081482, "hidden_excluded_loss_s5_5d_a_rep": 5.2938312625168625e-05, "hidden_restricted_loss_s5_5d_a_rep": 3.4874034227995994, "logit_s5_5d_b_rep_trace_similarity": 0.02888302505016327, "logit_excluded_loss_s5_5d_b_rep": 7.28326742710741e-05, "logit_restricted_loss_s5_5d_b_rep": 2.8887200058985028, "percent_x_embed_s5_5d_b_rep": 0.16684986650943756, "percent_y_embed_s5_5d_b_rep": 0.16542232036590576, "percent_unembed_s5_5d_b_rep": 0.18933141231536865, "percent_hidden_x_s5_5d_b_rep": 0.07112783938646317, "percent_hidden_y_s5_5d_b_rep": 0.0700720027089119, "percent_hidden_xy_s5_5d_b_rep": 0.0012868845369666815, "total_percent_hidden_s5_5d_b_rep": 0.14248672127723694, "hidden_excluded_loss_s5_5d_b_rep": 0.0001086670189628301, "hidden_restricted_loss_s5_5d_b_rep": 3.143674975942243, "logit_s5_6d_rep_trace_similarity": 0.02705254592001438, "logit_excluded_loss_s5_6d_rep": 9.657320538365827e-05, "logit_restricted_loss_s5_6d_rep": 2.6372446830453105, "percent_x_embed_s5_6d_rep": 0.2356354147195816, "percent_y_embed_s5_6d_rep": 0.23341597616672516, "percent_unembed_s5_6d_rep": 0.26040858030319214, "percent_hidden_x_s5_6d_rep": 0.09957576543092728, "percent_hidden_y_s5_6d_rep": 0.1011752113699913, "percent_hidden_xy_s5_6d_rep": 0.0011175551917403936, "total_percent_hidden_s5_6d_rep": 0.20186853408813477, "hidden_excluded_loss_s5_6d_rep": 0.0001333192422326271, "hidden_restricted_loss_s5_6d_rep": 2.8252355396292095, "percent_logits_explained": 0.1829521507024765, "total_logit_excluded_loss": 6.679007809545913, "total_logit_restricted_loss": 0.0002905602291852628, "total_hidden_excluded_loss": 5.982772232912943, "total_hidden_restricted_loss": 0.009520721783153399, "test_loss_restricted_loss_ratio": 2746.3113803804877, "sum_of_squared_weights": 15668.826171875, "percent_hidden_explained": 0.8594214916229248, "percent_hidden_xy_explained": 0.04164111986756325, "percent_x_embed_explained": 0.9934141039848328, "percent_y_embed_explained": 0.9933754205703735, "percent_unembed_explained": 0.9914390444755554, "epoch": 250000.0}