{"train_loss": 1.8368084810699379, "test_loss": 7.290635146769519, "train_acc": 0.5022569298744202, "test_acc": 0.023379629477858543, "all_loss": 5.109104524978405, "percent_x_embed_trivial_rep": 0.00930897518992424, "percent_y_embed_trivial_rep": 0.011320246383547783, "percent_unembed_trivial_rep": 0.066953644156456, "percent_hidden_x_trivial_rep": 3.875764421586766e-15, "percent_hidden_y_trivial_rep": 3.875764421586766e-15, "percent_hidden_xy_trivial_rep": 3.875764421586766e-15, "total_percent_hidden_trivial_rep": 1.1627293264760297e-14, "hidden_excluded_loss_trivial_rep": 3.361086056262171, "hidden_restricted_loss_trivial_rep": 7.122021698063809, "logit_sign_rep_trace_similarity": 0.0006044111214578152, "logit_excluded_loss_sign_rep": 1.8399360877851694, "logit_restricted_loss_sign_rep": 4.783111641307927, "percent_x_embed_sign_rep": 0.0016823705518618226, "percent_y_embed_sign_rep": 0.0030199370812624693, "percent_unembed_sign_rep": 0.0025869784876704216, "percent_hidden_x_sign_rep": 0.0007767202332615852, "percent_hidden_y_sign_rep": 0.0014050882309675217, "percent_hidden_xy_sign_rep": 4.879462267126655e-06, "total_percent_hidden_sign_rep": 0.002186687896028161, "hidden_excluded_loss_sign_rep": 1.8398209121532865, "hidden_restricted_loss_sign_rep": 4.78370300905664, "logit_standard_rep_trace_similarity": 0.18399599194526672, "logit_excluded_loss_standard_rep": 6.783858438576062, "logit_restricted_loss_standard_rep": 0.8430926179572883, "percent_x_embed_standard_rep": 0.6610731482505798, "percent_y_embed_standard_rep": 0.5767673850059509, "percent_unembed_standard_rep": 0.3361743986606598, "percent_hidden_x_standard_rep": 0.35278400778770447, "percent_hidden_y_standard_rep": 0.18719522655010223, "percent_hidden_xy_standard_rep": 0.040012165904045105, "total_percent_hidden_standard_rep": 0.5799914002418518, "hidden_excluded_loss_standard_rep": 6.022372988574195, "hidden_restricted_loss_standard_rep": 3.427590032372807, "logit_standard_sign_rep_trace_similarity": 0.031031932681798935, "logit_excluded_loss_standard_sign_rep": 2.5652068879883614, "logit_restricted_loss_standard_sign_rep": 3.9115092628464017, "percent_x_embed_standard_sign_rep": 0.10544410347938538, "percent_y_embed_standard_sign_rep": 0.10668587684631348, "percent_unembed_standard_sign_rep": 0.2012939453125, "percent_hidden_x_standard_sign_rep": 0.041248809546232224, "percent_hidden_y_standard_sign_rep": 0.03609561175107956, "percent_hidden_xy_standard_sign_rep": 0.0017854139441624284, "total_percent_hidden_standard_sign_rep": 0.07912983000278473, "hidden_excluded_loss_standard_sign_rep": 2.4688101736412786, "hidden_restricted_loss_standard_sign_rep": 4.095672580454565, "logit_s5_5d_a_rep_trace_similarity": 0.00410702358931303, "logit_excluded_loss_s5_5d_a_rep": 1.9525023273622903, "logit_restricted_loss_s5_5d_a_rep": 4.638798012163286, "percent_x_embed_s5_5d_a_rep": 0.059601254761219025, "percent_y_embed_s5_5d_a_rep": 0.08056683093309402, "percent_unembed_s5_5d_a_rep": 0.09455083310604095, "percent_hidden_x_s5_5d_a_rep": 0.02697044238448143, "percent_hidden_y_s5_5d_a_rep": 0.030294038355350494, "percent_hidden_xy_s5_5d_a_rep": 0.00011167320189997554, "total_percent_hidden_s5_5d_a_rep": 0.05737615376710892, "hidden_excluded_loss_s5_5d_a_rep": 1.9390400643557344, "hidden_restricted_loss_s5_5d_a_rep": 4.6492902831326015, "logit_s5_5d_b_rep_trace_similarity": 0.008333918638527393, "logit_excluded_loss_s5_5d_b_rep": 2.0741837081161245, "logit_restricted_loss_s5_5d_b_rep": 4.4867230264427524, "percent_x_embed_s5_5d_b_rep": 0.06796972453594208, "percent_y_embed_s5_5d_b_rep": 0.10037384182214737, "percent_unembed_s5_5d_b_rep": 0.12909477949142456, "percent_hidden_x_s5_5d_b_rep": 0.02974952943623066, "percent_hidden_y_s5_5d_b_rep": 0.039279427379369736, "percent_hidden_xy_s5_5d_b_rep": 0.0002926093293353915, "total_percent_hidden_s5_5d_b_rep": 0.06932156533002853, "hidden_excluded_loss_s5_5d_b_rep": 2.047410418304247, "hidden_restricted_loss_s5_5d_b_rep": 4.517200963311426, "logit_s5_6d_rep_trace_similarity": 0.007012100890278816, "logit_excluded_loss_s5_6d_rep": 2.075517867828803, "logit_restricted_loss_s5_6d_rep": 4.483247246331403, "percent_x_embed_s5_6d_rep": 0.09492035955190659, "percent_y_embed_s5_6d_rep": 0.12126591801643372, "percent_unembed_s5_6d_rep": 0.1693454384803772, "percent_hidden_x_s5_6d_rep": 0.042878806591033936, "percent_hidden_y_s5_6d_rep": 0.05166890099644661, "percent_hidden_xy_s5_6d_rep": 0.00024232036957982928, "total_percent_hidden_s5_6d_rep": 0.0947900265455246, "hidden_excluded_loss_s5_6d_rep": 2.0479873957748786, "hidden_restricted_loss_s5_6d_rep": 4.504882572456892, "percent_logits_explained": 0.03495336323976517, "total_logit_excluded_loss": 8.271412254237886, "total_logit_restricted_loss": 0.22777388706980745, "total_hidden_excluded_loss": 7.240504528394644, "total_hidden_restricted_loss": 2.2241198117590177, "test_loss_restricted_loss_ratio": 3.277986693083536, "sum_of_squared_weights": 5843.4453125, "percent_hidden_explained": 0.8232328295707703, "percent_hidden_xy_explained": 0.04233250766992569, "percent_x_embed_explained": 0.9294073581695557, "percent_y_embed_explained": 0.9050930738449097, "percent_unembed_explained": 0.8359085321426392, "epoch": 1000000.0}