{"train_loss": 1.5633798615465254e-06, "test_loss": 6.884030356961364e-06, "train_acc": 1.0, "test_acc": 1.0, "all_loss": 5.287911632503753e-06, "percent_x_embed_trivial_rep": 1.3548060451284982e-05, "percent_y_embed_trivial_rep": 1.143581721407827e-05, "percent_unembed_trivial_rep": 0.005748280324041843, "percent_hidden_trivial_rep": 0.3190583288669586, "hidden_excluded_loss_trivial_rep": 1.595772729774632e-06, "hidden_restricted_loss_trivial_rep": 4.780812873566194, "logit_sign_rep_trace_similarity": 0.3941938579082489, "logit_excluded_loss_sign_rep": 8.237689502239794e-05, "logit_restricted_loss_sign_rep": 4.081297333049479, "percent_x_embed_sign_rep": 0.05929907411336899, "percent_y_embed_sign_rep": 0.06037546321749687, "percent_unembed_sign_rep": 0.0688655897974968, "percent_hidden_sign_rep": 0.01490767765790224, "hidden_excluded_loss_sign_rep": 8.331603566242143e-05, "hidden_restricted_loss_sign_rep": 4.083261621311873, "logit_freq_1_rep_trace_similarity": -0.00042235892033204436, "logit_excluded_loss_freq_1_rep": 1.5537862264398763e-06, "logit_restricted_loss_freq_1_rep": 4.776669375631293, "percent_x_embed_freq_1_rep": 0.0015937302960082889, "percent_y_embed_freq_1_rep": 0.0003967543307226151, "percent_unembed_freq_1_rep": 0.00044066162081435323, "percent_hidden_freq_1_rep": 4.972736132913269e-05, "hidden_excluded_loss_freq_1_rep": 1.555646173030622e-06, "hidden_restricted_loss_freq_1_rep": 4.783583354787916, "logit_freq_2_rep_trace_similarity": 4.5661829062737525e-05, "logit_excluded_loss_freq_2_rep": 1.5645212681516611e-06, "logit_restricted_loss_freq_2_rep": 4.770038139957396, "percent_x_embed_freq_2_rep": 2.7033669539378025e-05, "percent_y_embed_freq_2_rep": 3.6035322409588844e-05, "percent_unembed_freq_2_rep": 0.00038016948383301497, "percent_hidden_freq_2_rep": 2.7415107979322784e-06, "hidden_excluded_loss_freq_2_rep": 1.5642290065889288e-06, "hidden_restricted_loss_freq_2_rep": 4.770105922765615, "logit_freq_3_rep_trace_similarity": -2.2410167730413377e-06, "logit_excluded_loss_freq_3_rep": 1.5633284371389645e-06, "logit_restricted_loss_freq_3_rep": 4.770716355682755, "percent_x_embed_freq_3_rep": 7.71617196733132e-05, "percent_y_embed_freq_3_rep": 4.4350210373522714e-05, "percent_unembed_freq_3_rep": 0.0003030300431419164, "percent_hidden_freq_3_rep": 4.000329170139594e-07, "hidden_excluded_loss_freq_3_rep": 1.5633815804884678e-06, "hidden_restricted_loss_freq_3_rep": 4.770771872160925, "logit_freq_4_rep_trace_similarity": 7.164758426370099e-05, "logit_excluded_loss_freq_4_rep": 1.565064587228158e-06, "logit_restricted_loss_freq_4_rep": 4.769670277749068, "percent_x_embed_freq_4_rep": 9.32105613173917e-05, "percent_y_embed_freq_4_rep": 0.00010799918527482077, "percent_unembed_freq_4_rep": 0.00038136192597448826, "percent_hidden_freq_4_rep": 4.126855856156908e-06, "hidden_excluded_loss_freq_4_rep": 1.5648010828714859e-06, "hidden_restricted_loss_freq_4_rep": 4.769971010700646, "logit_freq_5_rep_trace_similarity": 0.0002297222672495991, "logit_excluded_loss_freq_5_rep": 1.5696338893574506e-06, "logit_restricted_loss_freq_5_rep": 4.767433254444881, "percent_x_embed_freq_5_rep": 6.31410293863155e-05, "percent_y_embed_freq_5_rep": 5.3289371862774715e-05, "percent_unembed_freq_5_rep": 0.0005015579517930746, "percent_hidden_freq_5_rep": 1.8724891560850665e-05, "hidden_excluded_loss_freq_5_rep": 1.5681264536228157e-06, "hidden_restricted_loss_freq_5_rep": 4.767995121013652, "logit_freq_6_rep_trace_similarity": 1.3426231816993095e-05, "logit_excluded_loss_freq_6_rep": 1.5636981519556108e-06, "logit_restricted_loss_freq_6_rep": 4.770494523752307, "percent_x_embed_freq_6_rep": 4.9419635615777224e-05, "percent_y_embed_freq_6_rep": 0.00011708444071700796, "percent_unembed_freq_6_rep": 0.00028666132129728794, "percent_hidden_freq_6_rep": 1.6916719687287696e-06, "hidden_excluded_loss_freq_6_rep": 1.5634729879037724e-06, "hidden_restricted_loss_freq_6_rep": 4.7705950087495355, "logit_freq_7_rep_trace_similarity": 0.0004572545876726508, "logit_excluded_loss_freq_7_rep": 1.5744790662440696e-06, "logit_restricted_loss_freq_7_rep": 4.764215487045264, "percent_x_embed_freq_7_rep": 8.871449972502887e-05, "percent_y_embed_freq_7_rep": 0.00011302623897790909, "percent_unembed_freq_7_rep": 0.00043019934673793614, "percent_hidden_freq_7_rep": 0.00010655182268237695, "hidden_excluded_loss_freq_7_rep": 1.574334163782781e-06, "hidden_restricted_loss_freq_7_rep": 4.764557958324126, "logit_freq_8_rep_trace_similarity": 9.335816139355302e-05, "logit_excluded_loss_freq_8_rep": 1.5659059850011659e-06, "logit_restricted_loss_freq_8_rep": 4.76936296239059, "percent_x_embed_freq_8_rep": 0.000182846823008731, "percent_y_embed_freq_8_rep": 0.00014272736734710634, "percent_unembed_freq_8_rep": 0.0003869510837830603, "percent_hidden_freq_8_rep": 1.2399465049384162e-05, "hidden_excluded_loss_freq_8_rep": 1.5661643546069753e-06, "hidden_restricted_loss_freq_8_rep": 4.769789211238669, "logit_freq_9_rep_trace_similarity": 0.26754844188690186, "logit_excluded_loss_freq_9_rep": 0.00011417521188003896, "logit_restricted_loss_freq_9_rep": 2.633174660077, "percent_x_embed_freq_9_rep": 0.16984015703201294, "percent_y_embed_freq_9_rep": 0.16972167789936066, "percent_unembed_freq_9_rep": 0.1482560932636261, "percent_hidden_freq_9_rep": 0.012778029777109623, "hidden_excluded_loss_freq_9_rep": 0.00011524774936802941, "hidden_restricted_loss_freq_9_rep": 2.6386599475387964, "logit_freq_10_rep_trace_similarity": 2.1535441192099825e-05, "logit_excluded_loss_freq_10_rep": 1.5638355785730418e-06, "logit_restricted_loss_freq_10_rep": 4.770379710628842, "percent_x_embed_freq_10_rep": 7.640092371730134e-05, "percent_y_embed_freq_10_rep": 4.8468311433680356e-05, "percent_unembed_freq_10_rep": 0.00024783227127045393, "percent_hidden_freq_10_rep": 1.6313531432388118e-06, "hidden_excluded_loss_freq_10_rep": 1.5638070353212849e-06, "hidden_restricted_loss_freq_10_rep": 4.770409967304609, "logit_freq_11_rep_trace_similarity": 0.13111872971057892, "logit_excluded_loss_freq_11_rep": 1.693424232004827e-05, "logit_restricted_loss_freq_11_rep": 3.341394485405906, "percent_x_embed_freq_11_rep": 0.06027817726135254, "percent_y_embed_freq_11_rep": 0.06287631392478943, "percent_unembed_freq_11_rep": 0.09520955383777618, "percent_hidden_freq_11_rep": 0.0049138800241053104, "hidden_excluded_loss_freq_11_rep": 1.7051755297992217e-05, "hidden_restricted_loss_freq_11_rep": 3.345194735774061, "logit_freq_12_rep_trace_similarity": 0.31553107500076294, "logit_excluded_loss_freq_12_rep": 0.0005319476135081832, "logit_restricted_loss_freq_12_rep": 2.499732765707578, "percent_x_embed_freq_12_rep": 0.22305944561958313, "percent_y_embed_freq_12_rep": 0.22315295040607452, "percent_unembed_freq_12_rep": 0.16112679243087769, "percent_hidden_freq_12_rep": 0.016340427100658417, "hidden_excluded_loss_freq_12_rep": 0.000534032479686197, "hidden_restricted_loss_freq_12_rep": 2.503538235925737, "logit_freq_13_rep_trace_similarity": 4.7069806896615773e-05, "logit_excluded_loss_freq_13_rep": 1.5644616483252058e-06, "logit_restricted_loss_freq_13_rep": 4.770018207339111, "percent_x_embed_freq_13_rep": 3.197860496584326e-05, "percent_y_embed_freq_13_rep": 4.609947791323066e-05, "percent_unembed_freq_13_rep": 0.00031491363188251853, "percent_hidden_freq_13_rep": 6.291496447374811e-06, "hidden_excluded_loss_freq_13_rep": 1.5643455737031278e-06, "hidden_restricted_loss_freq_13_rep": 4.770104726543707, "logit_freq_14_rep_trace_similarity": 8.885056740837172e-05, "logit_excluded_loss_freq_14_rep": 1.5661190169311152e-06, "logit_restricted_loss_freq_14_rep": 4.76942676580854, "percent_x_embed_freq_14_rep": 0.000389514141716063, "percent_y_embed_freq_14_rep": 0.0002612864482216537, "percent_unembed_freq_14_rep": 0.0005895211361348629, "percent_hidden_freq_14_rep": 1.4055349311092868e-05, "hidden_excluded_loss_freq_14_rep": 1.5648764715665822e-06, "hidden_restricted_loss_freq_14_rep": 4.770261735827897,