{"train_loss": 1.5633798615465254e-06, "test_loss": 6.884030356961364e-06, "train_acc": 1.0, "test_acc": 1.0, "all_loss": 5.287911632503753e-06, "logit_trivial_rep_trace_similarity": -1.2314558262005448e-09, "logit_excluded_loss_trivial_rep": 1.5633798671354506e-06, "logit_restricted_loss_trivial_rep": 4.770684624465665, "percent_x_embed_trivial_rep": 1.3548060451284982e-05, "percent_y_embed_trivial_rep": 1.143581721407827e-05, "percent_unembed_trivial_rep": 0.005748280324041843, "percent_hidden_trivial_rep": 0.3190583288669586, "embed_excluded_loss_trivial_rep": 5.312169236475142e-06, "embed_restricted_loss_trivial_rep": 4.77086743514177, "logit_sign_rep_trace_similarity": 0.3941938579082489, "logit_excluded_loss_sign_rep": 8.237689502239794e-05, "logit_restricted_loss_sign_rep": 4.081297333049479, "percent_x_embed_sign_rep": 0.05929907411336899, "percent_y_embed_sign_rep": 0.06037546321749687, "percent_unembed_sign_rep": 0.0688655897974968, "percent_hidden_sign_rep": 0.01490767765790224, "embed_excluded_loss_sign_rep": 0.0002820575506455627, "embed_restricted_loss_sign_rep": 4.094013738519581, "logit_freq_1_rep_trace_similarity": -0.00042235892033204436, "logit_excluded_loss_freq_1_rep": 1.5537862264398763e-06, "logit_restricted_loss_freq_1_rep": 4.776669375631293, "percent_x_embed_freq_1_rep": 0.0015937302960082889, "percent_y_embed_freq_1_rep": 0.0003967543307226151, "percent_unembed_freq_1_rep": 0.00044066162081435323, "percent_hidden_freq_1_rep": 4.972736132913269e-05, "embed_excluded_loss_freq_1_rep": 5.610794257743772e-06, "embed_restricted_loss_freq_1_rep": 4.788230099094647, "logit_freq_2_rep_trace_similarity": 4.5661829062737525e-05, "logit_excluded_loss_freq_2_rep": 1.5645212681516611e-06, "logit_restricted_loss_freq_2_rep": 4.770038139957396, "percent_x_embed_freq_2_rep": 2.7033669539378025e-05, "percent_y_embed_freq_2_rep": 3.6035322409588844e-05, "percent_unembed_freq_2_rep": 0.00038016948383301497, "percent_hidden_freq_2_rep": 2.7415107979322784e-06, "embed_excluded_loss_freq_2_rep": 5.310194236158183e-06, "embed_restricted_loss_freq_2_rep": 4.771146515645808, "logit_freq_3_rep_trace_similarity": -2.2410167730413377e-06, "logit_excluded_loss_freq_3_rep": 1.5633284371389645e-06, "logit_restricted_loss_freq_3_rep": 4.770716355682755, "percent_x_embed_freq_3_rep": 7.71617196733132e-05, "percent_y_embed_freq_3_rep": 4.4350210373522714e-05, "percent_unembed_freq_3_rep": 0.0003030300431419164, "percent_hidden_freq_3_rep": 4.000329170139594e-07, "embed_excluded_loss_freq_3_rep": 5.32688724747661e-06, "embed_restricted_loss_freq_3_rep": 4.771696465529461, "logit_freq_4_rep_trace_similarity": 7.164758426370099e-05, "logit_excluded_loss_freq_4_rep": 1.565064587228158e-06, "logit_restricted_loss_freq_4_rep": 4.769670277749068, "percent_x_embed_freq_4_rep": 9.32105613173917e-05, "percent_y_embed_freq_4_rep": 0.00010799918527482077, "percent_unembed_freq_4_rep": 0.00038136192597448826, "percent_hidden_freq_4_rep": 4.126855856156908e-06, "embed_excluded_loss_freq_4_rep": 5.357650555223772e-06, "embed_restricted_loss_freq_4_rep": 4.770985213708307, "logit_freq_5_rep_trace_similarity": 0.0002297222672495991, "logit_excluded_loss_freq_5_rep": 1.5696338893574506e-06, "logit_restricted_loss_freq_5_rep": 4.767433254444881, "percent_x_embed_freq_5_rep": 6.31410293863155e-05, "percent_y_embed_freq_5_rep": 5.3289371862774715e-05, "percent_unembed_freq_5_rep": 0.0005015579517930746, "percent_hidden_freq_5_rep": 1.8724891560850665e-05, "embed_excluded_loss_freq_5_rep": 5.345092090819062e-06, "embed_restricted_loss_freq_5_rep": 4.771446048585297, "logit_freq_6_rep_trace_similarity": 1.3426231816993095e-05, "logit_excluded_loss_freq_6_rep": 1.5636981519556108e-06, "logit_restricted_loss_freq_6_rep": 4.770494523752307, "percent_x_embed_freq_6_rep": 4.9419635615777224e-05, "percent_y_embed_freq_6_rep": 0.00011708444071700796, "percent_unembed_freq_6_rep": 0.00028666132129728794, "percent_hidden_freq_6_rep": 1.6916719687287696e-06, "embed_excluded_loss_freq_6_rep": 5.331563152891594e-06, "embed_restricted_loss_freq_6_rep": 4.771834342581458, "logit_freq_7_rep_trace_similarity": 0.0004572545876726508, "logit_excluded_loss_freq_7_rep": 1.5744790662440696e-06, "logit_restricted_loss_freq_7_rep": 4.764215487045264, "percent_x_embed_freq_7_rep": 8.871449972502887e-05, "percent_y_embed_freq_7_rep": 0.00011302623897790909, "percent_unembed_freq_7_rep": 0.00043019934673793614, "percent_hidden_freq_7_rep": 0.00010655182268237695, "embed_excluded_loss_freq_7_rep": 5.342167845642542e-06, "embed_restricted_loss_freq_7_rep": 4.771258106834284, "logit_freq_8_rep_trace_similarity": 9.335816139355302e-05, "logit_excluded_loss_freq_8_rep": 1.5659059850011659e-06, "logit_restricted_loss_freq_8_rep": 4.76936296239059, "percent_x_embed_freq_8_rep": 0.000182846823008731, "percent_y_embed_freq_8_rep": 0.00014272736734710634, "percent_unembed_freq_8_rep": 0.0003869510837830603, "percent_hidden_freq_8_rep": 1.2399465049384162e-05, "embed_excluded_loss_freq_8_rep": 5.384024833385656e-06, "embed_restricted_loss_freq_8_rep": 4.772266846088158, "logit_freq_9_rep_trace_similarity": 0.26754844188690186, "logit_excluded_loss_freq_9_rep": 0.00011417521188003896, "logit_restricted_loss_freq_9_rep": 2.633174660077, "percent_x_embed_freq_9_rep": 0.16984015703201294, "percent_y_embed_freq_9_rep": 0.16972167789936066, "percent_unembed_freq_9_rep": 0.1482560932636261, "percent_hidden_freq_9_rep": 0.012778029777109623, "embed_excluded_loss_freq_9_rep": 0.0005388842309979938, "embed_restricted_loss_freq_9_rep": 3.2193039354227424, "logit_freq_10_rep_trace_similarity": 2.1535441192099825e-05, "logit_excluded_loss_freq_10_rep": 1.5638355785730418e-06, "logit_restricted_loss_freq_10_rep": 4.770379710628842, "percent_x_embed_freq_10_rep": 7.640092371730134e-05, "percent_y_embed_freq_10_rep": 4.8468311433680356e-05, "percent_unembed_freq_10_rep": 0.00024783227127045393, "percent_hidden_freq_10_rep": 1.6313531432388118e-06, "embed_excluded_loss_freq_10_rep": 5.349218469316831e-06, "embed_restricted_loss_freq_10_rep": 4.77105857456347, "logit_freq_11_rep_trace_similarity": 0.13111872971057892, "logit_excluded_loss_freq_11_rep": 1.693424232004827e-05, "logit_restricted_loss_freq_11_rep": 3.341394485405906, "percent_x_embed_freq_11_rep": 0.06027817726135254, "percent_y_embed_freq_11_rep": 0.06287631392478943, "percent_unembed_freq_11_rep": 0.09520955383777618, "percent_hidden_freq_11_rep": 0.0049138800241053104, "embed_excluded_loss_freq_11_rep": 6.530830655780001e-05, "embed_restricted_loss_freq_11_rep": 3.6985641887699052, "logit_freq_12_rep_trace_similarity": 0.31553107500076294, "logit_excluded_loss_freq_12_rep": 0.0005319476135081832, "logit_restricted_loss_freq_12_rep": 2.499732765707578, "percent_x_embed_freq_12_rep": 0.22305944561958313, "percent_y_embed_freq_12_rep": 0.22315295040607452, "percent_unembed_freq_12_rep": 0.16112679243087769, "percent_hidden_freq_12_rep": 0.016340427100658417, "embed_excluded_loss_freq_12_rep": 0.0014758404972834407, "embed_restricted_loss_freq_12_rep": 3.0822922141636195, "logit_freq_13_rep_trace_similarity": 4.7069806896615773e-05, "logit_excluded_loss_freq_13_rep": 1.5644616483252058e-06, "logit_restricted_loss_freq_13_rep": 4.770018207339111, "percent_x_embed_freq_13_rep": 3.197860496584326e-05, "percent_y_embed_freq_13_rep": 4.609947791323066e-05, "percent_unembed_freq_13_rep": 0.00031491363188251853, "percent_hidden_freq_13_rep": 6.291496447374811e-06, "embed_excluded_loss_freq_13_rep": 5.315980427503933e-06, "embed_restricted_loss_freq_13_rep": 4.771401135783266, "logit_freq_14_rep_trace_similarity": 8.885056740837172e-05, "logit_excluded_loss_freq_14_rep": 1.5661190169311152e-06, "logit_restricted_loss_freq_14_rep": 4.76942676580854, "percent_x_embed_freq_14_rep": 0.000389514141716063, "percent_y_embed_freq_14_rep": 0.0002612864482216537, "percent_unembed_freq_14_rep": 0.0005895211361348629, "percent_hidden_freq_14_rep": 1.4055349311092868e-05,