{"train_loss": 1.64435755091986e-06, "test_loss": 3.7766769737841903e-06, "train_acc": 1.0, "test_acc": 1.0, "all_loss": 2.9237491561737435e-06, "percent_x_embed_trivial_rep": 5.297279415117373e-08, "percent_y_embed_trivial_rep": 9.545132684252167e-08, "percent_unembed_trivial_rep": 0.05343780294060707, "percent_hidden_x_trivial_rep": 3.843616980139623e-15, "percent_hidden_y_trivial_rep": 3.843616980139623e-15, "percent_hidden_xy_trivial_rep": 3.843616980139623e-15, "total_percent_hidden_trivial_rep": 1.153085094041887e-14, "hidden_excluded_loss_trivial_rep": 1.6878236856944442e-06, "hidden_restricted_loss_trivial_rep": 4.800493965780665, "logit_sign_rep_trace_similarity": 0.3069586157798767, "logit_excluded_loss_sign_rep": 1.1662629565453407e-05, "logit_restricted_loss_sign_rep": 4.129830854346921, "percent_x_embed_sign_rep": 0.02295030653476715, "percent_y_embed_sign_rep": 0.022949177771806717, "percent_unembed_sign_rep": 0.054793767631053925, "percent_hidden_x_sign_rep": 0.008321350440382957, "percent_hidden_y_sign_rep": 0.008324980735778809, "percent_hidden_xy_sign_rep": 0.008320762775838375, "total_percent_hidden_sign_rep": 0.024967093020677567, "hidden_excluded_loss_sign_rep": 1.1733313248442909e-05, "hidden_restricted_loss_sign_rep": 4.130749175142571, "logit_standard_rep_trace_similarity": 0.4379194974899292, "logit_excluded_loss_standard_rep": 0.018969694891295314, "logit_restricted_loss_standard_rep": 0.10234135835634592, "percent_x_embed_standard_rep": 0.36679840087890625, "percent_y_embed_standard_rep": 0.3670312166213989, "percent_unembed_standard_rep": 0.37611889839172363, "percent_hidden_x_standard_rep": 0.14371922612190247, "percent_hidden_y_standard_rep": 0.151943176984787, "percent_hidden_xy_standard_rep": 0.040979694575071335, "total_percent_hidden_standard_rep": 0.3366420865058899, "hidden_excluded_loss_standard_rep": 0.01736372953293504, "hidden_restricted_loss_standard_rep": 0.20781234396638473, "logit_standard_sign_rep_trace_similarity": 4.401954356580973e-09, "logit_excluded_loss_standard_sign_rep": 1.6443574090848173e-06, "logit_restricted_loss_standard_sign_rep": 4.787491647537501, "percent_x_embed_standard_sign_rep": 1.132550664806331e-06, "percent_y_embed_standard_sign_rep": 1.2604408627936436e-09, "percent_unembed_standard_sign_rep": 0.0008190411026589572, "percent_hidden_x_standard_sign_rep": 4.826276267522189e-07, "percent_hidden_y_standard_sign_rep": 7.179461469775106e-10, "percent_hidden_xy_standard_sign_rep": 3.9067666744892204e-13, "total_percent_hidden_standard_sign_rep": 4.83345957036363e-07, "hidden_excluded_loss_standard_sign_rep": 1.6443579977375064e-06, "hidden_restricted_loss_standard_sign_rep": 4.787491649969531, "logit_s5_5d_a_rep_trace_similarity": 0.4791659712791443, "logit_excluded_loss_s5_5d_a_rep": 1.2264999352824566, "logit_restricted_loss_s5_5d_a_rep": 0.0014786845276888152, "percent_x_embed_s5_5d_a_rep": 0.6102457046508789, "percent_y_embed_s5_5d_a_rep": 0.6100194454193115, "percent_unembed_s5_5d_a_rep": 0.510931134223938, "percent_hidden_x_s5_5d_a_rep": 0.2464955449104309, "percent_hidden_y_s5_5d_a_rep": 0.2467142641544342, "percent_hidden_xy_s5_5d_a_rep": 0.0556526817381382, "total_percent_hidden_s5_5d_a_rep": 0.5488625168800354, "hidden_excluded_loss_s5_5d_a_rep": 1.2310269066779462, "hidden_restricted_loss_s5_5d_a_rep": 0.0016446043609741562, "logit_s5_5d_b_rep_trace_similarity": -2.4883775040507317e-09, "logit_excluded_loss_s5_5d_b_rep": 1.6443574090804227e-06, "logit_restricted_loss_s5_5d_b_rep": 4.787491810082948, "percent_x_embed_s5_5d_b_rep": 1.7880784071167e-06, "percent_y_embed_s5_5d_b_rep": 1.7217617331866109e-09, "percent_unembed_s5_5d_b_rep": 0.0013316061813384295, "percent_hidden_x_s5_5d_b_rep": 7.653057423340215e-07, "percent_hidden_y_s5_5d_b_rep": 1.0904305236536516e-09, "percent_hidden_xy_s5_5d_b_rep": 7.250077274645328e-13, "total_percent_hidden_s5_5d_b_rep": 7.663969086024736e-07, "hidden_excluded_loss_s5_5d_b_rep": 1.6443576850359602e-06, "hidden_restricted_loss_s5_5d_b_rep": 4.787491743264119, "logit_s5_6d_rep_trace_similarity": 9.735231287777424e-09, "logit_excluded_loss_s5_6d_rep": 1.644357409098579e-06, "logit_restricted_loss_s5_6d_rep": 4.787491426822026, "percent_x_embed_s5_6d_rep": 2.5895042199408635e-06, "percent_y_embed_s5_6d_rep": 2.0142951751012106e-09, "percent_unembed_s5_6d_rep": 0.0025678477250039577, "percent_hidden_x_s5_6d_rep": 1.1045341352655669e-06, "percent_hidden_y_s5_6d_rep": 1.20784193757828e-09, "percent_hidden_xy_s5_6d_rep": 7.886780963549389e-13, "total_percent_hidden_s5_6d_rep": 1.1057427400373854e-06, "hidden_excluded_loss_s5_6d_rep": 1.6443582877276732e-06, "hidden_restricted_loss_s5_6d_rep": 4.787491635422292, "percent_logits_explained": 0.5155971050262451, "total_logit_excluded_loss": 9.073075245544446, "total_logit_restricted_loss": 4.264555467569007e-08, "total_hidden_excluded_loss": 8.797177331918606, "total_hidden_restricted_loss": 6.617886134699996e-08, "test_loss_restricted_loss_ratio": 57.06772369475643, "sum_of_squared_weights": 5135.41162109375, "percent_hidden_explained": 0.9104716777801514, "percent_hidden_xy_explained": 0.10495314002037048, "percent_x_embed_explained": 0.9999943971633911, "percent_y_embed_explained": 0.9999998807907104, "percent_unembed_explained": 0.9418438076972961, "epoch": 250000.0}