{"train_loss": 8.451820918408078e-08, "test_loss": 9.51407217454728e-08, "train_acc": 1.0, "test_acc": 1.0, "all_loss": 8.876721315241459e-08, "percent_x_embed_trivial_rep": 1.924665593833197e-05, "percent_y_embed_trivial_rep": 1.924665593833197e-05, "percent_unembed_trivial_rep": 2.5266547254432226e-06, "percent_hidden_x_trivial_rep": 1.7606042288669833e-14, "percent_hidden_y_trivial_rep": 1.7606042288669833e-14, "percent_hidden_xy_trivial_rep": 1.7606042288669833e-14, "total_percent_hidden_trivial_rep": 5.2818128560075395e-14, "hidden_excluded_loss_trivial_rep": 2.1921417887220052e-07, "hidden_restricted_loss_trivial_rep": 4.916200321928992, "logit_sign_rep_trace_similarity": 0.3627413809299469, "logit_excluded_loss_sign_rep": 0.00034294589617779554, "logit_restricted_loss_sign_rep": 4.094390394173181, "percent_x_embed_sign_rep": 0.09611576795578003, "percent_y_embed_sign_rep": 0.09611576795578003, "percent_unembed_sign_rep": 0.15875853598117828, "percent_hidden_x_sign_rep": 0.011030816473066807, "percent_hidden_y_sign_rep": 0.011030531488358974, "percent_hidden_xy_sign_rep": 0.011003777384757996, "total_percent_hidden_sign_rep": 0.03306512534618378, "hidden_excluded_loss_sign_rep": 0.001126873423898973, "hidden_restricted_loss_sign_rep": 4.094577934585956, "logit_standard_rep_trace_similarity": 0.6775793433189392, "logit_excluded_loss_standard_rep": 19.58570387050384, "logit_restricted_loss_standard_rep": 7.859873561013245e-08, "percent_x_embed_standard_rep": 0.9028657674789429, "percent_y_embed_standard_rep": 0.9028657674789429, "percent_unembed_standard_rep": 0.841163158416748, "percent_hidden_x_standard_rep": 0.3760393261909485, "percent_hidden_y_standard_rep": 0.3760265111923218, "percent_hidden_xy_standard_rep": 0.11362960189580917, "total_percent_hidden_standard_rep": 0.8656954169273376, "hidden_excluded_loss_standard_rep": 19.94797525237928, "hidden_restricted_loss_standard_rep": 7.941478381723072e-08, "logit_standard_sign_rep_trace_similarity": 1.2369127944111824e-10, "logit_excluded_loss_standard_sign_rep": 8.451820811536257e-08, "logit_restricted_loss_standard_sign_rep": 4.787491735968716, "percent_x_embed_standard_sign_rep": 7.823625492164865e-05, "percent_y_embed_standard_sign_rep": 7.823625492164865e-05, "percent_unembed_standard_sign_rep": 1.2068274372722954e-05, "percent_hidden_x_standard_sign_rep": 3.55031737342415e-09, "percent_hidden_y_standard_sign_rep": 2.8490347858678433e-09, "percent_hidden_xy_standard_sign_rep": 7.540003777589677e-13, "total_percent_hidden_standard_sign_rep": 6.400106222770319e-09, "hidden_excluded_loss_standard_sign_rep": 2.517663303865406e-07, "hidden_restricted_loss_standard_sign_rep": 4.787491730085702, "logit_s5_5d_a_rep_trace_similarity": -1.9317667465656996e-09, "logit_excluded_loss_s5_5d_a_rep": 8.451820811536257e-08, "logit_restricted_loss_s5_5d_a_rep": 4.787491875792292, "percent_x_embed_s5_5d_a_rep": 0.00032553280470892787, "percent_y_embed_s5_5d_a_rep": 0.00032553280470892787, "percent_unembed_s5_5d_a_rep": 1.7694386770017445e-05, "percent_hidden_x_s5_5d_a_rep": 5.2716107035166715e-09, "percent_hidden_y_s5_5d_a_rep": 4.548813326010759e-09, "percent_hidden_xy_s5_5d_a_rep": 1.6903600914830452e-12, "total_percent_hidden_s5_5d_a_rep": 9.82211378897091e-09, "hidden_excluded_loss_s5_5d_a_rep": 2.517665270478157e-07, "hidden_restricted_loss_s5_5d_a_rep": 4.787491755598182, "logit_s5_5d_b_rep_trace_similarity": 8.250935934484005e-09, "logit_excluded_loss_s5_5d_b_rep": 8.451820811536257e-08, "logit_restricted_loss_s5_5d_b_rep": 4.7874911746705076, "percent_x_embed_s5_5d_b_rep": 0.00022612213797401637, "percent_y_embed_s5_5d_b_rep": 0.00022612213797401637, "percent_unembed_s5_5d_b_rep": 2.0672048776759766e-05, "percent_hidden_x_s5_5d_b_rep": 2.858741332545378e-08, "percent_hidden_y_s5_5d_b_rep": 2.909554730479158e-08, "percent_hidden_xy_s5_5d_b_rep": 2.6993487445281517e-09, "total_percent_hidden_s5_5d_b_rep": 6.038231248339798e-08, "hidden_excluded_loss_s5_5d_b_rep": 2.5176592237004065e-07, "hidden_restricted_loss_s5_5d_b_rep": 4.7874911198943675, "logit_s5_6d_rep_trace_similarity": 4.132743924856186e-09, "logit_excluded_loss_s5_6d_rep": 8.451820811536257e-08, "logit_restricted_loss_s5_6d_rep": 4.787491401313939, "percent_x_embed_s5_6d_rep": 0.000369395362213254, "percent_y_embed_s5_6d_rep": 0.000369395362213254, "percent_unembed_s5_6d_rep": 2.5308298063464463e-05, "percent_hidden_x_s5_6d_rep": 3.343299681546341e-08, "percent_hidden_y_s5_6d_rep": 3.3247012254378205e-08, "percent_hidden_xy_s5_6d_rep": 2.5824661853413033e-10, "total_percent_hidden_s5_6d_rep": 6.693825582715363e-08, "hidden_excluded_loss_s5_6d_rep": 2.5176761016809845e-07, "hidden_restricted_loss_s5_6d_rep": 4.787491760133744, "percent_logits_explained": 0.5906950831413269, "total_logit_excluded_loss": 20.388428872014778, "total_logit_restricted_loss": 1.7535337996304857e-11, "total_hidden_excluded_loss": 20.92502418152381, "total_hidden_restricted_loss": 1.7735202488540102e-11, "test_loss_restricted_loss_ratio": 5364.512855545324, "sum_of_squared_weights": 0.0, "percent_hidden_explained": 0.8987605571746826, "percent_hidden_xy_explained": 0.12463337928056717, "percent_x_embed_explained": 0.9989815354347229, "percent_y_embed_explained": 0.9989815354347229, "percent_unembed_explained": 0.9999216794967651, "epoch": 50000.0}