{"train_loss": 8.451820918408078e-08, "test_loss": 9.51407217454728e-08, "train_acc": 1.0, "test_acc": 1.0, "all_loss": 8.876721315241459e-08, "logit_trivial_rep_trace_similarity": -7.275957614183426e-12, "logit_excluded_loss_trivial_rep": 8.451820811536257e-08, "logit_restricted_loss_trivial_rep": 4.787491742782046, "logit_sign_rep_trace_similarity": 0.3627413809299469, "logit_excluded_loss_sign_rep": 0.00034294589617779554, "logit_restricted_loss_sign_rep": 4.094390394173181, "logit_standard_rep_trace_similarity": 0.6775793433189392, "logit_excluded_loss_standard_rep": 19.58570387050384, "logit_restricted_loss_standard_rep": 7.859873561013245e-08, "logit_standard_sign_rep_trace_similarity": 1.2369127944111824e-10, "logit_excluded_loss_standard_sign_rep": 8.451820811536257e-08, "logit_restricted_loss_standard_sign_rep": 4.787491735968716, "logit_s5_5d_a_rep_trace_similarity": -1.9317667465656996e-09, "logit_excluded_loss_s5_5d_a_rep": 8.451820811536257e-08, "logit_restricted_loss_s5_5d_a_rep": 4.787491875792292, "logit_s5_5d_b_rep_trace_similarity": 8.250935934484005e-09, "logit_excluded_loss_s5_5d_b_rep": 8.451820811536257e-08, "logit_restricted_loss_s5_5d_b_rep": 4.7874911746705076, "logit_s5_6d_rep_trace_similarity": 4.132743924856186e-09, "logit_excluded_loss_s5_6d_rep": 8.451820811536257e-08, "logit_restricted_loss_s5_6d_rep": 4.787491401313939, "percent_logits_explained": 0.5906950831413269, "total_logit_excluded_loss": 20.388428872014778, "total_logit_restricted_loss": 1.7535337996304857e-11, "epoch": 50000.0}