{"train_loss": 0.1485688998965352, "test_loss": 3.8654214673214113, "train_acc": 0.9996528029441833, "test_acc": 0.2940972149372101, "all_loss": 2.3786804835350055, "percent_x_embed_trivial_rep": 0.015559282153844833, "percent_y_embed_trivial_rep": 0.010506191290915012, "percent_unembed_trivial_rep": 0.018187936395406723, "percent_hidden_x_trivial_rep": 2.2703487835795634e-15, "percent_hidden_y_trivial_rep": 2.2703487835795634e-15, "percent_hidden_xy_trivial_rep": 2.2703487835795634e-15, "total_percent_hidden_trivial_rep": 6.811046138980453e-15, "hidden_excluded_loss_trivial_rep": 1.4385887429987287, "hidden_restricted_loss_trivial_rep": 8.314065839433782, "logit_sign_rep_trace_similarity": 0.42644739151000977, "logit_excluded_loss_sign_rep": 2.779193519817526, "logit_restricted_loss_sign_rep": 4.094368323806235, "percent_x_embed_sign_rep": 0.09113997220993042, "percent_y_embed_sign_rep": 0.0963970497250557, "percent_unembed_sign_rep": 0.07815216481685638, "percent_hidden_x_sign_rep": 0.03324788436293602, "percent_hidden_y_sign_rep": 0.033982470631599426, "percent_hidden_xy_sign_rep": 0.02355840615928173, "total_percent_hidden_sign_rep": 0.09078876674175262, "hidden_excluded_loss_sign_rep": 2.332165100590445, "hidden_restricted_loss_sign_rep": 5.150892590261468, "logit_standard_rep_trace_similarity": 0.17221751809120178, "logit_excluded_loss_standard_rep": 6.061493624038043, "logit_restricted_loss_standard_rep": 0.1625848549631464, "percent_x_embed_standard_rep": 0.42565086483955383, "percent_y_embed_standard_rep": 0.3330729603767395, "percent_unembed_standard_rep": 0.3799443244934082, "percent_hidden_x_standard_rep": 0.17454010248184204, "percent_hidden_y_standard_rep": 0.1395050287246704, "percent_hidden_xy_standard_rep": 0.014894923195242882, "total_percent_hidden_standard_rep": 0.3289400637149811, "hidden_excluded_loss_standard_rep": 4.761026062660786, "hidden_restricted_loss_standard_rep": 2.9952984777949467, "logit_standard_sign_rep_trace_similarity": 0.14667445421218872, "logit_excluded_loss_standard_sign_rep": 4.914789507797042, "logit_restricted_loss_standard_sign_rep": 0.1797873968183814, "percent_x_embed_standard_sign_rep": 0.36047834157943726, "percent_y_embed_standard_sign_rep": 0.3797251582145691, "percent_unembed_standard_sign_rep": 0.2713063359260559, "percent_hidden_x_standard_sign_rep": 0.14335839450359344, "percent_hidden_y_standard_sign_rep": 0.1528921276330948, "percent_hidden_xy_standard_sign_rep": 0.01511713769286871, "total_percent_hidden_standard_sign_rep": 0.3113676607608795, "hidden_excluded_loss_standard_sign_rep": 3.251427902498953, "hidden_restricted_loss_standard_sign_rep": 3.968857172169736, "logit_s5_5d_a_rep_trace_similarity": 0.005624635145068169, "logit_excluded_loss_s5_5d_a_rep": 0.2042528391313853, "logit_restricted_loss_s5_5d_a_rep": 4.438931868588486, "percent_x_embed_s5_5d_a_rep": 0.02956019900739193, "percent_y_embed_s5_5d_a_rep": 0.046698447316884995, "percent_unembed_s5_5d_a_rep": 0.09007614850997925, "percent_hidden_x_s5_5d_a_rep": 0.01402263343334198, "percent_hidden_y_s5_5d_a_rep": 0.02330114133656025, "percent_hidden_xy_s5_5d_a_rep": 0.00017742013733368367, "total_percent_hidden_s5_5d_a_rep": 0.03750119358301163, "hidden_excluded_loss_s5_5d_a_rep": 0.21780244343499017, "hidden_restricted_loss_s5_5d_a_rep": 4.51276880036865, "logit_s5_5d_b_rep_trace_similarity": 0.017361097037792206, "logit_excluded_loss_s5_5d_b_rep": 0.38369717194011616, "logit_restricted_loss_s5_5d_b_rep": 3.729355518166911, "percent_x_embed_s5_5d_b_rep": 0.047623276710510254, "percent_y_embed_s5_5d_b_rep": 0.07789331674575806, "percent_unembed_s5_5d_b_rep": 0.12122306227684021, "percent_hidden_x_s5_5d_b_rep": 0.02185550332069397, "percent_hidden_y_s5_5d_b_rep": 0.04040512070059776, "percent_hidden_xy_s5_5d_b_rep": 0.0010240694973617792, "total_percent_hidden_s5_5d_b_rep": 0.06328469514846802, "hidden_excluded_loss_s5_5d_b_rep": 0.48025088012202544, "hidden_restricted_loss_s5_5d_b_rep": 4.055190780579912, "logit_s5_6d_rep_trace_similarity": 0.0006847813492640853, "logit_excluded_loss_s5_6d_rep": 0.15608647390198546, "logit_restricted_loss_s5_6d_rep": 4.736236055753107, "percent_x_embed_s5_6d_rep": 0.029988005757331848, "percent_y_embed_s5_6d_rep": 0.05570697411894798, "percent_unembed_s5_6d_rep": 0.04111000522971153, "percent_hidden_x_s5_6d_rep": 0.014225393533706665, "percent_hidden_y_s5_6d_rep": 0.029678313061594963, "percent_hidden_xy_s5_6d_rep": 3.180327621521428e-05, "total_percent_hidden_s5_6d_rep": 0.04393551126122475, "hidden_excluded_loss_s5_6d_rep": 0.15899618193192253, "hidden_restricted_loss_s5_6d_rep": 4.747926059514827, "percent_logits_explained": 0.23336313664913177, "total_logit_excluded_loss": 19.641861871713537, "total_logit_restricted_loss": 2.384569482314446e-05, "total_hidden_excluded_loss": 12.184947158567669, "total_hidden_restricted_loss": 1.0990309789960995, "test_loss_restricted_loss_ratio": 3.5171178439867528, "sum_of_squared_weights": 10567.28125, "percent_hidden_explained": 0.8318824172019958, "percent_hidden_xy_explained": 0.05477195978164673, "percent_x_embed_explained": 0.9544526934623718, "percent_y_embed_explained": 0.933786928653717, "percent_unembed_explained": 0.9407020807266235, "epoch": 1000000.0}