{"train_loss": 1.8385024278251237e-06, "test_loss": 1.079607703998701e-05, "train_acc": 1.0, "test_acc": 1.0, "all_loss": 7.213047394417646e-06, "percent_x_embed_trivial_rep": 3.3654439235419886e-09, "percent_y_embed_trivial_rep": 4.519081812759396e-06, "percent_unembed_trivial_rep": 0.06639399379491806, "percent_hidden_x_trivial_rep": 2.7972756980887284e-15, "percent_hidden_y_trivial_rep": 2.7972756980887284e-15, "percent_hidden_xy_trivial_rep": 2.7972756980887284e-15, "total_percent_hidden_trivial_rep": 8.391827306024422e-15, "hidden_excluded_loss_trivial_rep": 2.1154034991086538e-06, "hidden_restricted_loss_trivial_rep": 4.864204749491141, "logit_sign_rep_trace_similarity": 0.1932610273361206, "logit_excluded_loss_sign_rep": 5.89122786065602e-06, "logit_restricted_loss_sign_rep": 4.176689369175136, "percent_x_embed_sign_rep": 0.012669121846556664, "percent_y_embed_sign_rep": 0.011644880287349224, "percent_unembed_sign_rep": 0.0466231107711792, "percent_hidden_x_sign_rep": 0.004669451620429754, "percent_hidden_y_sign_rep": 0.004247700795531273, "percent_hidden_xy_sign_rep": 0.004244737792760134, "total_percent_hidden_sign_rep": 0.013161890208721161, "hidden_excluded_loss_sign_rep": 5.9532080453761075e-06, "hidden_restricted_loss_sign_rep": 4.1782951761209315, "logit_standard_rep_trace_similarity": 0.2844758927822113, "logit_excluded_loss_standard_rep": 0.003056338888441641, "logit_restricted_loss_standard_rep": 0.33337777589699635, "percent_x_embed_standard_rep": 0.210840106010437, "percent_y_embed_standard_rep": 0.21148717403411865, "percent_unembed_standard_rep": 0.2837577164173126, "percent_hidden_x_standard_rep": 0.08110950142145157, "percent_hidden_y_standard_rep": 0.08044755458831787, "percent_hidden_xy_standard_rep": 0.024332908913493156, "total_percent_hidden_standard_rep": 0.18588995933532715, "hidden_excluded_loss_standard_rep": 0.002881772269886751, "hidden_restricted_loss_standard_rep": 0.9936579133620241, "logit_standard_sign_rep_trace_similarity": 1.633452484384179e-08, "logit_excluded_loss_standard_sign_rep": 1.8385029207583497e-06, "logit_restricted_loss_standard_sign_rep": 4.787491327721155, "percent_x_embed_standard_sign_rep": 1.1094830831837044e-08, "percent_y_embed_standard_sign_rep": 6.525211210828274e-05, "percent_unembed_standard_sign_rep": 0.001687060808762908, "percent_hidden_x_standard_sign_rep": 6.1062368494901875e-09, "percent_hidden_y_standard_sign_rep": 2.517137363611255e-05, "percent_hidden_xy_standard_sign_rep": 1.01292038992562e-11, "total_percent_hidden_standard_sign_rep": 2.5177490897476673e-05, "hidden_excluded_loss_standard_sign_rep": 1.838505111504718e-06, "hidden_restricted_loss_standard_sign_rep": 4.7874913379720665, "logit_s5_5d_a_rep_trace_similarity": 0.5581982731819153, "logit_excluded_loss_s5_5d_a_rep": 5.2179328043293385, "logit_restricted_loss_s5_5d_a_rep": 3.164227709929426e-05, "percent_x_embed_s5_5d_a_rep": 0.7764907479286194, "percent_y_embed_s5_5d_a_rep": 0.7766829133033752, "percent_unembed_s5_5d_a_rep": 0.5948703289031982, "percent_hidden_x_s5_5d_a_rep": 0.32061636447906494, "percent_hidden_y_s5_5d_a_rep": 0.3016526401042938, "percent_hidden_xy_s5_5d_a_rep": 0.07234632968902588, "total_percent_hidden_s5_5d_a_rep": 0.694615364074707, "hidden_excluded_loss_s5_5d_a_rep": 5.195313290151916, "hidden_restricted_loss_s5_5d_a_rep": 4.6576200392690684e-05, "logit_s5_5d_b_rep_trace_similarity": 4.94765117764473e-10, "logit_excluded_loss_s5_5d_b_rep": 1.8385029207337553e-06, "logit_restricted_loss_s5_5d_b_rep": 4.787491727067045, "percent_x_embed_s5_5d_b_rep": 1.5948135256849127e-08, "percent_y_embed_s5_5d_b_rep": 5.674323620041832e-05, "percent_unembed_s5_5d_b_rep": 0.002479949500411749, "percent_hidden_x_s5_5d_b_rep": 9.56016865671927e-09, "percent_hidden_y_s5_5d_b_rep": 2.8924447178724222e-05, "percent_hidden_xy_s5_5d_b_rep": 1.3861135329806817e-11, "total_percent_hidden_s5_5d_b_rep": 2.8934022338944487e-05, "hidden_excluded_loss_s5_5d_b_rep": 1.8385034666363855e-06, "hidden_restricted_loss_s5_5d_b_rep": 4.787491637857982, "logit_s5_6d_rep_trace_similarity": 1.724401954561472e-08, "logit_excluded_loss_s5_6d_rep": 1.8385029207681414e-06, "logit_restricted_loss_s5_6d_rep": 4.787491085525247, "percent_x_embed_s5_6d_rep": 2.312967950501843e-08, "percent_y_embed_s5_6d_rep": 5.8530145906843245e-05, "percent_unembed_s5_6d_rep": 0.00418785260990262, "percent_hidden_x_s5_6d_rep": 1.2714067132435503e-08, "percent_hidden_y_s5_6d_rep": 2.556307845225092e-05, "percent_hidden_xy_s5_6d_rep": 5.4340000381347675e-12, "total_percent_hidden_s5_6d_rep": 2.5575798645149916e-05, "hidden_excluded_loss_s5_6d_rep": 1.8385069285760917e-06, "hidden_restricted_loss_s5_6d_rep": 4.787491275938464, "percent_logits_explained": 0.4298616647720337, "total_logit_excluded_loss": 11.611877148031086, "total_logit_restricted_loss": 8.944294205989954e-09, "total_hidden_excluded_loss": 11.21471764406414, "total_hidden_restricted_loss": 1.8316289845249033e-08, "test_loss_restricted_loss_ratio": 589.4248852360976, "sum_of_squared_weights": 5408.04443359375, "percent_hidden_explained": 0.8936672210693359, "percent_hidden_xy_explained": 0.10092397779226303, "percent_x_embed_explained": 1.0, "percent_y_embed_explained": 0.9998149871826172, "percent_unembed_explained": 0.9252511262893677, "epoch": 250000.0}