{"train_loss": 7.768874018904503e-05, "test_loss": 53.684706524203975, "train_acc": 1.0, "test_acc": 0.007523147854954004, "all_loss": 32.21085502200386, "percent_x_embed_trivial_rep": 0.008014274761080742, "percent_y_embed_trivial_rep": 0.010078360326588154, "percent_unembed_trivial_rep": 0.00776260020211339, "percent_hidden_x_trivial_rep": 1.7335359357847566e-15, "percent_hidden_y_trivial_rep": 1.7335359357847566e-15, "percent_hidden_xy_trivial_rep": 1.7335359357847566e-15, "total_percent_hidden_trivial_rep": 5.20060780735427e-15, "hidden_excluded_loss_trivial_rep": 0.23324827501364784, "hidden_restricted_loss_trivial_rep": 13.942178048176059, "logit_sign_rep_trace_similarity": 0.4333775043487549, "logit_excluded_loss_sign_rep": 3.748447498732385, "logit_restricted_loss_sign_rep": 4.094344562398079, "percent_x_embed_sign_rep": 0.11390383541584015, "percent_y_embed_sign_rep": 0.10958322137594223, "percent_unembed_sign_rep": 0.0563662014901638, "percent_hidden_x_sign_rep": 0.04029513895511627, "percent_hidden_y_sign_rep": 0.03843149542808533, "percent_hidden_xy_sign_rep": 0.028322266414761543, "total_percent_hidden_sign_rep": 0.107048898935318, "hidden_excluded_loss_sign_rep": 3.5114877115564154, "hidden_restricted_loss_sign_rep": 4.862671680340736, "logit_standard_rep_trace_similarity": 0.041109416633844376, "logit_excluded_loss_standard_rep": 0.007910677077265456, "logit_restricted_loss_standard_rep": 1.34936480239624, "percent_x_embed_standard_rep": 0.16638876497745514, "percent_y_embed_standard_rep": 0.16988202929496765, "percent_unembed_standard_rep": 0.18258622288703918, "percent_hidden_x_standard_rep": 0.06852605193853378, "percent_hidden_y_standard_rep": 0.07254235446453094, "percent_hidden_xy_standard_rep": 0.002409979235380888, "total_percent_hidden_standard_rep": 0.1434783786535263, "hidden_excluded_loss_standard_rep": 0.06872155368682159, "hidden_restricted_loss_standard_rep": 2.886513321090689, "logit_standard_sign_rep_trace_similarity": 0.016662510111927986, "logit_excluded_loss_standard_sign_rep": 0.0004669156882949579, "logit_restricted_loss_standard_sign_rep": 3.1558598426425357, "percent_x_embed_standard_sign_rep": 0.12012229859828949, "percent_y_embed_standard_sign_rep": 0.11587348580360413, "percent_unembed_standard_sign_rep": 0.11936470866203308, "percent_hidden_x_standard_sign_rep": 0.05108320340514183, "percent_hidden_y_standard_sign_rep": 0.05069529637694359, "percent_hidden_xy_standard_sign_rep": 0.000661076104734093, "total_percent_hidden_standard_sign_rep": 0.10243957489728928, "hidden_excluded_loss_standard_sign_rep": 0.0011718433516226968, "hidden_restricted_loss_standard_sign_rep": 3.599690411670986, "logit_s5_5d_a_rep_trace_similarity": 0.01800386793911457, "logit_excluded_loss_s5_5d_a_rep": 0.0009036847851639552, "logit_restricted_loss_s5_5d_a_rep": 2.590293191394691, "percent_x_embed_s5_5d_a_rep": 0.17338556051254272, "percent_y_embed_s5_5d_a_rep": 0.1784304529428482, "percent_unembed_s5_5d_a_rep": 0.19145804643630981, "percent_hidden_x_s5_5d_a_rep": 0.07370226085186005, "percent_hidden_y_s5_5d_a_rep": 0.07839182764291763, "percent_hidden_xy_s5_5d_a_rep": 0.0006712417816743255, "total_percent_hidden_s5_5d_a_rep": 0.15276533365249634, "hidden_excluded_loss_s5_5d_a_rep": 0.0024997901529308364, "hidden_restricted_loss_s5_5d_a_rep": 3.1232458090868223, "logit_s5_5d_b_rep_trace_similarity": 0.017519336193799973, "logit_excluded_loss_s5_5d_b_rep": 0.0008442351677813388, "logit_restricted_loss_s5_5d_b_rep": 2.644843761904839, "percent_x_embed_s5_5d_b_rep": 0.16550123691558838, "percent_y_embed_s5_5d_b_rep": 0.17108382284641266, "percent_unembed_s5_5d_b_rep": 0.18552908301353455, "percent_hidden_x_s5_5d_b_rep": 0.07324647903442383, "percent_hidden_y_s5_5d_b_rep": 0.07417524605989456, "percent_hidden_xy_s5_5d_b_rep": 0.0006280666566453874, "total_percent_hidden_s5_5d_b_rep": 0.14804978668689728, "hidden_excluded_loss_s5_5d_b_rep": 0.0019447198085768447, "hidden_restricted_loss_s5_5d_b_rep": 3.120414675561276, "logit_s5_6d_rep_trace_similarity": 0.02018258348107338, "logit_excluded_loss_s5_6d_rep": 0.0023486168573450396, "logit_restricted_loss_s5_6d_rep": 1.8647156935701001, "percent_x_embed_s5_6d_rep": 0.25268399715423584, "percent_y_embed_s5_6d_rep": 0.24506856501102448, "percent_unembed_s5_6d_rep": 0.2569331228733063, "percent_hidden_x_s5_6d_rep": 0.10867845267057419, "percent_hidden_y_s5_6d_rep": 0.10845436155796051, "percent_hidden_xy_s5_6d_rep": 0.0008357964688912034, "total_percent_hidden_s5_6d_rep": 0.21796859800815582, "hidden_excluded_loss_s5_6d_rep": 0.005537564704311414, "hidden_restricted_loss_s5_6d_rep": 2.466356420072313, "percent_logits_explained": 0.19082210958003998, "total_logit_excluded_loss": 14.898484087966397, "total_logit_restricted_loss": 6.312190834636752e-05, "total_hidden_excluded_loss": 13.660699677430037, "total_hidden_restricted_loss": 0.05425990631679885, "test_loss_restricted_loss_ratio": 989.3991746090281, "sum_of_squared_weights": 22699.84375, "percent_hidden_explained": 0.87175053358078, "percent_hidden_xy_explained": 0.03352842479944229, "percent_x_embed_explained": 0.9919856786727905, "percent_y_embed_explained": 0.9899215698242188, "percent_unembed_explained": 0.9922373294830322, "epoch": 500000.0}