{"train_loss": 9.440100533372428e-08, "test_loss": 1.6676556967426017e-07, "train_acc": 1.0, "test_acc": 1.0, "all_loss": 1.4505723355983533e-07, "logit_trivial_rep_trace_similarity": -2.1373125491663814e-11, "logit_excluded_loss_trivial_rep": 9.440100335759645e-08, "logit_restricted_loss_trivial_rep": 4.770684624465665, "logit_sign_rep_trace_similarity": 0.26757246255874634, "logit_excluded_loss_sign_rep": 7.359659806686904e-05, "logit_restricted_loss_sign_rep": 4.077788689557124, "logit_freq_1_rep_trace_similarity": 1.579974195919931e-06, "logit_excluded_loss_freq_1_rep": 9.440428532359376e-08, "logit_restricted_loss_freq_1_rep": 4.7706500154248985, "logit_freq_2_rep_trace_similarity": -1.1018164514098316e-07, "logit_excluded_loss_freq_2_rep": 9.440056703750975e-08, "logit_restricted_loss_freq_2_rep": 4.770687037996393, "logit_freq_3_rep_trace_similarity": 1.1555639503058046e-05, "logit_excluded_loss_freq_3_rep": 9.442183056942497e-08, "logit_restricted_loss_freq_3_rep": 4.770431514167662, "logit_freq_4_rep_trace_similarity": 6.616733116970863e-07, "logit_excluded_loss_freq_4_rep": 9.440289679291445e-08, "logit_restricted_loss_freq_4_rep": 4.770670130562402, "logit_freq_5_rep_trace_similarity": -1.386524672852829e-07, "logit_excluded_loss_freq_5_rep": 9.440043169195879e-08, "logit_restricted_loss_freq_5_rep": 4.770687661650722, "logit_freq_6_rep_trace_similarity": 5.646684257953893e-06, "logit_excluded_loss_freq_6_rep": 9.441063930803937e-08, "logit_restricted_loss_freq_6_rep": 4.770560937651736, "logit_freq_7_rep_trace_similarity": 2.1008236217312515e-06, "logit_excluded_loss_freq_7_rep": 9.44052157539414e-08, "logit_restricted_loss_freq_7_rep": 4.770638606447655, "logit_freq_8_rep_trace_similarity": 2.0590832718880847e-06, "logit_excluded_loss_freq_8_rep": 9.440615562519874e-08, "logit_restricted_loss_freq_8_rep": 4.770639520745546, "logit_freq_9_rep_trace_similarity": -2.0366835087770596e-05, "logit_excluded_loss_freq_9_rep": 9.437558377509304e-08, "logit_restricted_loss_freq_9_rep": 4.771130809839679, "logit_freq_10_rep_trace_similarity": 0.7386271953582764, "logit_excluded_loss_freq_10_rep": 0.09389024638817743, "logit_restricted_loss_freq_10_rep": 2.467852381314538, "logit_freq_11_rep_trace_similarity": -1.0314706742065027e-06, "logit_excluded_loss_freq_11_rep": 9.439829118444592e-08, "logit_restricted_loss_freq_11_rep": 4.770707218960983, "logit_freq_12_rep_trace_similarity": -1.3594217307399958e-08, "logit_excluded_loss_freq_12_rep": 9.440100335759645e-08, "logit_restricted_loss_freq_12_rep": 4.770684922247043, "logit_freq_13_rep_trace_similarity": 4.532921593636274e-09, "logit_excluded_loss_freq_13_rep": 9.440100335759645e-08, "logit_restricted_loss_freq_13_rep": 4.770684525172003, "logit_freq_14_rep_trace_similarity": -2.8281010600039735e-07, "logit_excluded_loss_freq_14_rep": 9.439992183950287e-08, "logit_restricted_loss_freq_14_rep": 4.7706908194315325, "logit_freq_15_rep_trace_similarity": -2.612505340948701e-07, "logit_excluded_loss_freq_15_rep": 9.44001178406463e-08, "logit_restricted_loss_freq_15_rep": 4.770690347167767, "logit_freq_16_rep_trace_similarity": 0.25518500804901123, "logit_excluded_loss_freq_16_rep": 0.0007246289221405707, "logit_restricted_loss_freq_16_rep": 3.0161933215222487, "logit_freq_17_rep_trace_similarity": 6.935260898899287e-07, "logit_excluded_loss_freq_17_rep": 9.440249317584821e-08, "logit_restricted_loss_freq_17_rep": 4.770669432832272, "logit_freq_18_rep_trace_similarity": -1.7690061213215813e-05, "logit_excluded_loss_freq_18_rep": 9.437014709510356e-08, "logit_restricted_loss_freq_18_rep": 4.771072162858466, "logit_freq_19_rep_trace_similarity": 0.29624712467193604, "logit_excluded_loss_freq_19_rep": 0.0026019696246223894, "logit_restricted_loss_freq_19_rep": 2.937745774049937, "logit_freq_20_rep_trace_similarity": -0.00019566589617170393, "logit_excluded_loss_freq_20_rep": 9.405458148509055e-08, "logit_restricted_loss_freq_20_rep": 4.774975279004895, "logit_freq_21_rep_trace_similarity": -5.3620260587194934e-06, "logit_excluded_loss_freq_21_rep": 9.438848493286655e-08, "logit_restricted_loss_freq_21_rep": 4.770802083116285, "logit_freq_22_rep_trace_similarity": 5.329911800799891e-07, "logit_excluded_loss_freq_22_rep": 9.440185513552162e-08, "logit_restricted_loss_freq_22_rep": 4.770672949325428, "logit_freq_23_rep_trace_similarity": 7.790840754751116e-07, "logit_excluded_loss_freq_23_rep": 9.440315777215907e-08, "logit_restricted_loss_freq_23_rep": 4.770667558699855, "logit_freq_24_rep_trace_similarity": -5.009242158848792e-07, "logit_excluded_loss_freq_24_rep": 9.439946805518871e-08, "logit_restricted_loss_freq_24_rep": 4.770695597242791, "logit_freq_25_rep_trace_similarity": 1.4618458408222068e-06, "logit_excluded_loss_freq_25_rep": 9.440389419007678e-08, "logit_restricted_loss_freq_25_rep": 4.770652602981532, "logit_freq_26_rep_trace_similarity": -8.037814041017555e-06, "logit_excluded_loss_freq_26_rep": 9.438386482709354e-08, "logit_restricted_loss_freq_26_rep": 4.770860700567603, "logit_freq_27_rep_trace_similarity": -8.998617886391003e-06, "logit_excluded_loss_freq_27_rep": 9.438691632449962e-08, "logit_restricted_loss_freq_27_rep": 4.7708817489368345, "logit_freq_28_rep_trace_similarity": 1.6152359876286937e-06, "logit_excluded_loss_freq_28_rep": 9.440312107052206e-08, "logit_restricted_loss_freq_28_rep": 4.770649243026411, "logit_freq_29_rep_trace_similarity": -5.3007104725111276e-05, "logit_excluded_loss_freq_29_rep": 9.430280084247027e-08, "logit_restricted_loss_freq_29_rep": 4.771846082231567, "logit_freq_30_rep_trace_similarity": 1.445378438802436e-05, "logit_excluded_loss_freq_30_rep": 9.443173483418907e-08, "logit_restricted_loss_freq_30_rep": 4.77036803934618, "logit_freq_31_rep_trace_similarity": -1.1026854735973757e-06, "logit_excluded_loss_freq_31_rep": 9.43988704974667e-08, "logit_restricted_loss_freq_31_rep": 4.7707087789390705, "logit_freq_32_rep_trace_similarity": 9.948013030225411e-06, "logit_excluded_loss_freq_32_rep": 9.442433601133296e-08, "logit_restricted_loss_freq_32_rep": 4.770466725074643, "logit_freq_33_rep_trace_similarity": -1.6207670796575258e-06, "logit_excluded_loss_freq_33_rep": 9.439679706597315e-08, "logit_restricted_loss_freq_33_rep": 4.770720127688628, "logit_freq_34_rep_trace_similarity": 4.044759407406673e-07, "logit_excluded_loss_freq_34_rep": 9.440172171096896e-08, "logit_restricted_loss_freq_34_rep": 4.770675764437984, "logit_freq_35_rep_trace_similarity": 7.4394120019860566e-06, "logit_excluded_loss_freq_35_rep": 9.441898293116223e-08, "logit_restricted_loss_freq_35_rep": 4.7705216707689555, "logit_freq_36_rep_trace_similarity": 7.228327376651578e-07, "logit_excluded_loss_freq_36_rep": 9.440254847009526e-08, "logit_restricted_loss_freq_36_rep": 4.770668790874969, "logit_freq_37_rep_trace_similarity": 0.4641331434249878, "logit_excluded_loss_freq_37_rep": 0.006443142878980412, "logit_restricted_loss_freq_37_rep": 2.705154653819409, "logit_freq_38_rep_trace_similarity": 0.00033410923788324, "logit_excluded_loss_freq_38_rep": 9.50773365938364e-08, "logit_restricted_loss_freq_38_rep": 4.763379351279018, "logit_freq_39_rep_trace_similarity": -4.796243047167081e-06, "logit_excluded_loss_freq_39_rep": 9.439120791617215e-08, "logit_restricted_loss_freq_39_rep": 4.770789688946273, "logit_freq_40_rep_trace_similarity": -6.251530066947453e-07, "logit_excluded_loss_freq_40_rep": 9.439967760854222e-08, "logit_restricted_loss_freq_40_rep": 4.770698318491306, "logit_freq_41_rep_trace_similarity": 5.06660853716312e-07, "logit_excluded_loss_freq_41_rep": 9.440232869413618e-08, "logit_restricted_loss_freq_41_rep": 4.770673526088137, "logit_freq_42_rep_trace_similarity": 3.863044184981845e-06, "logit_excluded_loss_freq_42_rep": 9.441146324178586e-08, "logit_restricted_loss_freq_42_rep": 4.770600006258129, "logit_freq_43_rep_trace_similarity": 2.5017470761667937e-08, "logit_excluded_loss_freq_43_rep": 9.440100335504482e-08,