{"train_loss": 1.787308574385382e-06, "test_loss": 7.830971728934304e-06, "train_acc": 1.0, "test_acc": 1.0, "all_loss": 5.413506385433587e-06, "percent_x_embed_trivial_rep": 2.2090455331635894e-07, "percent_y_embed_trivial_rep": 4.9019529768656867e-08, "percent_unembed_trivial_rep": 0.05410796031355858, "percent_hidden_x_trivial_rep": 2.6138623600638344e-15, "percent_hidden_y_trivial_rep": 2.6138623600638344e-15, "percent_hidden_xy_trivial_rep": 2.6138623600638344e-15, "total_percent_hidden_trivial_rep": 7.841587080191503e-15, "hidden_excluded_loss_trivial_rep": 1.8924158203179604e-06, "hidden_restricted_loss_trivial_rep": 4.818905129771868, "logit_sign_rep_trace_similarity": 0.3290412425994873, "logit_excluded_loss_sign_rep": 1.7376950529177298e-05, "logit_restricted_loss_sign_rep": 4.116691884855606, "percent_x_embed_sign_rep": 0.02966592088341713, "percent_y_embed_sign_rep": 0.02977716736495495, "percent_unembed_sign_rep": 0.05586719512939453, "percent_hidden_x_sign_rep": 0.010777578689157963, "percent_hidden_y_sign_rep": 0.010825324803590775, "percent_hidden_xy_sign_rep": 0.010776924900710583, "total_percent_hidden_sign_rep": 0.03237982839345932, "hidden_excluded_loss_sign_rep": 1.7576319528010675e-05, "hidden_restricted_loss_sign_rep": 4.1183600862900995, "logit_standard_rep_trace_similarity": 0.6375242471694946, "logit_excluded_loss_standard_rep": 1.196218016445097, "logit_restricted_loss_standard_rep": 0.00679699680367818, "percent_x_embed_standard_rep": 0.6096086502075195, "percent_y_embed_standard_rep": 0.6100361347198486, "percent_unembed_standard_rep": 0.5453063249588013, "percent_hidden_x_standard_rep": 0.23783619701862335, "percent_hidden_y_standard_rep": 0.2375626564025879, "percent_hidden_xy_standard_rep": 0.06926654279232025, "total_percent_hidden_standard_rep": 0.5446653962135315, "hidden_excluded_loss_standard_rep": 1.2155877474293493, "hidden_restricted_loss_standard_rep": 0.008767733614788645, "logit_standard_sign_rep_trace_similarity": 5.558831617236137e-09, "logit_excluded_loss_standard_sign_rep": 1.7873083518575234e-06, "logit_restricted_loss_standard_sign_rep": 4.787491614730251, "percent_x_embed_standard_sign_rep": 3.3843223263829714e-06, "percent_y_embed_standard_sign_rep": 3.9009671581879957e-07, "percent_unembed_standard_sign_rep": 0.0018628500401973724, "percent_hidden_x_standard_sign_rep": 1.4731956525793066e-06, "percent_hidden_y_standard_sign_rep": 1.6303120276006666e-07, "percent_hidden_xy_standard_sign_rep": 1.286793696771149e-12, "total_percent_hidden_standard_sign_rep": 1.6362281485271524e-06, "hidden_excluded_loss_standard_sign_rep": 1.7873095691004724e-06, "hidden_restricted_loss_standard_sign_rep": 4.787491608156697, "logit_s5_5d_a_rep_trace_similarity": 0.2763001322746277, "logit_excluded_loss_s5_5d_a_rep": 0.011604689009874814, "logit_restricted_loss_s5_5d_a_rep": 0.08565850844587783, "percent_x_embed_s5_5d_a_rep": 0.3607102930545807, "percent_y_embed_s5_5d_a_rep": 0.3601853549480438, "percent_unembed_s5_5d_a_rep": 0.333760142326355, "percent_hidden_x_s5_5d_a_rep": 0.14452728629112244, "percent_hidden_y_s5_5d_a_rep": 0.1475253850221634, "percent_hidden_xy_s5_5d_a_rep": 0.032914627343416214, "total_percent_hidden_s5_5d_a_rep": 0.32496732473373413, "hidden_excluded_loss_s5_5d_a_rep": 0.011952834002278322, "hidden_restricted_loss_s5_5d_a_rep": 0.18525031425936467, "logit_s5_5d_b_rep_trace_similarity": 0.0004292076046112925, "logit_excluded_loss_s5_5d_b_rep": 1.8076102024184362e-06, "logit_restricted_loss_s5_5d_b_rep": 4.775135906506542, "percent_x_embed_s5_5d_b_rep": 4.999841621611267e-06, "percent_y_embed_s5_5d_b_rep": 3.3696295531626674e-07, "percent_unembed_s5_5d_b_rep": 0.003844307502731681, "percent_hidden_x_s5_5d_b_rep": 8.998352859634906e-05, "percent_hidden_y_s5_5d_b_rep": 8.854659245116636e-05, "percent_hidden_xy_s5_5d_b_rep": 3.0369583328138106e-05, "total_percent_hidden_s5_5d_b_rep": 0.00020889969891868532, "hidden_excluded_loss_s5_5d_b_rep": 1.808263306501689e-06, "hidden_restricted_loss_s5_5d_b_rep": 4.775210645917368, "logit_s5_6d_rep_trace_similarity": 3.3905962482094765e-09, "logit_excluded_loss_s5_6d_rep": 1.7873083518481946e-06, "logit_restricted_loss_s5_6d_rep": 4.787491625624698, "percent_x_embed_s5_6d_rep": 6.467022103606723e-06, "percent_y_embed_s5_6d_rep": 5.342639042282826e-07, "percent_unembed_s5_6d_rep": 0.005251296795904636, "percent_hidden_x_s5_6d_rep": 2.87317061520298e-06, "percent_hidden_y_s5_6d_rep": 2.8455193046283966e-07, "percent_hidden_xy_s5_6d_rep": 3.6453357693533306e-12, "total_percent_hidden_s5_6d_rep": 3.157726268909755e-06, "hidden_excluded_loss_s5_6d_rep": 1.7873080966106796e-06, "hidden_restricted_loss_s5_6d_rep": 4.78749179524058, "percent_logits_explained": 0.5910472273826599, "total_logit_excluded_loss": 8.728058277993945, "total_logit_restricted_loss": 4.534437714088704e-08, "total_hidden_excluded_loss": 8.431488218922292, "total_hidden_restricted_loss": 7.538561680032642e-08, "test_loss_restricted_loss_ratio": 103.8788572848872, "sum_of_squared_weights": 5462.2919921875, "percent_hidden_explained": 0.9020125269889832, "percent_hidden_xy_explained": 0.11295808851718903, "percent_x_embed_explained": 0.999984860420227, "percent_y_embed_explained": 0.9999986886978149, "percent_unembed_explained": 0.9349336624145508, "epoch": 250000.0}