{"train_loss": 0.00012785657152721, "test_loss": 59.02841957694374, "train_acc": 1.0, "test_acc": 0.003935185261070728, "all_loss": 35.417102817731916, "percent_x_embed_trivial_rep": 0.00828093383461237, "percent_y_embed_trivial_rep": 0.01574236899614334, "percent_unembed_trivial_rep": 0.00745015125721693, "percent_hidden_x_trivial_rep": 1.808983489737302e-15, "percent_hidden_y_trivial_rep": 1.808983489737302e-15, "percent_hidden_xy_trivial_rep": 1.808983489737302e-15, "total_percent_hidden_trivial_rep": 5.426950257453669e-15, "hidden_excluded_loss_trivial_rep": 0.5435302230266713, "hidden_restricted_loss_trivial_rep": 13.385853317298567, "logit_sign_rep_trace_similarity": 0.455121785402298, "logit_excluded_loss_sign_rep": 5.5543892832231645, "logit_restricted_loss_sign_rep": 4.094344562228989, "percent_x_embed_sign_rep": 0.14622128009796143, "percent_y_embed_sign_rep": 0.13462723791599274, "percent_unembed_sign_rep": 0.056295137852430344, "percent_hidden_x_sign_rep": 0.050416022539138794, "percent_hidden_y_sign_rep": 0.04732416942715645, "percent_hidden_xy_sign_rep": 0.03406195715069771, "total_percent_hidden_sign_rep": 0.13180214166641235, "hidden_excluded_loss_sign_rep": 5.174790519867323, "hidden_restricted_loss_sign_rep": 5.582881791011891, "logit_standard_rep_trace_similarity": 0.021677786484360695, "logit_excluded_loss_standard_rep": 0.0017389731819521044, "logit_restricted_loss_standard_rep": 2.5710958213434796, "percent_x_embed_standard_rep": 0.13036131858825684, "percent_y_embed_standard_rep": 0.12922775745391846, "percent_unembed_standard_rep": 0.1481073498725891, "percent_hidden_x_standard_rep": 0.05424879491329193, "percent_hidden_y_standard_rep": 0.0568961463868618, "percent_hidden_xy_standard_rep": 0.0009436624823138118, "total_percent_hidden_standard_rep": 0.11208860576152802, "hidden_excluded_loss_standard_rep": 0.013714647820269635, "hidden_restricted_loss_standard_rep": 3.316464470398353, "logit_standard_sign_rep_trace_similarity": 0.013344872742891312, "logit_excluded_loss_standard_sign_rep": 0.0006197589930359852, "logit_restricted_loss_standard_sign_rep": 3.3525392772590945, "percent_x_embed_standard_sign_rep": 0.11421111971139908, "percent_y_embed_standard_sign_rep": 0.11554117500782013, "percent_unembed_standard_sign_rep": 0.11901342868804932, "percent_hidden_x_standard_sign_rep": 0.04834260046482086, "percent_hidden_y_standard_sign_rep": 0.05231814086437225, "percent_hidden_xy_standard_sign_rep": 0.0004886001697741449, "total_percent_hidden_standard_sign_rep": 0.10114934295415878, "hidden_excluded_loss_standard_sign_rep": 0.0014371476477835106, "hidden_restricted_loss_standard_sign_rep": 3.7673155665889104, "logit_s5_5d_a_rep_trace_similarity": 0.010613473132252693, "logit_excluded_loss_s5_5d_a_rep": 0.0006055843113770182, "logit_restricted_loss_s5_5d_a_rep": 3.3398882586588954, "percent_x_embed_s5_5d_a_rep": 0.14705201983451843, "percent_y_embed_s5_5d_a_rep": 0.14008629322052002, "percent_unembed_s5_5d_a_rep": 0.16689389944076538, "percent_hidden_x_s5_5d_a_rep": 0.06460107117891312, "percent_hidden_y_s5_5d_a_rep": 0.06520313769578934, "percent_hidden_xy_s5_5d_a_rep": 0.0003045377670787275, "total_percent_hidden_s5_5d_a_rep": 0.13010874390602112, "hidden_excluded_loss_s5_5d_a_rep": 0.0009605903384715659, "hidden_restricted_loss_s5_5d_a_rep": 3.602705939333904, "logit_s5_5d_b_rep_trace_similarity": 0.02409384772181511, "logit_excluded_loss_s5_5d_b_rep": 0.004663666464848326, "logit_restricted_loss_s5_5d_b_rep": 1.723543263346137, "percent_x_embed_s5_5d_b_rep": 0.19923777878284454, "percent_y_embed_s5_5d_b_rep": 0.20574726164340973, "percent_unembed_s5_5d_b_rep": 0.21634866297245026, "percent_hidden_x_s5_5d_b_rep": 0.08516034483909607, "percent_hidden_y_s5_5d_b_rep": 0.08817113935947418, "percent_hidden_xy_s5_5d_b_rep": 0.0010868514655157924, "total_percent_hidden_s5_5d_b_rep": 0.17441833019256592, "hidden_excluded_loss_s5_5d_b_rep": 0.021295165699713268, "hidden_restricted_loss_s5_5d_b_rep": 2.612680193426887, "logit_s5_6d_rep_trace_similarity": 0.02067028172314167, "logit_excluded_loss_s5_6d_rep": 0.005747497899674451, "logit_restricted_loss_s5_6d_rep": 1.578744512182403, "percent_x_embed_s5_6d_rep": 0.2546355724334717, "percent_y_embed_s5_6d_rep": 0.2590279281139374, "percent_unembed_s5_6d_rep": 0.28589144349098206, "percent_hidden_x_s5_6d_rep": 0.10896299034357071, "percent_hidden_y_s5_6d_rep": 0.11743487417697906, "percent_hidden_xy_s5_6d_rep": 0.0008634234545752406, "total_percent_hidden_s5_6d_rep": 0.22726128995418549, "hidden_excluded_loss_s5_6d_rep": 0.01954370430139628, "hidden_restricted_loss_s5_6d_rep": 2.2768329635232782, "percent_logits_explained": 0.20890428125858307, "total_logit_excluded_loss": 15.841218323799811, "total_logit_restricted_loss": 0.00020896934176538185, "total_hidden_excluded_loss": 14.700167971824145, "total_hidden_restricted_loss": 0.1702245073688071, "test_loss_restricted_loss_ratio": 346.7680446802717, "sum_of_squared_weights": 23553.51171875, "percent_hidden_explained": 0.8768284320831299, "percent_hidden_xy_explained": 0.0377490296959877, "percent_x_embed_explained": 0.9917190670967102, "percent_y_embed_explained": 0.9842575788497925, "percent_unembed_explained": 0.9925498962402344, "epoch": 500000.0}