{"train_loss": 1.5741491374821965e-06, "test_loss": 5.575746470602347e-06, "train_acc": 1.0, "test_acc": 1.0, "all_loss": 4.375321041122269e-06, "logit_trivial_rep_trace_similarity": 3.296372597105801e-08, "logit_excluded_loss_trivial_rep": 1.574149139322804e-06, "logit_restricted_loss_trivial_rep": 4.804021044733257, "percent_x_embed_trivial_rep": 6.274788756854832e-05, "percent_y_embed_trivial_rep": 6.935658348083962e-06, "percent_unembed_trivial_rep": 0.008660382591187954, "percent_hidden_trivial_rep": 0.3231058716773987, "embed_excluded_loss_trivial_rep": 4.388524183282318e-06, "embed_restricted_loss_trivial_rep": 4.804201673407309, "logit_sign_rep_trace_similarity": 0.3420235812664032, "logit_excluded_loss_sign_rep": 9.966736817847578e-05, "logit_restricted_loss_sign_rep": 4.114236679097682, "percent_x_embed_sign_rep": 0.05103323236107826, "percent_y_embed_sign_rep": 0.05079102888703346, "percent_unembed_sign_rep": 0.06902003288269043, "percent_hidden_sign_rep": 0.012715163640677929, "embed_excluded_loss_sign_rep": 0.00027630704503994047, "embed_restricted_loss_sign_rep": 4.1216732679327155, "logit_freq_1_rep_trace_similarity": -0.00013826691429130733, "logit_excluded_loss_freq_1_rep": 1.5707579713476816e-06, "logit_restricted_loss_freq_1_rep": 4.806323285995864, "percent_x_embed_freq_1_rep": 7.312856178032234e-05, "percent_y_embed_freq_1_rep": 2.953195507870987e-05, "percent_unembed_freq_1_rep": 0.00027431457419879735, "percent_hidden_freq_1_rep": 2.6136107408092357e-05, "embed_excluded_loss_freq_1_rep": 4.432551751704361e-06, "embed_restricted_loss_freq_1_rep": 4.804420266604066, "logit_freq_2_rep_trace_similarity": 0.30995073914527893, "logit_excluded_loss_freq_2_rep": 0.0017014115785854073, "logit_restricted_loss_freq_2_rep": 2.4301798608525678, "percent_x_embed_freq_2_rep": 0.21638798713684082, "percent_y_embed_freq_2_rep": 0.2183406502008438, "percent_unembed_freq_2_rep": 0.18156662583351135, "percent_hidden_freq_2_rep": 0.015897011384367943, "embed_excluded_loss_freq_2_rep": 0.00568775130989282, "embed_restricted_loss_freq_2_rep": 3.038678185579319, "logit_freq_3_rep_trace_similarity": 1.1753656508517452e-05, "logit_excluded_loss_freq_3_rep": 1.5745013926168643e-06, "logit_restricted_loss_freq_3_rep": 4.80382539917897, "percent_x_embed_freq_3_rep": 0.0002687139203771949, "percent_y_embed_freq_3_rep": 0.00010530512372497469, "percent_unembed_freq_3_rep": 0.0003416319377720356, "percent_hidden_freq_3_rep": 6.247640840228996e-07, "embed_excluded_loss_freq_3_rep": 4.508443762796675e-06, "embed_restricted_loss_freq_3_rep": 4.805922235663589, "logit_freq_4_rep_trace_similarity": 0.019276203587651253, "logit_excluded_loss_freq_4_rep": 2.273148004229329e-06, "logit_restricted_loss_freq_4_rep": 4.496020611461692, "percent_x_embed_freq_4_rep": 3.7231882743071765e-05, "percent_y_embed_freq_4_rep": 2.3831315047573298e-05, "percent_unembed_freq_4_rep": 0.018163084983825684, "percent_hidden_freq_4_rep": 0.0006280667148530483, "embed_excluded_loss_freq_4_rep": 4.390584921950071e-06, "embed_restricted_loss_freq_4_rep": 4.8045893104483355, "logit_freq_5_rep_trace_similarity": -0.00012875381798949093, "logit_excluded_loss_freq_5_rep": 1.5707123313124897e-06, "logit_restricted_loss_freq_5_rep": 4.8061648438349005, "percent_x_embed_freq_5_rep": 4.3842981540365145e-05, "percent_y_embed_freq_5_rep": 1.4775996532989666e-05, "percent_unembed_freq_5_rep": 0.00028471334371715784, "percent_hidden_freq_5_rep": 3.187853508279659e-05, "embed_excluded_loss_freq_5_rep": 4.392530213091275e-06, "embed_restricted_loss_freq_5_rep": 4.804260532507578, "logit_freq_6_rep_trace_similarity": 0.0009884033352136612, "logit_excluded_loss_freq_6_rep": 1.602761462714352e-06, "logit_restricted_loss_freq_6_rep": 4.787602005089044, "percent_x_embed_freq_6_rep": 5.1758455811068416e-05, "percent_y_embed_freq_6_rep": 5.341737050912343e-05, "percent_unembed_freq_6_rep": 0.0006384151638485491, "percent_hidden_freq_6_rep": 0.00010221956472378224, "embed_excluded_loss_freq_6_rep": 4.416062100782784e-06, "embed_restricted_loss_freq_6_rep": 4.804802754455166, "logit_freq_7_rep_trace_similarity": 3.751544500119053e-05, "logit_excluded_loss_freq_7_rep": 1.574962881532788e-06, "logit_restricted_loss_freq_7_rep": 4.80339661462843, "percent_x_embed_freq_7_rep": 6.565415969816968e-05, "percent_y_embed_freq_7_rep": 1.7354341252939776e-05, "percent_unembed_freq_7_rep": 0.00020211742958053946, "percent_hidden_freq_7_rep": 6.6110806073993444e-06, "embed_excluded_loss_freq_7_rep": 4.4056666182300286e-06, "embed_restricted_loss_freq_7_rep": 4.804496416967862, "logit_freq_8_rep_trace_similarity": -0.00011343420919729397, "logit_excluded_loss_freq_8_rep": 1.5708054310892283e-06, "logit_restricted_loss_freq_8_rep": 4.805909706520318, "percent_x_embed_freq_8_rep": 0.0003383310395292938, "percent_y_embed_freq_8_rep": 4.2484251025598496e-05, "percent_unembed_freq_8_rep": 0.0003619194612838328, "percent_hidden_freq_8_rep": 2.9066610295558348e-05, "embed_excluded_loss_freq_8_rep": 4.547940446135457e-06, "embed_restricted_loss_freq_8_rep": 4.805353607930424, "logit_freq_9_rep_trace_similarity": 0.3599875271320343, "logit_excluded_loss_freq_9_rep": 0.012611270148994408, "logit_restricted_loss_freq_9_rep": 2.3345990551152016, "percent_x_embed_freq_9_rep": 0.2653941214084625, "percent_y_embed_freq_9_rep": 0.26506316661834717, "percent_unembed_freq_9_rep": 0.20188835263252258, "percent_hidden_freq_9_rep": 0.01931549608707428, "embed_excluded_loss_freq_9_rep": 0.042757997581509444, "embed_restricted_loss_freq_9_rep": 2.954459257902883, "logit_freq_10_rep_trace_similarity": 0.00010426410881336778, "logit_excluded_loss_freq_10_rep": 1.5776764646823722e-06, "logit_restricted_loss_freq_10_rep": 4.802285849837783, "percent_x_embed_freq_10_rep": 8.129863999783993e-05, "percent_y_embed_freq_10_rep": 0.00011560787243070081, "percent_unembed_freq_10_rep": 0.00040150590939447284, "percent_hidden_freq_10_rep": 1.3233822755864821e-05, "embed_excluded_loss_freq_10_rep": 4.437840788836701e-06, "embed_restricted_loss_freq_10_rep": 4.805482301760678, "logit_freq_11_rep_trace_similarity": 0.000234874794841744, "logit_excluded_loss_freq_11_rep": 1.58052343592064e-06, "logit_restricted_loss_freq_11_rep": 4.800113249801426, "percent_x_embed_freq_11_rep": 8.334920858033001e-05, "percent_y_embed_freq_11_rep": 2.4007154934224673e-05, "percent_unembed_freq_11_rep": 0.0005994573002681136, "percent_hidden_freq_11_rep": 6.7405162553768605e-06, "embed_excluded_loss_freq_11_rep": 4.4103775802959556e-06, "embed_restricted_loss_freq_11_rep": 4.8046052483519, "logit_freq_12_rep_trace_similarity": 9.217375190928578e-05, "logit_excluded_loss_freq_12_rep": 1.5770176820999282e-06, "logit_restricted_loss_freq_12_rep": 4.802487022663723, "percent_x_embed_freq_12_rep": 2.0757917809532955e-05, "percent_y_embed_freq_12_rep": 2.0532934286165982e-05, "percent_unembed_freq_12_rep": 0.00038151044282130897, "percent_hidden_freq_12_rep": 5.557344593398739e-06, "embed_excluded_loss_freq_12_rep": 4.387793950859719e-06, "embed_restricted_loss_freq_12_rep": 4.804368121647603, "logit_freq_13_rep_trace_similarity": 5.226549546932802e-06, "logit_excluded_loss_freq_13_rep": 1.5742829351280677e-06, "logit_restricted_loss_freq_13_rep": 4.803934044988054, "percent_x_embed_freq_13_rep": 0.00023558351676911116, "percent_y_embed_freq_13_rep": 2.6034245820483193e-05, "percent_unembed_freq_13_rep": 0.00032193001243285835, "percent_hidden_freq_13_rep": 1.2201107892906293e-06, "embed_excluded_loss_freq_13_rep": 4.459546522949128e-06, "embed_restricted_loss_freq_13_rep": 4.804742879437497, "logit_freq_14_rep_trace_similarity": 0.32478246092796326, "logit_excluded_loss_freq_14_rep": 0.0038303022987127427, "logit_restricted_loss_freq_14_rep": 2.3992137584504967, "percent_x_embed_freq_14_rep": 0.23255202174186707, "percent_y_embed_freq_14_rep": 0.23538538813591003, "percent_unembed_freq_14_rep": 0.185825377702713, "percent_hidden_freq_14_rep": 0.017067404463887215,