{"train_loss": 2.8524547661176524e-05, "test_loss": 61.08799092055296, "train_acc": 1.0, "test_acc": 0.0012731481110677123, "all_loss": 36.6528060250629, "percent_x_embed_trivial_rep": 0.011904291808605194, "percent_y_embed_trivial_rep": 0.012510845437645912, "percent_unembed_trivial_rep": 0.006026276852935553, "percent_hidden_x_trivial_rep": 2.4498956279584783e-15, "percent_hidden_y_trivial_rep": 2.4498956279584783e-15, "percent_hidden_xy_trivial_rep": 2.4498956279584783e-15, "total_percent_hidden_trivial_rep": 7.349687095633672e-15, "hidden_excluded_loss_trivial_rep": 0.025472550996634855, "hidden_restricted_loss_trivial_rep": 8.15661972570058, "logit_sign_rep_trace_similarity": 0.0035082660615444183, "logit_excluded_loss_sign_rep": 3.1153634606192856e-05, "logit_restricted_loss_sign_rep": 4.707802736117137, "percent_x_embed_sign_rep": 0.007697153836488724, "percent_y_embed_sign_rep": 0.006686704698950052, "percent_unembed_sign_rep": 0.006653102580457926, "percent_hidden_x_sign_rep": 0.0036507449112832546, "percent_hidden_y_sign_rep": 0.0026579457335174084, "percent_hidden_xy_sign_rep": 2.2301419448922388e-05, "total_percent_hidden_sign_rep": 0.006330992095172405, "hidden_excluded_loss_sign_rep": 3.1616910447914905e-05, "hidden_restricted_loss_sign_rep": 4.717719141187895, "logit_standard_rep_trace_similarity": 0.023441117256879807, "logit_excluded_loss_standard_rep": 0.00029988746379746884, "logit_restricted_loss_standard_rep": 2.752603304369289, "percent_x_embed_standard_rep": 0.14826801419258118, "percent_y_embed_standard_rep": 0.14617936313152313, "percent_unembed_standard_rep": 0.1483997404575348, "percent_hidden_x_standard_rep": 0.06440483033657074, "percent_hidden_y_standard_rep": 0.06343365460634232, "percent_hidden_xy_standard_rep": 0.0007104551768861711, "total_percent_hidden_standard_rep": 0.12854894995689392, "hidden_excluded_loss_standard_rep": 0.0005478680163523092, "hidden_restricted_loss_standard_rep": 3.1370036767543357, "logit_standard_sign_rep_trace_similarity": 0.021035151556134224, "logit_excluded_loss_standard_sign_rep": 0.00023872804070864897, "logit_restricted_loss_standard_sign_rep": 2.9220373126825465, "percent_x_embed_standard_sign_rep": 0.1368064284324646, "percent_y_embed_standard_sign_rep": 0.13763992488384247, "percent_unembed_standard_sign_rep": 0.1338907778263092, "percent_hidden_x_standard_sign_rep": 0.059966251254081726, "percent_hidden_y_standard_sign_rep": 0.058810193091630936, "percent_hidden_xy_standard_sign_rep": 0.0006241595256142318, "total_percent_hidden_standard_sign_rep": 0.11940059810876846, "hidden_excluded_loss_standard_sign_rep": 0.0004534907126137514, "hidden_restricted_loss_standard_sign_rep": 3.3331929268198635, "logit_s5_5d_a_rep_trace_similarity": 0.02303919941186905, "logit_excluded_loss_s5_5d_a_rep": 0.0005008002637224747, "logit_restricted_loss_s5_5d_a_rep": 2.2534825349525445, "percent_x_embed_s5_5d_a_rep": 0.19406947493553162, "percent_y_embed_s5_5d_a_rep": 0.21097475290298462, "percent_unembed_s5_5d_a_rep": 0.2068396657705307, "percent_hidden_x_s5_5d_a_rep": 0.08707763999700546, "percent_hidden_y_s5_5d_a_rep": 0.08780363947153091, "percent_hidden_xy_s5_5d_a_rep": 0.0007571747410111129, "total_percent_hidden_s5_5d_a_rep": 0.17563845217227936, "hidden_excluded_loss_s5_5d_a_rep": 0.0009345343894156744, "hidden_restricted_loss_s5_5d_a_rep": 2.691250639646575, "logit_s5_5d_b_rep_trace_similarity": 0.023495052009820938, "logit_excluded_loss_s5_5d_b_rep": 0.0005319158803142221, "logit_restricted_loss_s5_5d_b_rep": 2.2089002014125096, "percent_x_embed_s5_5d_b_rep": 0.2046458125114441, "percent_y_embed_s5_5d_b_rep": 0.1938721239566803, "percent_unembed_s5_5d_b_rep": 0.2046380490064621, "percent_hidden_x_s5_5d_b_rep": 0.09112431108951569, "percent_hidden_y_s5_5d_b_rep": 0.08319084346294403, "percent_hidden_xy_s5_5d_b_rep": 0.0008492220658808947, "total_percent_hidden_s5_5d_b_rep": 0.1751643717288971, "hidden_excluded_loss_s5_5d_b_rep": 0.001300617979109653, "hidden_restricted_loss_s5_5d_b_rep": 2.7171501181485267, "logit_s5_6d_rep_trace_similarity": 0.026673175394535065, "logit_excluded_loss_s5_6d_rep": 0.0015619669400870552, "logit_restricted_loss_s5_6d_rep": 1.3650284807480213, "percent_x_embed_s5_6d_rep": 0.2966088652610779, "percent_y_embed_s5_6d_rep": 0.2921362519264221, "percent_unembed_s5_6d_rep": 0.2935523986816406, "percent_hidden_x_s5_6d_rep": 0.1307133138179779, "percent_hidden_y_s5_6d_rep": 0.12238554656505585, "percent_hidden_xy_s5_6d_rep": 0.0010501435026526451, "total_percent_hidden_s5_6d_rep": 0.2541489899158478, "hidden_excluded_loss_s5_6d_rep": 0.004596344600701812, "hidden_restricted_loss_s5_6d_rep": 1.9301241945015342, "percent_logits_explained": 0.0027985519263893366, "total_logit_excluded_loss": 3.127192277388441, "total_logit_restricted_loss": 0.00014424867586523867, "total_hidden_excluded_loss": 3.5698805737710146, "total_hidden_restricted_loss": 0.00462008445057607, "test_loss_restricted_loss_ratio": 13222.267162873182, "sum_of_squared_weights": 23194.8671875, "percent_hidden_explained": 0.8529013395309448, "percent_hidden_xy_explained": 0.003991154953837395, "percent_x_embed_explained": 0.9803985953330994, "percent_y_embed_explained": 0.9808024168014526, "percent_unembed_explained": 0.9873206615447998, "epoch": 250000.0}