{"train_loss": 2.661663341351269e-07, "test_loss": 15.825803115534931, "train_acc": 1.0, "test_acc": 0.10413667559623718, "all_loss": 11.078274984111562, "logit_trivial_rep_trace_similarity": -1.7917045624926686e-10, "logit_excluded_loss_trivial_rep": 2.66166331102591e-07, "logit_restricted_loss_trivial_rep": 4.804021044733257, "logit_sign_rep_trace_similarity": 0.0016922459471970797, "logit_excluded_loss_sign_rep": 2.7110806193828074e-07, "logit_restricted_loss_sign_rep": 4.777305748154725, "logit_freq_1_rep_trace_similarity": 0.05465134233236313, "logit_excluded_loss_freq_1_rep": 2.4024283629655284e-06, "logit_restricted_loss_freq_1_rep": 3.434692523809648, "logit_freq_2_rep_trace_similarity": 0.0010730864014476538, "logit_excluded_loss_freq_2_rep": 2.7564865352613324e-07, "logit_restricted_loss_freq_2_rep": 4.7698220877400805, "logit_freq_3_rep_trace_similarity": 0.0017521020490676165, "logit_excluded_loss_freq_3_rep": 2.830707972754195e-07, "logit_restricted_loss_freq_3_rep": 4.748334398580956, "logit_freq_4_rep_trace_similarity": 0.07417862862348557, "logit_excluded_loss_freq_4_rep": 5.956924592144437e-06, "logit_restricted_loss_freq_4_rep": 3.1206097705485676, "logit_freq_5_rep_trace_similarity": 0.009552611038088799, "logit_excluded_loss_freq_5_rep": 3.730152620108612e-07, "logit_restricted_loss_freq_5_rep": 4.509954787695523, "logit_freq_6_rep_trace_similarity": 0.34648165106773376, "logit_excluded_loss_freq_6_rep": 0.6145382573539608, "logit_restricted_loss_freq_6_rep": 2.0008805141396055, "logit_freq_7_rep_trace_similarity": 0.005113646853715181, "logit_excluded_loss_freq_7_rep": 3.121658684712989e-07, "logit_restricted_loss_freq_7_rep": 4.643696493478847, "logit_freq_8_rep_trace_similarity": 0.008979929611086845, "logit_excluded_loss_freq_8_rep": 3.6049992488579807e-07, "logit_restricted_loss_freq_8_rep": 4.526925601664997, "logit_freq_9_rep_trace_similarity": 0.002801248338073492, "logit_excluded_loss_freq_9_rep": 2.9383850569488187e-07, "logit_restricted_loss_freq_9_rep": 4.715365985530909, "logit_freq_10_rep_trace_similarity": 0.001990946941077709, "logit_excluded_loss_freq_10_rep": 2.8300250156902975e-07, "logit_restricted_loss_freq_10_rep": 4.740804143413049, "logit_freq_11_rep_trace_similarity": 0.0019020074978470802, "logit_excluded_loss_freq_11_rep": 2.8493045359174304e-07, "logit_restricted_loss_freq_11_rep": 4.743606504605537, "logit_freq_12_rep_trace_similarity": 0.005177841521799564, "logit_excluded_loss_freq_12_rep": 3.091191935040784e-07, "logit_restricted_loss_freq_12_rep": 4.641726404353825, "logit_freq_13_rep_trace_similarity": 0.09777848422527313, "logit_excluded_loss_freq_13_rep": 2.145906058375112e-05, "logit_restricted_loss_freq_13_rep": 2.841354187880664, "logit_freq_14_rep_trace_similarity": 0.05354735255241394, "logit_excluded_loss_freq_14_rep": 2.056937954236024e-06, "logit_restricted_loss_freq_14_rep": 3.455011171225785, "logit_freq_15_rep_trace_similarity": 0.0020826582331210375, "logit_excluded_loss_freq_15_rep": 2.8665149442338736e-07, "logit_restricted_loss_freq_15_rep": 4.737916567977141, "logit_freq_16_rep_trace_similarity": 0.08151713758707047, "logit_excluded_loss_freq_16_rep": 8.419267175959523e-06, "logit_restricted_loss_freq_16_rep": 3.023121932010934, "logit_freq_17_rep_trace_similarity": 0.004649666137993336, "logit_excluded_loss_freq_17_rep": 3.1504452710841196e-07, "logit_restricted_loss_freq_17_rep": 4.657967088781411, "logit_freq_18_rep_trace_similarity": 0.0012922828318551183, "logit_excluded_loss_freq_18_rep": 2.7827255779757403e-07, "logit_restricted_loss_freq_18_rep": 4.7628726324397785, "logit_freq_19_rep_trace_similarity": 0.0017930713947862387, "logit_excluded_loss_freq_19_rep": 2.8186829844216056e-07, "logit_restricted_loss_freq_19_rep": 4.747041688209034, "logit_freq_20_rep_trace_similarity": 0.005721994675695896, "logit_excluded_loss_freq_20_rep": 3.17513184038914e-07, "logit_restricted_loss_freq_20_rep": 4.625069156383693, "logit_freq_21_rep_trace_similarity": 0.002281072549521923, "logit_excluded_loss_freq_21_rep": 2.8885119050889255e-07, "logit_restricted_loss_freq_21_rep": 4.731676777013716, "logit_freq_22_rep_trace_similarity": 0.0038789501413702965, "logit_excluded_loss_freq_22_rep": 3.0261903476846766e-07, "logit_restricted_loss_freq_22_rep": 4.681793754986519, "logit_freq_23_rep_trace_similarity": 0.0033723805099725723, "logit_excluded_loss_freq_23_rep": 2.9962159029802476e-07, "logit_restricted_loss_freq_23_rep": 4.697537212090235, "logit_freq_24_rep_trace_similarity": 0.0016730788629502058, "logit_excluded_loss_freq_24_rep": 2.830526325455705e-07, "logit_restricted_loss_freq_24_rep": 4.750829045630445, "logit_freq_25_rep_trace_similarity": 0.0017192207742482424, "logit_excluded_loss_freq_25_rep": 2.8252428559287144e-07, "logit_restricted_loss_freq_25_rep": 4.749372220978352, "logit_freq_26_rep_trace_similarity": 0.10250608623027802, "logit_excluded_loss_freq_26_rep": 2.3463442967572777e-05, "logit_restricted_loss_freq_26_rep": 2.7963123091925395, "logit_freq_27_rep_trace_similarity": 0.0018628055695444345, "logit_excluded_loss_freq_27_rep": 2.843916876376877e-07, "logit_restricted_loss_freq_27_rep": 4.744842345992707, "logit_freq_28_rep_trace_similarity": 0.001723170978948474, "logit_excluded_loss_freq_28_rep": 2.826298088118601e-07, "logit_restricted_loss_freq_28_rep": 4.749247525940711, "logit_freq_29_rep_trace_similarity": 0.0032710449304431677, "logit_excluded_loss_freq_29_rep": 2.960570847932382e-07, "logit_restricted_loss_freq_29_rep": 4.700694455774652, "logit_freq_30_rep_trace_similarity": 0.0015687592094764113, "logit_excluded_loss_freq_30_rep": 2.8167693064574224e-07, "logit_restricted_loss_freq_30_rep": 4.754124712340313, "percent_logits_explained": 0.15848718583583832, "total_logit_excluded_loss": 11.946963198994698, "total_logit_restricted_loss": 4.946547020908466e-06, "epoch": 50000.0}