{"train_loss": 1.6543605872822612e-07, "test_loss": 0.0650154504475781, "train_acc": 1.0, "test_acc": 0.9808043241500854, "all_loss": 0.0455117373785456, "percent_x_embed_trivial_rep": 0.0003620095085352659, "percent_y_embed_trivial_rep": 0.0003620095085352659, "percent_unembed_trivial_rep": 0.0002862058754544705, "percent_hidden_trivial_rep": 0.3607369363307953, "hidden_excluded_loss_trivial_rep": 0.039800012601927205, "hidden_restricted_loss_trivial_rep": 12.923600631704986, "logit_sign_rep_trace_similarity": 0.0006164106307551265, "logit_excluded_loss_sign_rep": 1.6568848658035345e-07, "logit_restricted_loss_sign_rep": 4.788883535439552, "percent_x_embed_sign_rep": 0.0004123934486415237, "percent_y_embed_sign_rep": 0.0004123934486415237, "percent_unembed_sign_rep": 0.0025083532091230154, "percent_hidden_sign_rep": 7.4830381890933495e-06, "hidden_excluded_loss_sign_rep": 2.0190065897813038e-06, "hidden_restricted_loss_sign_rep": 4.7896983334579115, "logit_freq_1_rep_trace_similarity": 0.019050143659114838, "logit_excluded_loss_freq_1_rep": 4.5921628321303066e-07, "logit_restricted_loss_freq_1_rep": 3.9722283194626904, "percent_x_embed_freq_1_rep": 0.04262019693851471, "percent_y_embed_freq_1_rep": 0.04262019693851471, "percent_unembed_freq_1_rep": 0.024421749636530876, "percent_hidden_freq_1_rep": 0.0004409072862472385, "hidden_excluded_loss_freq_1_rep": 9.734306842914921e-06, "hidden_restricted_loss_freq_1_rep": 4.321220571202178, "logit_freq_2_rep_trace_similarity": 5.17794796905946e-05, "logit_excluded_loss_freq_2_rep": 1.6600509055448793e-07, "logit_restricted_loss_freq_2_rep": 4.8014591709443035, "percent_x_embed_freq_2_rep": 0.0013077011099085212, "percent_y_embed_freq_2_rep": 0.0013077011099085212, "percent_unembed_freq_2_rep": 0.0009752681362442672, "percent_hidden_freq_2_rep": 1.1316101335978601e-06, "hidden_excluded_loss_freq_2_rep": 1.9725763189710265e-06, "hidden_restricted_loss_freq_2_rep": 4.802818536954367, "logit_freq_3_rep_trace_similarity": 0.00012638166663236916, "logit_excluded_loss_freq_3_rep": 1.6667395807458584e-07, "logit_restricted_loss_freq_3_rep": 4.79777099358187, "percent_x_embed_freq_3_rep": 0.0034232866019010544, "percent_y_embed_freq_3_rep": 0.0034232866019010544, "percent_unembed_freq_3_rep": 0.0010807198705151677, "percent_hidden_freq_3_rep": 2.9485040613508318e-06, "hidden_excluded_loss_freq_3_rep": 1.9668636394910416e-06, "hidden_restricted_loss_freq_3_rep": 4.80074618477571, "logit_freq_4_rep_trace_similarity": 0.01655053347349167, "logit_excluded_loss_freq_4_rep": 4.931542517588181e-07, "logit_restricted_loss_freq_4_rep": 4.068733821591741, "percent_x_embed_freq_4_rep": 0.044137582182884216, "percent_y_embed_freq_4_rep": 0.044137582182884216, "percent_unembed_freq_4_rep": 0.020911138504743576, "percent_hidden_freq_4_rep": 0.000391884968848899, "hidden_excluded_loss_freq_4_rep": 1.03456851278659e-05, "hidden_restricted_loss_freq_4_rep": 4.365295913652587, "logit_freq_5_rep_trace_similarity": 7.803634071024135e-05, "logit_excluded_loss_freq_5_rep": 1.662322784012034e-07, "logit_restricted_loss_freq_5_rep": 4.800160697377765, "percent_x_embed_freq_5_rep": 0.0018450920470058918, "percent_y_embed_freq_5_rep": 0.0018450920470058918, "percent_unembed_freq_5_rep": 0.0012207281542941928, "percent_hidden_freq_5_rep": 8.896028589333582e-07, "hidden_excluded_loss_freq_5_rep": 1.9833015651888644e-06, "hidden_restricted_loss_freq_5_rep": 4.801018693905296, "logit_freq_6_rep_trace_similarity": 0.6965759992599487, "logit_excluded_loss_freq_6_rep": 10.9985455898763, "logit_restricted_loss_freq_6_rep": 1.425495935805703, "percent_x_embed_freq_6_rep": 0.41108042001724243, "percent_y_embed_freq_6_rep": 0.41108042001724243, "percent_unembed_freq_6_rep": 0.45244529843330383, "percent_hidden_freq_6_rep": 0.03050835058093071, "hidden_excluded_loss_freq_6_rep": 6.768963109071955, "hidden_restricted_loss_freq_6_rep": 3.4975228894224895, "logit_freq_7_rep_trace_similarity": 6.332120392471552e-07, "logit_excluded_loss_freq_7_rep": 1.6543916545316026e-07, "logit_restricted_loss_freq_7_rep": 4.80398970562581, "percent_x_embed_freq_7_rep": 0.0015343751292675734, "percent_y_embed_freq_7_rep": 0.0015343751292675734, "percent_unembed_freq_7_rep": 0.0012008678168058395, "percent_hidden_freq_7_rep": 9.526103212920134e-07, "hidden_excluded_loss_freq_7_rep": 1.99431723596107e-06, "hidden_restricted_loss_freq_7_rep": 4.804254121424579, "logit_freq_8_rep_trace_similarity": 0.00021960269077681005, "logit_excluded_loss_freq_8_rep": 1.677256435865248e-07, "logit_restricted_loss_freq_8_rep": 4.793167129194743, "percent_x_embed_freq_8_rep": 0.0013392651453614235, "percent_y_embed_freq_8_rep": 0.0013392651453614235, "percent_unembed_freq_8_rep": 0.001748486771248281, "percent_hidden_freq_8_rep": 3.80627398044453e-06, "hidden_excluded_loss_freq_8_rep": 2.0236318267363728e-06, "hidden_restricted_loss_freq_8_rep": 4.797492758813947, "logit_freq_9_rep_trace_similarity": 0.0020532761700451374, "logit_excluded_loss_freq_9_rep": 1.8858531439064396e-07, "logit_restricted_loss_freq_9_rep": 4.70369019213212, "percent_x_embed_freq_9_rep": 0.0018756345380097628, "percent_y_embed_freq_9_rep": 0.0018756345380097628, "percent_unembed_freq_9_rep": 0.005962438881397247, "percent_hidden_freq_9_rep": 6.0598722484428436e-05, "hidden_excluded_loss_freq_9_rep": 2.411306240768219e-06, "hidden_restricted_loss_freq_9_rep": 4.755253622722831, "logit_freq_10_rep_trace_similarity": -2.003352165047545e-06, "logit_excluded_loss_freq_10_rep": 1.654183908660575e-07, "logit_restricted_loss_freq_10_rep": 4.804120196825761, "percent_x_embed_freq_10_rep": 0.0009968780213966966, "percent_y_embed_freq_10_rep": 0.0009968780213966966, "percent_unembed_freq_10_rep": 0.0006847631884738803, "percent_hidden_freq_10_rep": 9.491510866155295e-08, "hidden_excluded_loss_freq_10_rep": 1.990851605368364e-06, "hidden_restricted_loss_freq_10_rep": 4.804197129012242, "logit_freq_11_rep_trace_similarity": 7.060274583636783e-06, "logit_excluded_loss_freq_11_rep": 1.65516341901259e-07, "logit_restricted_loss_freq_11_rep": 4.803671629541986, "percent_x_embed_freq_11_rep": 0.0011295879958197474, "percent_y_embed_freq_11_rep": 0.0011295879958197474, "percent_unembed_freq_11_rep": 0.0012562631163746119, "percent_hidden_freq_11_rep": 1.6348721487702278e-07, "hidden_excluded_loss_freq_11_rep": 1.9915272880169875e-06, "hidden_restricted_loss_freq_11_rep": 4.803794147193081, "logit_freq_12_rep_trace_similarity": 0.005049549043178558, "logit_excluded_loss_freq_12_rep": 1.9581369973285902e-07, "logit_restricted_loss_freq_12_rep": 4.561913497933331, "percent_x_embed_freq_12_rep": 0.0030916789546608925, "percent_y_embed_freq_12_rep": 0.0030916789546608925, "percent_unembed_freq_12_rep": 0.005493170581758022, "percent_hidden_freq_12_rep": 0.0010880344780161977, "hidden_excluded_loss_freq_12_rep": 3.462153186287479e-06, "hidden_restricted_loss_freq_12_rep": 4.893512155227224, "logit_freq_13_rep_trace_similarity": 0.2885095477104187, "logit_excluded_loss_freq_13_rep": 1.965198490744354, "logit_restricted_loss_freq_13_rep": 1.8716297736849263, "percent_x_embed_freq_13_rep": 0.18293875455856323, "percent_y_embed_freq_13_rep": 0.18293875455856323, "percent_unembed_freq_13_rep": 0.10134103894233704, "percent_hidden_freq_13_rep": 0.02914704941213131, "hidden_excluded_loss_freq_13_rep": 1.8513377184765574, "hidden_restricted_loss_freq_13_rep": 3.667355274992303, "logit_freq_14_rep_trace_similarity": 0.04717502370476723, "logit_excluded_loss_freq_14_rep": 3.953853921390022e-06, "logit_restricted_loss_freq_14_rep": 3.1380157039544363, "percent_x_embed_freq_14_rep": 0.08422625064849854, "percent_y_embed_freq_14_rep": 0.08422625064849854, "percent_unembed_freq_14_rep": 0.05007759481668472, "percent_hidden_freq_14_rep": 0.0013380300952121615, "hidden_excluded_loss_freq_14_rep": 9.858531589198495e-05, "hidden_restricted_loss_freq_14_rep": 3.7243693251983196, "logit_freq_15_rep_trace_similarity": 4.199223440082278e-06,