{"train_loss": 1.775688366002406e-06, "test_loss": 4.642408436838251e-06, "train_acc": 1.0, "test_acc": 1.0, "all_loss": 3.4957205238971644e-06, "percent_x_embed_trivial_rep": 4.313152501822515e-08, "percent_y_embed_trivial_rep": 3.219366107032329e-08, "percent_unembed_trivial_rep": 0.04210146516561508, "percent_hidden_x_trivial_rep": 2.3938855743212877e-15, "percent_hidden_y_trivial_rep": 2.3938855743212877e-15, "percent_hidden_xy_trivial_rep": 2.3938855743212877e-15, "total_percent_hidden_trivial_rep": 7.1816569347221e-15, "hidden_excluded_loss_trivial_rep": 1.8911273370818326e-06, "hidden_restricted_loss_trivial_rep": 4.8294583492429695, "logit_sign_rep_trace_similarity": 0.18203917145729065, "logit_excluded_loss_sign_rep": 4.922949698176174e-06, "logit_restricted_loss_sign_rep": 4.191220398286944, "percent_x_embed_sign_rep": 0.021166397258639336, "percent_y_embed_sign_rep": 0.021119341254234314, "percent_unembed_sign_rep": 0.04321090877056122, "percent_hidden_x_sign_rep": 0.007653433363884687, "percent_hidden_y_sign_rep": 0.007620393764227629, "percent_hidden_xy_sign_rep": 0.005548366345465183, "total_percent_hidden_sign_rep": 0.0208221934735775, "hidden_excluded_loss_sign_rep": 4.937961117588516e-06, "hidden_restricted_loss_sign_rep": 4.192168824794288, "logit_standard_rep_trace_similarity": 0.6056696176528931, "logit_excluded_loss_standard_rep": 2.6213106829466635, "logit_restricted_loss_standard_rep": 0.005204092280531262, "percent_x_embed_standard_rep": 0.6980209350585938, "percent_y_embed_standard_rep": 0.6983135938644409, "percent_unembed_standard_rep": 0.4358033537864685, "percent_hidden_x_standard_rep": 0.2514956295490265, "percent_hidden_y_standard_rep": 0.2806924283504486, "percent_hidden_xy_standard_rep": 0.07979879528284073, "total_percent_hidden_standard_rep": 0.6119868755340576, "hidden_excluded_loss_standard_rep": 2.608359806865191, "hidden_restricted_loss_standard_rep": 0.00586019639837258, "logit_standard_sign_rep_trace_similarity": 0.33214902877807617, "logit_excluded_loss_standard_sign_rep": 0.05982978636446404, "logit_restricted_loss_standard_sign_rep": 0.08462631228719084, "percent_x_embed_standard_sign_rep": 0.28081244230270386, "percent_y_embed_standard_sign_rep": 0.28056690096855164, "percent_unembed_standard_sign_rep": 0.4652417302131653, "percent_hidden_x_standard_sign_rep": 0.10148803889751434, "percent_hidden_y_standard_sign_rep": 0.10138572007417679, "percent_hidden_xy_standard_sign_rep": 0.02350231073796749, "total_percent_hidden_standard_sign_rep": 0.22637607157230377, "hidden_excluded_loss_standard_sign_rep": 0.05787622245951816, "hidden_restricted_loss_standard_sign_rep": 0.08816229023310507, "logit_s5_5d_a_rep_trace_similarity": -6.2299222918227315e-06, "logit_excluded_loss_s5_5d_a_rep": 1.7752856642701318e-06, "logit_restricted_loss_s5_5d_a_rep": 4.787687284747542, "percent_x_embed_s5_5d_a_rep": 6.738241609127726e-08, "percent_y_embed_s5_5d_a_rep": 6.517016259977026e-08, "percent_unembed_s5_5d_a_rep": 0.003582867793738842, "percent_hidden_x_s5_5d_a_rep": 8.626145131529483e-08, "percent_hidden_y_s5_5d_a_rep": 6.871322000279179e-08, "percent_hidden_xy_s5_5d_a_rep": 1.2733468679471116e-07, "total_percent_hidden_s5_5d_a_rep": 2.823093723236525e-07, "hidden_excluded_loss_s5_5d_a_rep": 1.775275153469803e-06, "hidden_restricted_loss_s5_5d_a_rep": 4.787688855227307, "logit_s5_5d_b_rep_trace_similarity": 0.0024227076210081577, "logit_excluded_loss_s5_5d_b_rep": 1.9303929000166644e-06, "logit_restricted_loss_s5_5d_b_rep": 4.711565437417949, "percent_x_embed_s5_5d_b_rep": 7.891843978313773e-08, "percent_y_embed_s5_5d_b_rep": 8.27698443117697e-08, "percent_unembed_s5_5d_b_rep": 0.007105486933141947, "percent_hidden_x_s5_5d_b_rep": 0.000606583955232054, "percent_hidden_y_s5_5d_b_rep": 0.0006049284711480141, "percent_hidden_xy_s5_5d_b_rep": 0.00017756657325662673, "total_percent_hidden_s5_5d_b_rep": 0.0013890789123252034, "hidden_excluded_loss_s5_5d_b_rep": 1.9309127953702575e-06, "hidden_restricted_loss_s5_5d_b_rep": 4.713000273460095, "logit_s5_6d_rep_trace_similarity": 2.0813604351133108e-07, "logit_excluded_loss_s5_6d_rep": 1.7757025839524455e-06, "logit_restricted_loss_s5_6d_rep": 4.787483903357851, "percent_x_embed_s5_6d_rep": 6.66701254203872e-08, "percent_y_embed_s5_6d_rep": 7.259073697696294e-08, "percent_unembed_s5_6d_rep": 0.0029541989788413048, "percent_hidden_x_s5_6d_rep": 1.5607203351919452e-07, "percent_hidden_y_s5_6d_rep": 1.969517171573898e-07, "percent_hidden_xy_s5_6d_rep": 1.4093146205595986e-08, "total_percent_hidden_s5_6d_rep": 3.67116911093035e-07, "hidden_excluded_loss_s5_6d_rep": 1.7757207269226137e-06, "hidden_restricted_loss_s5_6d_rep": 4.787484366447269, "percent_logits_explained": 0.510302722454071, "total_logit_excluded_loss": 11.171077404557973, "total_logit_restricted_loss": 4.3030121087424163e-07, "total_hidden_excluded_loss": 11.15072819851699, "total_hidden_restricted_loss": 4.744905650638063e-07, "test_loss_restricted_loss_ratio": 9.783984716775077, "sum_of_squared_weights": 5552.8876953125, "percent_hidden_explained": 0.8591850996017456, "percent_hidden_xy_explained": 0.10884947329759598, "percent_x_embed_explained": 0.9999997615814209, "percent_y_embed_explained": 0.9999998807907104, "percent_unembed_explained": 0.9442560076713562, "epoch": 250000.0}