{"train_loss": 1.3654815129017219e-05, "test_loss": 4.2113721541678085e-05, "train_acc": 1.0, "test_acc": 1.0, "all_loss": 3.499899493851287e-05, "percent_x_embed_trivial_rep": 9.67459418461658e-05, "percent_y_embed_trivial_rep": 0.0004046696412842721, "percent_unembed_trivial_rep": 0.04204016178846359, "percent_hidden_trivial_rep": 0.316379189491272, "hidden_excluded_loss_trivial_rep": 2.5796633686280063e-05, "hidden_restricted_loss_trivial_rep": 6.948515214769707, "logit_sign_rep_trace_similarity": 0.43631649017333984, "logit_excluded_loss_sign_rep": 0.0007227270711237759, "logit_restricted_loss_sign_rep": 5.887874596223918, "percent_x_embed_sign_rep": 0.04672928526997566, "percent_y_embed_sign_rep": 0.04481332376599312, "percent_unembed_sign_rep": 0.04773268476128578, "percent_hidden_sign_rep": 0.01124871987849474, "hidden_excluded_loss_sign_rep": 0.000857130070961671, "hidden_restricted_loss_sign_rep": 5.920166609682403, "logit_standard_rep_trace_similarity": 0.06341321021318436, "logit_excluded_loss_standard_rep": 0.00017112972398965415, "logit_restricted_loss_standard_rep": 4.401562649017038, "percent_x_embed_standard_rep": 0.05703938007354736, "percent_y_embed_standard_rep": 0.05491949990391731, "percent_unembed_standard_rep": 0.08478283882141113, "percent_hidden_standard_rep": 0.0034442346077412367, "hidden_excluded_loss_standard_rep": 0.0002993107956787104, "hidden_restricted_loss_standard_rep": 5.277628246043956, "logit_standard_sign_rep_trace_similarity": 0.11289729177951813, "logit_excluded_loss_standard_sign_rep": 0.0012095519883814619, "logit_restricted_loss_standard_sign_rep": 2.845821197599001, "percent_x_embed_standard_sign_rep": 0.1046028584241867, "percent_y_embed_standard_sign_rep": 0.12278290092945099, "percent_unembed_standard_sign_rep": 0.21972374618053436, "percent_hidden_standard_sign_rep": 0.004176042973995209, "hidden_excluded_loss_standard_sign_rep": 0.0026114288922714124, "hidden_restricted_loss_standard_sign_rep": 3.892722439082709, "logit_s6_5d_a_rep_trace_similarity": 8.554616215405986e-08, "logit_excluded_loss_s6_5d_a_rep": 1.3654855403707245e-05, "logit_restricted_loss_s6_5d_a_rep": 6.5792481065588255, "percent_x_embed_s6_5d_a_rep": 2.5221603209502064e-05, "percent_y_embed_s6_5d_a_rep": 2.0270628738217056e-05, "percent_unembed_s6_5d_a_rep": 0.00040559156332165003, "percent_hidden_s6_5d_a_rep": 7.322236150741901e-10, "hidden_excluded_loss_s6_5d_a_rep": 1.3654843761777986e-05, "hidden_restricted_loss_s6_5d_a_rep": 6.5792483501677825, "logit_s6_5d_b_rep_trace_similarity": 0.6020067930221558, "logit_excluded_loss_s6_5d_b_rep": 6.608431749467682, "logit_restricted_loss_s6_5d_b_rep": 0.0024784981616933544, "percent_x_embed_s6_5d_b_rep": 0.7901943325996399, "percent_y_embed_s6_5d_b_rep": 0.775806188583374, "percent_unembed_s6_5d_b_rep": 0.5838000774383545, "percent_hidden_s6_5d_b_rep": 0.047800105065107346, "hidden_excluded_loss_s6_5d_b_rep": 5.936400480812647, "hidden_restricted_loss_s6_5d_b_rep": 0.21583891419058365, "percent_logits_explained": 0.5695512890815735, "total_logit_excluded_loss": 13.779775806377511, "total_logit_restricted_loss": 5.4378407174312756e-08, "total_hidden_excluded_loss": 11.409285454727444, "total_hidden_restricted_loss": 1.5405493346044952e-06, "test_loss_restricted_loss_ratio": 27.336821090828572, "sum_of_squared_weights": 31570.076171875, "epoch": 100000.0}