{"train_loss": 1.7082979350416472e-06, "test_loss": 2.2505839478108566e-06, "train_acc": 1.0, "test_acc": 1.0, "all_loss": 2.0336695523975356e-06, "percent_x_embed_trivial_rep": 5.119970003519825e-10, "percent_y_embed_trivial_rep": 3.0310634557828564e-10, "percent_unembed_trivial_rep": 0.06163033843040466, "percent_hidden_x_trivial_rep": 1.909926735402202e-15, "percent_hidden_y_trivial_rep": 1.909926735402202e-15, "percent_hidden_xy_trivial_rep": 1.909926735402202e-15, "total_percent_hidden_trivial_rep": 5.729780206206606e-15, "hidden_excluded_loss_trivial_rep": 1.8297138274684858e-06, "hidden_restricted_loss_trivial_rep": 4.833959158221807, "logit_sign_rep_trace_similarity": 0.3726135492324829, "logit_excluded_loss_sign_rep": 0.0015172226068873825, "logit_restricted_loss_sign_rep": 4.094526206588803, "percent_x_embed_sign_rep": 0.040721263736486435, "percent_y_embed_sign_rep": 0.04073163866996765, "percent_unembed_sign_rep": 0.11618408560752869, "percent_hidden_x_sign_rep": 0.01490978803485632, "percent_hidden_y_sign_rep": 0.014911342412233353, "percent_hidden_xy_sign_rep": 0.014908852986991405, "total_percent_hidden_sign_rep": 0.04472998529672623, "hidden_excluded_loss_sign_rep": 0.001520080550511995, "hidden_restricted_loss_sign_rep": 4.095237467991566, "logit_standard_rep_trace_similarity": 0.6735200881958008, "logit_excluded_loss_standard_rep": 16.388782961900368, "logit_restricted_loss_standard_rep": 1.7328640265605163e-06, "percent_x_embed_standard_rep": 0.9592787027359009, "percent_y_embed_standard_rep": 0.95926833152771, "percent_unembed_standard_rep": 0.8155899047851562, "percent_hidden_x_standard_rep": 0.37153956294059753, "percent_hidden_y_standard_rep": 0.3714701235294342, "percent_hidden_xy_standard_rep": 0.11173366755247116, "total_percent_hidden_standard_rep": 0.8547433614730835, "hidden_excluded_loss_standard_rep": 16.39906819522364, "hidden_restricted_loss_standard_rep": 1.9134639102164344e-06, "logit_standard_sign_rep_trace_similarity": -8.658389560878277e-10, "logit_excluded_loss_standard_sign_rep": 1.7082979546953323e-06, "logit_restricted_loss_standard_sign_rep": 4.787491782811667, "percent_x_embed_standard_sign_rep": 1.059072052278509e-09, "percent_y_embed_standard_sign_rep": 1.3925005593051765e-09, "percent_unembed_standard_sign_rep": 0.00013648244203068316, "percent_hidden_x_standard_sign_rep": 6.301122401630721e-10, "percent_hidden_y_standard_sign_rep": 7.363585852182553e-10, "percent_hidden_xy_standard_sign_rep": 2.2149706114388268e-12, "total_percent_hidden_standard_sign_rep": 1.368685831337757e-09, "hidden_excluded_loss_standard_sign_rep": 1.708298300149201e-06, "hidden_restricted_loss_standard_sign_rep": 4.787491767604301, "logit_s5_5d_a_rep_trace_similarity": -2.0700099412351847e-09, "logit_excluded_loss_s5_5d_a_rep": 1.7082979546953323e-06, "logit_restricted_loss_s5_5d_a_rep": 4.787491862408381, "percent_x_embed_s5_5d_a_rep": 2.3850308394912645e-09, "percent_y_embed_s5_5d_a_rep": 2.5789361757233564e-09, "percent_unembed_s5_5d_a_rep": 0.00022706753225065768, "percent_hidden_x_s5_5d_a_rep": 1.158397489042784e-09, "percent_hidden_y_s5_5d_a_rep": 1.2241579971927763e-09, "percent_hidden_xy_s5_5d_a_rep": 1.4943903319658558e-12, "total_percent_hidden_s5_5d_a_rep": 2.3840498464267057e-09, "hidden_excluded_loss_s5_5d_a_rep": 1.7082979820980139e-06, "hidden_restricted_loss_s5_5d_a_rep": 4.787491745376826, "logit_s5_5d_b_rep_trace_similarity": 0.0013471976853907108, "logit_excluded_loss_s5_5d_b_rep": 1.8522764097826685e-06, "logit_restricted_loss_s5_5d_b_rep": 4.709758750167851, "percent_x_embed_s5_5d_b_rep": 2.6606556957631256e-08, "percent_y_embed_s5_5d_b_rep": 2.750986816124623e-08, "percent_unembed_s5_5d_b_rep": 0.005578209646046162, "percent_hidden_x_s5_5d_b_rep": 0.00034180827788077295, "percent_hidden_y_s5_5d_b_rep": 0.0003417647967580706, "percent_hidden_xy_s5_5d_b_rep": 0.00011227111826883629, "total_percent_hidden_s5_5d_b_rep": 0.0007958441856317222, "hidden_excluded_loss_s5_5d_b_rep": 1.8543518392202e-06, "hidden_restricted_loss_s5_5d_b_rep": 4.710765005746804, "logit_s5_6d_rep_trace_similarity": 4.540197551250458e-09, "logit_excluded_loss_s5_6d_rep": 1.7082979546953323e-06, "logit_restricted_loss_s5_6d_rep": 4.787491427927176, "percent_x_embed_s5_6d_rep": 3.781169155558928e-09, "percent_y_embed_s5_6d_rep": 3.66199270906975e-09, "percent_unembed_s5_6d_rep": 0.0006539402529597282, "percent_hidden_x_s5_6d_rep": 1.8783239408293184e-09, "percent_hidden_y_s5_6d_rep": 1.6792209844851413e-09, "percent_hidden_xy_s5_6d_rep": 1.1013492635242317e-12, "total_percent_hidden_s5_6d_rep": 3.558646266554888e-09, "hidden_excluded_loss_s5_6d_rep": 1.7082982472354374e-06, "hidden_restricted_loss_s5_6d_rep": 4.787491695279617, "percent_logits_explained": 0.5924719572067261, "total_logit_excluded_loss": 17.211667034353635, "total_logit_restricted_loss": 1.7558860461302828e-09, "total_hidden_excluded_loss": 17.210673127169002, "total_hidden_restricted_loss": 1.963879992965848e-09, "test_loss_restricted_loss_ratio": 1145.9885308022456, "sum_of_squared_weights": 4914.880859375, "percent_hidden_explained": 0.8994733691215515, "percent_x_embed_explained": 0.9999999403953552, "percent_y_embed_explained": 1.0, "percent_unembed_explained": 0.9317740201950073, "epoch": 250000.0}