{"train_loss": 1.7082979350416472e-06, "test_loss": 2.2505839478108566e-06, "train_acc": 1.0, "test_acc": 1.0, "all_loss": 2.0336695523975356e-06, "logit_trivial_rep_trace_similarity": -7.876406016293913e-08, "logit_excluded_loss_trivial_rep": 1.7082979555113836e-06, "logit_restricted_loss_trivial_rep": 4.787491742782046, "percent_x_embed_trivial_rep": 5.119970003519825e-10, "percent_y_embed_trivial_rep": 3.0310634557828564e-10, "percent_unembed_trivial_rep": 0.06163033843040466, "percent_hidden_trivial_rep": 0.31715476512908936, "embed_excluded_loss_trivial_rep": 2.033661365595533e-06, "embed_restricted_loss_trivial_rep": 4.78749174863134, "logit_sign_rep_trace_similarity": 0.3726135492324829, "logit_excluded_loss_sign_rep": 0.0015172226068873825, "logit_restricted_loss_sign_rep": 4.094526206588803, "percent_x_embed_sign_rep": 0.040721263736486435, "percent_y_embed_sign_rep": 0.04073163866996765, "percent_unembed_sign_rep": 0.11618408560752869, "percent_hidden_sign_rep": 0.010180437006056309, "embed_excluded_loss_sign_rep": 0.11056615406713095, "embed_restricted_loss_sign_rep": 4.111993650492209, "logit_standard_rep_trace_similarity": 0.6735200881958008, "logit_excluded_loss_standard_rep": 16.388782961900368, "logit_restricted_loss_standard_rep": 1.7328640265605163e-06, "percent_x_embed_standard_rep": 0.9592787027359009, "percent_y_embed_standard_rep": 0.95926833152771, "percent_unembed_standard_rep": 0.8155899047851562, "percent_hidden_standard_rep": 0.07629679143428802, "embed_excluded_loss_standard_rep": 4.111677180543648, "embed_restricted_loss_standard_rep": 0.11053137546911174, "logit_standard_sign_rep_trace_similarity": -8.658389560878277e-10, "logit_excluded_loss_standard_sign_rep": 1.7082979546953323e-06, "logit_restricted_loss_standard_sign_rep": 4.787491782811667, "percent_x_embed_standard_sign_rep": 1.059072052278509e-09, "percent_y_embed_standard_sign_rep": 1.3925005593051765e-09, "percent_unembed_standard_sign_rep": 0.00013648244203068316, "percent_hidden_standard_sign_rep": 1.5115986804273285e-12, "embed_excluded_loss_standard_sign_rep": 2.033509642162759e-06, "embed_restricted_loss_standard_sign_rep": 4.787491556148014, "logit_s5_5d_a_rep_trace_similarity": -2.0700099412351847e-09, "logit_excluded_loss_s5_5d_a_rep": 1.7082979546953323e-06, "logit_restricted_loss_s5_5d_a_rep": 4.787491862408381, "percent_x_embed_s5_5d_a_rep": 2.3850308394912645e-09, "percent_y_embed_s5_5d_a_rep": 2.5789361757233564e-09, "percent_unembed_s5_5d_a_rep": 0.00022706753225065768, "percent_hidden_s5_5d_a_rep": 1.0221112151098666e-12, "embed_excluded_loss_s5_5d_a_rep": 2.033349360065813e-06, "embed_restricted_loss_s5_5d_a_rep": 4.787493925418306, "logit_s5_5d_b_rep_trace_similarity": 0.0013471976853907108, "logit_excluded_loss_s5_5d_b_rep": 1.8522764097826685e-06, "logit_restricted_loss_s5_5d_b_rep": 4.709758750167851, "percent_x_embed_s5_5d_b_rep": 2.6606556957631256e-08, "percent_y_embed_s5_5d_b_rep": 2.750986816124623e-08, "percent_unembed_s5_5d_b_rep": 0.005578209646046162, "percent_hidden_s5_5d_b_rep": 7.666377496207133e-05, "embed_excluded_loss_s5_5d_b_rep": 2.0334099020734653e-06, "embed_restricted_loss_s5_5d_b_rep": 4.787173235562549, "logit_s5_6d_rep_trace_similarity": 4.540197551250458e-09, "logit_excluded_loss_s5_6d_rep": 1.7082979546953323e-06, "logit_restricted_loss_s5_6d_rep": 4.787491427927176, "percent_x_embed_s5_6d_rep": 3.781169155558928e-09, "percent_y_embed_s5_6d_rep": 3.66199270906975e-09, "percent_unembed_s5_6d_rep": 0.0006539402529597282, "percent_hidden_s5_6d_rep": 7.603571093063588e-13, "embed_excluded_loss_s5_6d_rep": 2.0333111376541607e-06, "embed_restricted_loss_s5_6d_rep": 4.787492042773645, "percent_logits_explained": 0.5924719572067261, "total_logit_excluded_loss": 17.211667034353635, "total_logit_restricted_loss": 1.7558860461302828e-09, "total_embed_restricted_loss": 2.032533680128627e-06, "total_embed_excluded_loss": 4.787182971182976, "test_loss_restricted_loss_ratio": 1.107280026803015, "sum_of_squared_weights": 4914.880859375, "epoch": 250000.0}