{"train_loss": 9.397589986444455e-08, "test_loss": 3.39096352978722e-07, "train_acc": 1.0, "test_acc": 1.0, "all_loss": 2.6557368250438666e-07, "logit_trivial_rep_trace_similarity": -1.1368683772161603e-10, "logit_excluded_loss_trivial_rep": 9.397590058611778e-08, "logit_restricted_loss_trivial_rep": 4.727387818712341, "logit_freq_1_rep_trace_similarity": -0.0004214320215396583, "logit_excluded_loss_freq_1_rep": 9.32367912619604e-08, "logit_restricted_loss_freq_1_rep": 4.738372432218818, "logit_freq_2_rep_trace_similarity": -1.996643277379917e-06, "logit_excluded_loss_freq_2_rep": 9.396957489373737e-08, "logit_restricted_loss_freq_2_rep": 4.727439719697023, "logit_freq_3_rep_trace_similarity": 7.359194569289684e-07, "logit_excluded_loss_freq_3_rep": 9.397842390365385e-08, "logit_restricted_loss_freq_3_rep": 4.727368689472812, "logit_freq_4_rep_trace_similarity": -1.8551659195509274e-06, "logit_excluded_loss_freq_4_rep": 9.396891280190233e-08, "logit_restricted_loss_freq_4_rep": 4.727436042074133, "logit_freq_5_rep_trace_similarity": 6.8286694840935525e-06, "logit_excluded_loss_freq_5_rep": 9.399143107892073e-08, "logit_restricted_loss_freq_5_rep": 4.7272103236371565, "logit_freq_6_rep_trace_similarity": 1.3297923032951076e-05, "logit_excluded_loss_freq_6_rep": 9.400004203398565e-08, "logit_restricted_loss_freq_6_rep": 4.7270421852406965, "logit_freq_7_rep_trace_similarity": 1.4225004179024836e-06, "logit_excluded_loss_freq_7_rep": 9.397961600972302e-08, "logit_restricted_loss_freq_7_rep": 4.727350842885149, "logit_freq_8_rep_trace_similarity": -1.3041842976235785e-05, "logit_excluded_loss_freq_8_rep": 9.395582129661452e-08, "logit_restricted_loss_freq_8_rep": 4.727726854301609, "logit_freq_9_rep_trace_similarity": 3.2522530091227964e-05, "logit_excluded_loss_freq_9_rep": 9.40428167318864e-08, "logit_restricted_loss_freq_9_rep": 4.726542613822321, "logit_freq_10_rep_trace_similarity": -2.064624823105987e-06, "logit_excluded_loss_freq_10_rep": 9.397015294403604e-08, "logit_restricted_loss_freq_10_rep": 4.727441486844591, "logit_freq_11_rep_trace_similarity": 9.213263183482923e-07, "logit_excluded_loss_freq_11_rep": 9.397825292317014e-08, "logit_restricted_loss_freq_11_rep": 4.727363870099563, "logit_freq_12_rep_trace_similarity": -3.4672909805522067e-06, "logit_excluded_loss_freq_12_rep": 9.396382129307914e-08, "logit_restricted_loss_freq_12_rep": 4.727477948756827, "logit_freq_13_rep_trace_similarity": 1.849763975769747e-05, "logit_excluded_loss_freq_13_rep": 9.402351251917875e-08, "logit_restricted_loss_freq_13_rep": 4.726907052885652, "logit_freq_14_rep_trace_similarity": -2.6818506739800796e-05, "logit_excluded_loss_freq_14_rep": 9.393432151837132e-08, "logit_restricted_loss_freq_14_rep": 4.728085054648669, "logit_freq_15_rep_trace_similarity": 2.942451828857884e-07, "logit_excluded_loss_freq_15_rep": 9.397670912171096e-08, "logit_restricted_loss_freq_15_rep": 4.727380170181224, "logit_freq_16_rep_trace_similarity": -2.2168387658894062e-07, "logit_excluded_loss_freq_16_rep": 9.39752218876965e-08, "logit_restricted_loss_freq_16_rep": 4.727393581123077, "logit_freq_17_rep_trace_similarity": -7.237613317556679e-07, "logit_excluded_loss_freq_17_rep": 9.397424773672034e-08, "logit_restricted_loss_freq_17_rep": 4.727406632097002, "logit_freq_18_rep_trace_similarity": -6.425745959859341e-05, "logit_excluded_loss_freq_18_rep": 9.382825127281774e-08, "logit_restricted_loss_freq_18_rep": 4.729058810734877, "logit_freq_19_rep_trace_similarity": 0.3223395347595215, "logit_excluded_loss_freq_19_rep": 0.020158337512052853, "logit_restricted_loss_freq_19_rep": 2.7615431163010706, "logit_freq_20_rep_trace_similarity": 3.444108733674511e-05, "logit_excluded_loss_freq_20_rep": 9.407906482829302e-08, "logit_restricted_loss_freq_20_rep": 4.7264927649456325, "logit_freq_21_rep_trace_similarity": -1.5048726709210314e-08, "logit_excluded_loss_freq_21_rep": 9.397590058611778e-08, "logit_restricted_loss_freq_21_rep": 4.727388209885736, "logit_freq_22_rep_trace_similarity": 1.9335384422447532e-06, "logit_excluded_loss_freq_22_rep": 9.398131328274335e-08, "logit_restricted_loss_freq_22_rep": 4.727337559364386, "logit_freq_23_rep_trace_similarity": 3.295343049103394e-06, "logit_excluded_loss_freq_23_rep": 9.398268028719152e-08, "logit_restricted_loss_freq_23_rep": 4.72730216210921, "logit_freq_24_rep_trace_similarity": -0.00010984029358951375, "logit_excluded_loss_freq_24_rep": 9.385147581970581e-08, "logit_restricted_loss_freq_24_rep": 4.730245021399092, "logit_freq_25_rep_trace_similarity": 0.4821443259716034, "logit_excluded_loss_freq_25_rep": 0.34294420438179224, "logit_restricted_loss_freq_25_rep": 2.5546867523115826, "logit_freq_26_rep_trace_similarity": 4.478100890992209e-06, "logit_excluded_loss_freq_26_rep": 9.398913456665692e-08, "logit_restricted_loss_freq_26_rep": 4.72727141931459, "logit_freq_27_rep_trace_similarity": 3.6385699786478654e-08, "logit_excluded_loss_freq_27_rep": 9.397590058605981e-08, "logit_restricted_loss_freq_27_rep": 4.727386872910554, "logit_freq_28_rep_trace_similarity": -1.2697037163889036e-06, "logit_excluded_loss_freq_28_rep": 9.397192510769861e-08, "logit_restricted_loss_freq_28_rep": 4.727420823386773, "logit_freq_29_rep_trace_similarity": -3.868917701765895e-07, "logit_excluded_loss_freq_29_rep": 9.397435057397998e-08, "logit_restricted_loss_freq_29_rep": 4.72739787551892, "logit_freq_30_rep_trace_similarity": 1.3562021194957197e-07, "logit_excluded_loss_freq_30_rep": 9.39762632948164e-08, "logit_restricted_loss_freq_30_rep": 4.727384293432821, "logit_freq_31_rep_trace_similarity": -4.569592420011759e-07, "logit_excluded_loss_freq_31_rep": 9.397509689063974e-08, "logit_restricted_loss_freq_31_rep": 4.727399696846582, "logit_freq_32_rep_trace_similarity": -2.5856685169856064e-05, "logit_excluded_loss_freq_32_rep": 9.393838110183081e-08, "logit_restricted_loss_freq_32_rep": 4.728060044675322, "logit_freq_33_rep_trace_similarity": 0.6438681483268738, "logit_excluded_loss_freq_33_rep": 0.6425130043219873, "logit_restricted_loss_freq_33_rep": 2.4073585175350822, "logit_freq_34_rep_trace_similarity": -7.237917998281773e-07, "logit_excluded_loss_freq_34_rep": 9.397376736833092e-08, "logit_restricted_loss_freq_34_rep": 4.727406632888246, "logit_freq_35_rep_trace_similarity": 3.42907242156798e-07, "logit_excluded_loss_freq_35_rep": 9.397706504013522e-08, "logit_restricted_loss_freq_35_rep": 4.727378905274875, "logit_freq_36_rep_trace_similarity": -1.0207841114606708e-06, "logit_excluded_loss_freq_36_rep": 9.397274094738171e-08, "logit_restricted_loss_freq_36_rep": 4.7274143529305075, "logit_freq_37_rep_trace_similarity": 0.0004172991611994803, "logit_excluded_loss_freq_37_rep": 9.513466264400592e-08, "logit_restricted_loss_freq_37_rep": 4.716570050014887, "logit_freq_38_rep_trace_similarity": 0.0004508251731749624, "logit_excluded_loss_freq_38_rep": 9.470686486708801e-08, "logit_restricted_loss_freq_38_rep": 4.715703497939909, "logit_freq_39_rep_trace_similarity": 4.473206445254618e-06, "logit_excluded_loss_freq_39_rep": 9.398388206146764e-08, "logit_restricted_loss_freq_39_rep": 4.7272715465348165, "logit_freq_40_rep_trace_similarity": 3.3487322070868686e-07, "logit_excluded_loss_freq_40_rep": 9.397690818455632e-08, "logit_restricted_loss_freq_40_rep": 4.727379114109425, "logit_freq_41_rep_trace_similarity": 8.072938726400025e-07, "logit_excluded_loss_freq_41_rep": 9.397780712829055e-08, "logit_restricted_loss_freq_41_rep": 4.7273668341986275, "logit_freq_42_rep_trace_similarity": -8.211209205910563e-07, "logit_excluded_loss_freq_42_rep": 9.397411500730485e-08, "logit_restricted_loss_freq_42_rep": 4.727409162866009, "logit_freq_43_rep_trace_similarity": 3.5263274185126647e-06, "logit_excluded_loss_freq_43_rep": 9.398473680811735e-08, "logit_restricted_loss_freq_43_rep": 4.727296158219285, "logit_freq_44_rep_trace_similarity": 4.139705197303556e-06, "logit_excluded_loss_freq_44_rep": 9.39857391432432e-08,