{"train_loss": 0.00010016626934805512, "test_loss": 57.254935471415095, "train_acc": 1.0, "test_acc": 0.00416666641831398, "all_loss": 34.35300161880997, "percent_x_embed_trivial_rep": 0.008877597749233246, "percent_y_embed_trivial_rep": 0.0087675666436553, "percent_unembed_trivial_rep": 0.007002991624176502, "percent_hidden_x_trivial_rep": 1.6546806624062886e-15, "percent_hidden_y_trivial_rep": 1.6546806624062886e-15, "percent_hidden_xy_trivial_rep": 1.6546806624062886e-15, "total_percent_hidden_trivial_rep": 4.964042093097984e-15, "hidden_excluded_loss_trivial_rep": 0.762686550789433, "hidden_restricted_loss_trivial_rep": 12.120458489996665, "logit_sign_rep_trace_similarity": 0.44561606645584106, "logit_excluded_loss_sign_rep": 4.933478481256401, "logit_restricted_loss_sign_rep": 4.094344562246108, "percent_x_embed_sign_rep": 0.1281793713569641, "percent_y_embed_sign_rep": 0.12771262228488922, "percent_unembed_sign_rep": 0.055441536009311676, "percent_hidden_x_sign_rep": 0.044483937323093414, "percent_hidden_y_sign_rep": 0.04534602537751198, "percent_hidden_xy_sign_rep": 0.032652657479047775, "total_percent_hidden_sign_rep": 0.12248262763023376, "hidden_excluded_loss_sign_rep": 4.582847089747638, "hidden_restricted_loss_sign_rep": 5.267545968769788, "logit_standard_rep_trace_similarity": 0.017840152606368065, "logit_excluded_loss_standard_rep": 0.000775541546265943, "logit_restricted_loss_standard_rep": 2.971513825436808, "percent_x_embed_standard_rep": 0.121634341776371, "percent_y_embed_standard_rep": 0.11081834882497787, "percent_unembed_standard_rep": 0.13116171956062317, "percent_hidden_x_standard_rep": 0.052132368087768555, "percent_hidden_y_standard_rep": 0.04853132739663124, "percent_hidden_xy_standard_rep": 0.0006332352641038597, "total_percent_hidden_standard_rep": 0.10129692405462265, "hidden_excluded_loss_standard_rep": 0.001602565676940118, "hidden_restricted_loss_standard_rep": 3.4621961668246666, "logit_standard_sign_rep_trace_similarity": 0.029055986553430557, "logit_excluded_loss_standard_sign_rep": 0.0030388826976577017, "logit_restricted_loss_standard_sign_rep": 1.9521232420328114, "percent_x_embed_standard_sign_rep": 0.14088143408298492, "percent_y_embed_standard_sign_rep": 0.14560630917549133, "percent_unembed_standard_sign_rep": 0.1606084704399109, "percent_hidden_x_standard_sign_rep": 0.055200159549713135, "percent_hidden_y_standard_sign_rep": 0.06420283019542694, "percent_hidden_xy_standard_sign_rep": 0.0014525166479870677, "total_percent_hidden_standard_sign_rep": 0.12085550278425217, "hidden_excluded_loss_standard_sign_rep": 0.015529055827246698, "hidden_restricted_loss_standard_sign_rep": 2.906651345702301, "logit_s5_5d_a_rep_trace_similarity": 0.019668804481625557, "logit_excluded_loss_s5_5d_a_rep": 0.0017260264321335107, "logit_restricted_loss_s5_5d_a_rep": 2.279821797144981, "percent_x_embed_s5_5d_a_rep": 0.17993292212486267, "percent_y_embed_s5_5d_a_rep": 0.18340760469436646, "percent_unembed_s5_5d_a_rep": 0.2004920244216919, "percent_hidden_x_s5_5d_a_rep": 0.08130497485399246, "percent_hidden_y_s5_5d_a_rep": 0.07939468324184418, "percent_hidden_xy_s5_5d_a_rep": 0.0007623021374456584, "total_percent_hidden_s5_5d_a_rep": 0.1614619642496109, "hidden_excluded_loss_s5_5d_a_rep": 0.004767657446382729, "hidden_restricted_loss_s5_5d_a_rep": 2.8766763344633057, "logit_s5_5d_b_rep_trace_similarity": 0.013632046058773994, "logit_excluded_loss_s5_5d_b_rep": 0.000709495894731368, "logit_restricted_loss_s5_5d_b_rep": 2.9997168238850587, "percent_x_embed_s5_5d_b_rep": 0.16261345148086548, "percent_y_embed_s5_5d_b_rep": 0.17106008529663086, "percent_unembed_s5_5d_b_rep": 0.1761842966079712, "percent_hidden_x_s5_5d_b_rep": 0.06942761689424515, "percent_hidden_y_s5_5d_b_rep": 0.07808749377727509, "percent_hidden_xy_s5_5d_b_rep": 0.00044467695988714695, "total_percent_hidden_s5_5d_b_rep": 0.14795979857444763, "hidden_excluded_loss_s5_5d_b_rep": 0.0011843710767722234, "hidden_restricted_loss_s5_5d_b_rep": 3.3706380301594665, "logit_s5_6d_rep_trace_similarity": 0.019333599135279655, "logit_excluded_loss_s5_6d_rep": 0.0031552364958280497, "logit_restricted_loss_s5_6d_rep": 1.8285610976763933, "percent_x_embed_s5_6d_rep": 0.25788092613220215, "percent_y_embed_s5_6d_rep": 0.252627432346344, "percent_unembed_s5_6d_rep": 0.26910898089408875, "percent_hidden_x_s5_6d_rep": 0.10688496381044388, "percent_hidden_y_s5_6d_rep": 0.11247613281011581, "percent_hidden_xy_s5_6d_rep": 0.0008066635928116739, "total_percent_hidden_s5_6d_rep": 0.22016775608062744, "hidden_excluded_loss_s5_6d_rep": 0.00934381376511231, "hidden_restricted_loss_s5_6d_rep": 2.470340891351546, "percent_logits_explained": 0.20068268477916718, "total_logit_excluded_loss": 15.663285009570997, "total_logit_restricted_loss": 0.00013331516316892478, "total_hidden_excluded_loss": 14.42417995257926, "total_hidden_restricted_loss": 0.08418216893612424, "test_loss_restricted_loss_ratio": 680.1313888082286, "sum_of_squared_weights": 23328.27734375, "percent_hidden_explained": 0.8742245435714722, "percent_hidden_xy_explained": 0.03675205260515213, "percent_x_embed_explained": 0.9911224246025085, "percent_y_embed_explained": 0.9912323951721191, "percent_unembed_explained": 0.9929970502853394, "epoch": 500000.0}