{"train_loss": 9.573683906513948e-06, "test_loss": 17.989715634054285, "train_acc": 1.0, "test_acc": 0.05243055522441864, "all_loss": 10.793833168075155, "percent_x_embed_trivial_rep": 0.00837427657097578, "percent_y_embed_trivial_rep": 0.011106416583061218, "percent_unembed_trivial_rep": 0.029368486255407333, "percent_hidden_x_trivial_rep": 1.538624549017359e-15, "percent_hidden_y_trivial_rep": 1.538624549017359e-15, "percent_hidden_xy_trivial_rep": 1.538624549017359e-15, "total_percent_hidden_trivial_rep": 4.615873858810314e-15, "hidden_excluded_loss_trivial_rep": 0.0019135656802692544, "hidden_restricted_loss_trivial_rep": 7.301110253501189, "logit_sign_rep_trace_similarity": 0.40076932311058044, "logit_excluded_loss_sign_rep": 0.05470305992169779, "logit_restricted_loss_sign_rep": 4.094352793302591, "percent_x_embed_sign_rep": 0.07852180302143097, "percent_y_embed_sign_rep": 0.07951908558607101, "percent_unembed_sign_rep": 0.047250762581825256, "percent_hidden_x_sign_rep": 0.026955392211675644, "percent_hidden_y_sign_rep": 0.02710459940135479, "percent_hidden_xy_sign_rep": 0.024701274931430817, "total_percent_hidden_sign_rep": 0.0787612646818161, "hidden_excluded_loss_sign_rep": 0.06082313091877016, "hidden_restricted_loss_sign_rep": 4.158818367369119, "logit_standard_rep_trace_similarity": 0.23440778255462646, "logit_excluded_loss_standard_rep": 2.8068397776497744, "logit_restricted_loss_standard_rep": 0.01129925104528937, "percent_x_embed_standard_rep": 0.4972458779811859, "percent_y_embed_standard_rep": 0.5079432725906372, "percent_unembed_standard_rep": 0.3197861909866333, "percent_hidden_x_standard_rep": 0.1980886459350586, "percent_hidden_y_standard_rep": 0.19527435302734375, "percent_hidden_xy_standard_rep": 0.03379898518323898, "total_percent_hidden_standard_rep": 0.4271619915962219, "hidden_excluded_loss_standard_rep": 3.697197904713639, "hidden_restricted_loss_standard_rep": 0.9942366427505965, "logit_standard_sign_rep_trace_similarity": 0.02009695954620838, "logit_excluded_loss_standard_sign_rep": 2.9176784606064475e-05, "logit_restricted_loss_standard_sign_rep": 3.6568264637830272, "percent_x_embed_standard_sign_rep": 0.07371307909488678, "percent_y_embed_standard_sign_rep": 0.07061450928449631, "percent_unembed_standard_sign_rep": 0.0933796763420105, "percent_hidden_x_standard_sign_rep": 0.031064894050359726, "percent_hidden_y_standard_sign_rep": 0.03105340339243412, "percent_hidden_xy_standard_sign_rep": 0.0010141428792849183, "total_percent_hidden_standard_sign_rep": 0.06313244253396988, "hidden_excluded_loss_standard_sign_rep": 5.4728756999058444e-05, "hidden_restricted_loss_standard_sign_rep": 3.9307670132952475, "logit_s5_5d_a_rep_trace_similarity": 0.017375484108924866, "logit_excluded_loss_s5_5d_a_rep": 3.7528385393547815e-05, "logit_restricted_loss_s5_5d_a_rep": 3.554138495590977, "percent_x_embed_s5_5d_a_rep": 0.10286740958690643, "percent_y_embed_s5_5d_a_rep": 0.0957062840461731, "percent_unembed_s5_5d_a_rep": 0.15173684060573578, "percent_hidden_x_s5_5d_a_rep": 0.04593554511666298, "percent_hidden_y_s5_5d_a_rep": 0.0433419793844223, "percent_hidden_xy_s5_5d_a_rep": 0.0006222447264008224, "total_percent_hidden_s5_5d_a_rep": 0.08989976346492767, "hidden_excluded_loss_s5_5d_a_rep": 4.685353128921839e-05, "hidden_restricted_loss_s5_5d_a_rep": 3.6814691091402922, "logit_s5_5d_b_rep_trace_similarity": 0.021252289414405823, "logit_excluded_loss_s5_5d_b_rep": 5.0838048102205694e-05, "logit_restricted_loss_s5_5d_b_rep": 3.2901848030647565, "percent_x_embed_s5_5d_b_rep": 0.11211492866277695, "percent_y_embed_s5_5d_b_rep": 0.10818368196487427, "percent_unembed_s5_5d_b_rep": 0.16827896237373352, "percent_hidden_x_s5_5d_b_rep": 0.05278570204973221, "percent_hidden_y_s5_5d_b_rep": 0.04829960688948631, "percent_hidden_xy_s5_5d_b_rep": 0.0008231622050516307, "total_percent_hidden_s5_5d_b_rep": 0.10190846771001816, "hidden_excluded_loss_s5_5d_b_rep": 6.622385607782204e-05, "hidden_restricted_loss_s5_5d_b_rep": 3.471107125011731, "logit_s5_6d_rep_trace_similarity": 0.01352926716208458, "logit_excluded_loss_s5_6d_rep": 3.429074807730618e-05, "logit_restricted_loss_s5_6d_rep": 3.623404293052342, "percent_x_embed_s5_6d_rep": 0.1271626353263855, "percent_y_embed_s5_6d_rep": 0.12692676484584808, "percent_unembed_s5_6d_rep": 0.19019900262355804, "percent_hidden_x_s5_6d_rep": 0.06073248013854027, "percent_hidden_y_s5_6d_rep": 0.05779637023806572, "percent_hidden_xy_s5_6d_rep": 0.0005143937305547297, "total_percent_hidden_s5_6d_rep": 0.1190432459115982, "hidden_excluded_loss_s5_6d_rep": 4.209469945873151e-05, "hidden_restricted_loss_s5_6d_rep": 3.7293463730162846, "percent_logits_explained": 0.21690355241298676, "total_logit_excluded_loss": 12.14290297184386, "total_logit_restricted_loss": 3.0860171699878663e-06, "total_hidden_excluded_loss": 10.869702336553754, "total_hidden_restricted_loss": 0.006810818120315431, "test_loss_restricted_loss_ratio": 2641.344302000113, "sum_of_squared_weights": 14483.345703125, "percent_hidden_explained": 0.8799071907997131, "percent_hidden_xy_explained": 0.061474207788705826, "percent_x_embed_explained": 0.9916257262229919, "percent_y_embed_explained": 0.9888936281204224, "percent_unembed_explained": 0.97063148021698, "epoch": 250000.0}