{"train_loss": 1.7011503814501339e-06, "test_loss": 2.7823609343613498e-05, "train_acc": 1.0, "test_acc": 1.0, "all_loss": 1.998724474105984e-05, "logit_trivial_rep_trace_similarity": -1.2222021172902942e-09, "percent_x_embed_trivial_rep": 6.918140570633113e-05, "percent_y_embed_trivial_rep": 5.3161780670052394e-05, "percent_unembed_trivial_rep": 0.006342224311083555, "percent_hidden_trivial_rep": 0.32283690571784973, "excluded_loss_trivial_rep": 2.0000863514724188e-05, "logit_sign_rep_trace_similarity": 0.3671296536922455, "percent_x_embed_sign_rep": 0.055908236652612686, "percent_y_embed_sign_rep": 0.05639669671654701, "percent_unembed_sign_rep": 0.06500452011823654, "percent_hidden_sign_rep": 0.013917424716055393, "excluded_loss_sign_rep": 0.0006917077116668224, "logit_freq_0_rep_trace_similarity": 0.25959986448287964, "percent_x_embed_freq_0_rep": 0.07248200476169586, "percent_y_embed_freq_0_rep": 0.07348009943962097, "percent_unembed_freq_0_rep": 0.08765589445829391, "percent_hidden_freq_0_rep": 0.33684927225112915, "excluded_loss_freq_0_rep": 0.18385323882102966, "logit_freq_1_rep_trace_similarity": 0.00011349515989422798, "percent_x_embed_freq_1_rep": 0.00031719065736979246, "percent_y_embed_freq_1_rep": 0.00013846551883034408, "percent_unembed_freq_1_rep": 0.0006365790031850338, "percent_hidden_freq_1_rep": 6.842246511951089e-05, "excluded_loss_freq_1_rep": 2.0457910068216734e-05, "logit_freq_2_rep_trace_similarity": 0.00022868195082992315, "percent_x_embed_freq_2_rep": 0.00033629563404247165, "percent_y_embed_freq_2_rep": 9.98994946712628e-05, "percent_unembed_freq_2_rep": 0.0007886756211519241, "percent_hidden_freq_2_rep": 6.989873509155586e-05, "excluded_loss_freq_2_rep": 2.0162120563327335e-05, "logit_freq_3_rep_trace_similarity": 0.00030288033303804696, "percent_x_embed_freq_3_rep": 0.0001578824158059433, "percent_y_embed_freq_3_rep": 0.00015457184053957462, "percent_unembed_freq_3_rep": 0.0011972282081842422, "percent_hidden_freq_3_rep": 2.2942635951039847e-06, "excluded_loss_freq_3_rep": 2.1062271116534248e-05, "logit_freq_4_rep_trace_similarity": 9.057632996700704e-05, "percent_x_embed_freq_4_rep": 0.00011869568697875366, "percent_y_embed_freq_4_rep": 0.00012750999303534627, "percent_unembed_freq_4_rep": 0.0008710538968443871, "percent_hidden_freq_4_rep": 5.555890311370604e-06, "excluded_loss_freq_4_rep": 2.002750989049673e-05, "logit_freq_5_rep_trace_similarity": -4.44097095169127e-05, "percent_x_embed_freq_5_rep": 0.00018446834292262793, "percent_y_embed_freq_5_rep": 0.00020499687525443733, "percent_unembed_freq_5_rep": 0.0004877633764408529, "percent_hidden_freq_5_rep": 2.3654879441892263e-06, "excluded_loss_freq_5_rep": 1.956983942363877e-05, "logit_freq_6_rep_trace_similarity": -8.442946182185551e-07, "percent_x_embed_freq_6_rep": 7.394675048999488e-05, "percent_y_embed_freq_6_rep": 6.619653868256137e-05, "percent_unembed_freq_6_rep": 0.0005333707085810602, "percent_hidden_freq_6_rep": 6.059919996914687e-07, "excluded_loss_freq_6_rep": 2.0273408154025674e-05, "logit_freq_7_rep_trace_similarity": 0.3764157295227051, "percent_x_embed_freq_7_rep": 0.2795827388763428, "percent_y_embed_freq_7_rep": 0.2791661024093628, "percent_unembed_freq_7_rep": 0.18734154105186462, "percent_hidden_freq_7_rep": 0.02037661522626877, "excluded_loss_freq_7_rep": 0.048585500568151474, "logit_freq_8_rep_trace_similarity": 2.9899247238063253e-05, "percent_x_embed_freq_8_rep": 0.0002373074385104701, "percent_y_embed_freq_8_rep": 0.00021182135969866067, "percent_unembed_freq_8_rep": 0.000548099516890943, "percent_hidden_freq_8_rep": 8.164053610926203e-07, "excluded_loss_freq_8_rep": 2.0482171748881228e-05, "logit_freq_9_rep_trace_similarity": 0.20692391693592072, "percent_x_embed_freq_9_rep": 0.11236366629600525, "percent_y_embed_freq_9_rep": 0.12009517103433609, "percent_unembed_freq_9_rep": 0.13335126638412476, "percent_hidden_freq_9_rep": 0.008837861940264702, "excluded_loss_freq_9_rep": 0.0008109236950986087, "logit_freq_10_rep_trace_similarity": 0.041854504495859146, "percent_x_embed_freq_10_rep": 0.014914818108081818, "percent_y_embed_freq_10_rep": 0.011849775910377502, "percent_unembed_freq_10_rep": 0.04318103939294815, "percent_hidden_freq_10_rep": 0.0011071179760619998, "excluded_loss_freq_10_rep": 4.775191337103024e-05, "logit_freq_11_rep_trace_similarity": 0.0001468308037146926, "percent_x_embed_freq_11_rep": 0.00027712422888725996, "percent_y_embed_freq_11_rep": 0.00026999495457857847, "percent_unembed_freq_11_rep": 0.0007607908337377012, "percent_hidden_freq_11_rep": 7.65885829423496e-07, "excluded_loss_freq_11_rep": 2.056325502053369e-05, "logit_freq_12_rep_trace_similarity": 1.6577130281802965e-06, "percent_x_embed_freq_12_rep": 9.364525612909347e-05, "percent_y_embed_freq_12_rep": 5.571790097746998e-05, "percent_unembed_freq_12_rep": 0.00037210003938525915, "percent_hidden_freq_12_rep": 2.597260504444421e-07, "excluded_loss_freq_12_rep": 2.014432175201364e-05, "logit_freq_13_rep_trace_similarity": 2.326602589164395e-05, "percent_x_embed_freq_13_rep": 6.41161750536412e-05, "percent_y_embed_freq_13_rep": 8.902088302420452e-05, "percent_unembed_freq_13_rep": 0.00044157111551612616, "percent_hidden_freq_13_rep": 2.9696848287130706e-06, "excluded_loss_freq_13_rep": 1.978080217668321e-05, "logit_freq_14_rep_trace_similarity": 0.019733143970370293, "percent_x_embed_freq_14_rep": 0.00027007528115063906, "percent_y_embed_freq_14_rep": 0.0003525012289173901, "percent_unembed_freq_14_rep": 0.013826515525579453, "percent_hidden_freq_14_rep": 0.000878228631336242, "excluded_loss_freq_14_rep": 1.9941262507927604e-05, "logit_freq_15_rep_trace_similarity": 0.3072688579559326, "percent_x_embed_freq_15_rep": 0.21427583694458008, "percent_y_embed_freq_15_rep": 0.21615898609161377, "percent_unembed_freq_15_rep": 0.16217146813869476, "percent_hidden_freq_15_rep": 0.015726737678050995, "excluded_loss_freq_15_rep": 0.007128044031560421, "logit_freq_16_rep_trace_similarity": 5.879115633433685e-05, "percent_x_embed_freq_16_rep": 0.00021465602912940085, "percent_y_embed_freq_16_rep": 0.0003206068358849734, "percent_unembed_freq_16_rep": 0.00102150603197515, "percent_hidden_freq_16_rep": 9.552852134220302e-06, "excluded_loss_freq_16_rep": 2.0677383872680366e-05, "logit_freq_17_rep_trace_similarity": 0.014936461113393307, "percent_x_embed_freq_17_rep": 0.0037580763455480337, "percent_y_embed_freq_17_rep": 0.0037022673059254885, "percent_unembed_freq_17_rep": 0.0200447216629982, "percent_hidden_freq_17_rep": 0.00033830106258392334, "excluded_loss_freq_17_rep": 2.517443681426812e-05, "logit_freq_18_rep_trace_similarity": 0.03505685180425644, "percent_x_embed_freq_18_rep": 0.007475764025002718, "percent_y_embed_freq_18_rep": 0.007616930641233921, "percent_unembed_freq_18_rep": 0.04024510458111763, "percent_hidden_freq_18_rep": 0.0008821438532322645, "excluded_loss_freq_18_rep": 3.6208584788255394e-05, "logit_freq_19_rep_trace_similarity": 0.2833305597305298, "percent_x_embed_freq_19_rep": 0.1908894181251526, "percent_y_embed_freq_19_rep": 0.18463312089443207, "percent_unembed_freq_19_rep": 0.15270385146141052, "percent_hidden_freq_19_rep": 0.014231493696570396, "excluded_loss_freq_19_rep": 0.002733937231823802, "logit_freq_20_rep_trace_similarity": 0.20395509898662567, "percent_x_embed_freq_20_rep": 0.11513568460941315, "percent_y_embed_freq_20_rep": 0.11526967585086823, "percent_unembed_freq_20_rep": 0.13375689089298248, "percent_hidden_freq_20_rep": 0.008372209966182709, "excluded_loss_freq_20_rep": 0.0018009307095780969, "logit_freq_21_rep_trace_similarity": 0.017490332946181297, "percent_x_embed_freq_21_rep": 0.00045720647904090583, "percent_y_embed_freq_21_rep": 0.0008440542733296752, "percent_unembed_freq_21_rep": 0.013807173818349838, "percent_hidden_freq_21_rep": 0.0006828269688412547, "excluded_loss_freq_21_rep": 2.142321682185866e-05, "logit_freq_22_rep_trace_similarity": 1.895915193017572e-05, "percent_x_embed_freq_22_rep": 0.00012611615238711238,