{"train_loss": 1.0625062651705018e-06, "test_loss": 6.269058792403393e-05, "train_acc": 1.0, "test_acc": 1.0, "all_loss": 3.187655072407474e-05, "percent_x_embed_trivial_rep": 4.039856321469415e-06, "percent_y_embed_trivial_rep": 1.9849972886731848e-05, "percent_unembed_trivial_rep": 0.031612005084753036, "percent_hidden_x_trivial_rep": 3.2021252596242883e-15, "percent_hidden_y_trivial_rep": 3.2021252596242883e-15, "percent_hidden_xy_trivial_rep": 3.2021252596242883e-15, "total_percent_hidden_trivial_rep": 9.606375990631102e-15, "hidden_excluded_loss_trivial_rep": 1.0797276454067666e-06, "hidden_restricted_loss_trivial_rep": 4.103167718178568, "logit_standard_rep_trace_similarity": 0.5350929498672485, "logit_excluded_loss_standard_rep": 0.08048133203756302, "logit_restricted_loss_standard_rep": 0.00909854746731211, "percent_x_embed_standard_rep": 0.5232540965080261, "percent_y_embed_standard_rep": 0.519812822341919, "percent_unembed_standard_rep": 0.3939226269721985, "percent_hidden_x_standard_rep": 0.20047499239444733, "percent_hidden_y_standard_rep": 0.20526859164237976, "percent_hidden_xy_standard_rep": 0.0591779462993145, "total_percent_hidden_standard_rep": 0.4649215340614319, "hidden_excluded_loss_standard_rep": 0.08364968965517469, "hidden_restricted_loss_standard_rep": 0.009970518603253223, "logit_a5_5d_a_rep_trace_similarity": 0.004735164809972048, "logit_excluded_loss_a5_5d_a_rep": 1.2059087971825322e-06, "logit_restricted_loss_a5_5d_a_rep": 3.9802732140009374, "percent_x_embed_a5_5d_a_rep": 0.0004325926711317152, "percent_y_embed_a5_5d_a_rep": 0.00041259280988015234, "percent_unembed_a5_5d_a_rep": 0.017402715981006622, "percent_hidden_x_a5_5d_a_rep": 0.004795120097696781, "percent_hidden_y_a5_5d_a_rep": 0.00500158965587616, "percent_hidden_xy_a5_5d_a_rep": 0.0006975919823162258, "total_percent_hidden_a5_5d_a_rep": 0.010494302026927471, "hidden_excluded_loss_a5_5d_a_rep": 1.2252785176920916e-06, "hidden_restricted_loss_a5_5d_a_rep": 3.993234875256479, "logit_a5_3d_a_rep_trace_similarity": 0.4201474189758301, "logit_excluded_loss_a5_3d_a_rep": 0.001189894379891825, "logit_restricted_loss_a5_3d_a_rep": 0.5684702738126851, "percent_x_embed_a5_3d_a_rep": 0.306039422750473, "percent_y_embed_a5_3d_a_rep": 0.30776846408843994, "percent_unembed_a5_3d_a_rep": 0.34398746490478516, "percent_hidden_x_a5_3d_a_rep": 0.11167078465223312, "percent_hidden_y_a5_3d_a_rep": 0.1132456362247467, "percent_hidden_xy_a5_3d_a_rep": 0.02310005947947502, "total_percent_hidden_a5_3d_a_rep": 0.24801649153232574, "hidden_excluded_loss_a5_3d_a_rep": 0.0012034654781167041, "hidden_restricted_loss_a5_3d_a_rep": 0.6893861902207515, "logit_a5_3d_b_rep_trace_similarity": 0.2257438600063324, "logit_excluded_loss_a5_3d_b_rep": 4.063220881962142e-05, "logit_restricted_loss_a5_3d_b_rep": 1.5281779106634097, "percent_x_embed_a5_3d_b_rep": 0.15593522787094116, "percent_y_embed_a5_3d_b_rep": 0.15931916236877441, "percent_unembed_a5_3d_b_rep": 0.19287538528442383, "percent_hidden_x_a5_3d_b_rep": 0.05733124911785126, "percent_hidden_y_a5_3d_b_rep": 0.05876825004816055, "percent_hidden_xy_a5_3d_b_rep": 0.012289841659367085, "total_percent_hidden_a5_3d_b_rep": 0.12838934361934662, "hidden_excluded_loss_a5_3d_b_rep": 4.1810155744196905e-05, "hidden_restricted_loss_a5_3d_b_rep": 1.6314584254700033, "percent_logits_explained": 0.5138310194015503, "total_logit_excluded_loss": 7.1896494230916295, "total_logit_restricted_loss": 7.730281142543379e-07, "total_hidden_excluded_loss": 7.230709693100419, "total_hidden_restricted_loss": 1.5598991243370214e-06, "test_loss_restricted_loss_ratio": 40.1888730790065, "sum_of_squared_weights": 3546.11669921875, "percent_hidden_explained": 0.8413273692131042, "percent_hidden_xy_explained": 0.09456785023212433, "percent_x_embed_explained": 0.9852287173271179, "percent_y_embed_explained": 0.9869004487991333, "percent_unembed_explained": 0.9307854771614075, "epoch": 250000.0}