{"train_loss": 1.0625062651705018e-06, "test_loss": 6.269058792403393e-05, "train_acc": 1.0, "test_acc": 1.0, "all_loss": 3.187655072407474e-05, "logit_trivial_rep_trace_similarity": -7.41929397918284e-08, "logit_excluded_loss_trivial_rep": 1.0625069898261094e-06, "logit_restricted_loss_trivial_rep": 4.0943445622221, "percent_x_embed_trivial_rep": 4.039856321469415e-06, "percent_y_embed_trivial_rep": 1.9849972886731848e-05, "percent_unembed_trivial_rep": 0.031612005084753036, "percent_hidden_trivial_rep": 0.3175978660583496, "embed_excluded_loss_trivial_rep": 3.178359727060951e-05, "embed_restricted_loss_trivial_rep": 4.094435368465291, "logit_standard_rep_trace_similarity": 0.5350929498672485, "logit_excluded_loss_standard_rep": 0.08048133203756302, "logit_restricted_loss_standard_rep": 0.00909854746731211, "percent_x_embed_standard_rep": 0.5232540965080261, "percent_y_embed_standard_rep": 0.519812822341919, "percent_unembed_standard_rep": 0.3939226269721985, "percent_hidden_standard_rep": 0.04038316383957863, "embed_excluded_loss_standard_rep": 0.43979866780695814, "embed_restricted_loss_standard_rep": 0.10776532650569819, "logit_a5_5d_a_rep_trace_similarity": 0.004735164809972048, "logit_excluded_loss_a5_5d_a_rep": 1.2059087971825322e-06, "logit_restricted_loss_a5_5d_a_rep": 3.9802732140009374, "percent_x_embed_a5_5d_a_rep": 0.0004325926711317152, "percent_y_embed_a5_5d_a_rep": 0.00041259280988015234, "percent_unembed_a5_5d_a_rep": 0.017402715981006622, "percent_hidden_a5_5d_a_rep": 0.0004760383162647486, "embed_excluded_loss_a5_5d_a_rep": 3.125250695371921e-05, "embed_restricted_loss_a5_5d_a_rep": 4.099311036656474, "logit_a5_3d_a_rep_trace_similarity": 0.4201474189758301, "logit_excluded_loss_a5_3d_a_rep": 0.001189894379891825, "logit_restricted_loss_a5_3d_a_rep": 0.5684702738126851, "percent_x_embed_a5_3d_a_rep": 0.306039422750473, "percent_y_embed_a5_3d_a_rep": 0.30776846408843994, "percent_unembed_a5_3d_a_rep": 0.34398746490478516, "percent_hidden_a5_3d_a_rep": 0.02014145813882351, "embed_excluded_loss_a5_3d_a_rep": 0.07150095479645782, "embed_restricted_loss_a5_3d_a_rep": 1.8823955554164977, "logit_a5_3d_b_rep_trace_similarity": 0.2257438600063324, "logit_excluded_loss_a5_3d_b_rep": 4.063220881962142e-05, "logit_restricted_loss_a5_3d_b_rep": 1.5281779106634097, "percent_x_embed_a5_3d_b_rep": 0.15593522787094116, "percent_y_embed_a5_3d_b_rep": 0.15931916236877441, "percent_unembed_a5_3d_b_rep": 0.19287538528442383, "percent_hidden_a5_3d_b_rep": 0.012966088950634003, "embed_excluded_loss_a5_3d_b_rep": 0.0033530919827561285, "embed_restricted_loss_a5_3d_b_rep": 2.846532531338515, "percent_logits_explained": 0.5138310194015503, "total_logit_excluded_loss": 7.1896494230916295, "total_logit_restricted_loss": 7.730281142543379e-07, "total_embed_restricted_loss": 0.0005059506970295102, "total_embed_excluded_loss": 4.211591194560235, "test_loss_restricted_loss_ratio": 0.12390651557967401, "sum_of_squared_weights": 3546.11669921875, "epoch": 250000.0}