{"train_loss": 1.6237486615709517e-06, "test_loss": 3.0307607809809716e-06, "train_acc": 1.0, "test_acc": 1.0, "all_loss": 2.4679560142414296e-06, "percent_x_embed_trivial_rep": 6.721131984299689e-10, "percent_y_embed_trivial_rep": 1.762610613020854e-09, "percent_unembed_trivial_rep": 0.06054015830159187, "percent_hidden_x_trivial_rep": 2.9609800617386725e-15, "percent_hidden_y_trivial_rep": 2.9609800617386725e-15, "percent_hidden_xy_trivial_rep": 2.9609800617386725e-15, "total_percent_hidden_trivial_rep": 8.882940396974254e-15, "hidden_excluded_loss_trivial_rep": 1.6850330751072867e-06, "hidden_restricted_loss_trivial_rep": 4.8141393180272924, "logit_sign_rep_trace_similarity": 0.5008096694946289, "logit_excluded_loss_sign_rep": 0.0005878190970526061, "logit_restricted_loss_sign_rep": 4.0948354198185015, "percent_x_embed_sign_rep": 0.06428667157888412, "percent_y_embed_sign_rep": 0.06427162140607834, "percent_unembed_sign_rep": 0.09965919703245163, "percent_hidden_x_sign_rep": 0.0232844278216362, "percent_hidden_y_sign_rep": 0.02327963337302208, "percent_hidden_xy_sign_rep": 0.02327926643192768, "total_percent_hidden_sign_rep": 0.06984332948923111, "hidden_excluded_loss_sign_rep": 0.0005897370895338246, "hidden_restricted_loss_sign_rep": 4.095823445570183, "logit_standard_rep_trace_similarity": 0.7672626972198486, "logit_excluded_loss_standard_rep": 7.271752698581589, "logit_restricted_loss_standard_rep": 8.5720794047922e-05, "percent_x_embed_standard_rep": 0.9357134103775024, "percent_y_embed_standard_rep": 0.9357284307479858, "percent_unembed_standard_rep": 0.8300479650497437, "percent_hidden_x_standard_rep": 0.35330069065093994, "percent_hidden_y_standard_rep": 0.365510493516922, "percent_hidden_xy_standard_rep": 0.10554582625627518, "total_percent_hidden_standard_rep": 0.8243569731712341, "hidden_excluded_loss_standard_rep": 7.269024984854011, "hidden_restricted_loss_standard_rep": 9.11827946266032e-05, "logit_standard_sign_rep_trace_similarity": -7.275957614183426e-12, "logit_excluded_loss_standard_sign_rep": 1.6237489098641128e-06, "logit_restricted_loss_standard_sign_rep": 4.787491743003433, "percent_x_embed_standard_sign_rep": 9.518281718357002e-10, "percent_y_embed_standard_sign_rep": 1.075005195971812e-09, "percent_unembed_standard_sign_rep": 0.0005249284440651536, "percent_hidden_x_standard_sign_rep": 5.448513307193537e-10, "percent_hidden_y_standard_sign_rep": 6.575851529966315e-10, "percent_hidden_xy_standard_sign_rep": 2.2945786438445526e-13, "total_percent_hidden_standard_sign_rep": 1.2026659668151751e-09, "hidden_excluded_loss_standard_sign_rep": 1.6237491174770805e-06, "hidden_restricted_loss_standard_sign_rep": 4.787491748821869, "logit_s5_5d_a_rep_trace_similarity": -2.688466338440776e-09, "logit_excluded_loss_s5_5d_a_rep": 1.6237489098642284e-06, "logit_restricted_loss_s5_5d_a_rep": 4.7874918450350865, "percent_x_embed_s5_5d_a_rep": 3.2611735534260333e-09, "percent_y_embed_s5_5d_a_rep": 2.8430693355119274e-09, "percent_unembed_s5_5d_a_rep": 0.0011990624479949474, "percent_hidden_x_s5_5d_a_rep": 1.6638614930286622e-09, "percent_hidden_y_s5_5d_a_rep": 1.5411329989944988e-09, "percent_hidden_xy_s5_5d_a_rep": 3.568178738588834e-13, "total_percent_hidden_s5_5d_a_rep": 3.2053513177032755e-09, "hidden_excluded_loss_s5_5d_a_rep": 1.623748974991412e-06, "hidden_restricted_loss_s5_5d_a_rep": 4.787491767469837, "logit_s5_5d_b_rep_trace_similarity": 0.0017126889433711767, "logit_excluded_loss_s5_5d_b_rep": 1.7459579784543583e-06, "logit_restricted_loss_s5_5d_b_rep": 4.722436621218951, "percent_x_embed_s5_5d_b_rep": 1.2250644054745408e-08, "percent_y_embed_s5_5d_b_rep": 1.2641121038825531e-08, "percent_unembed_s5_5d_b_rep": 0.006323459092527628, "percent_hidden_x_s5_5d_b_rep": 0.0004643599677365273, "percent_hidden_y_s5_5d_b_rep": 0.00046398155973292887, "percent_hidden_xy_s5_5d_b_rep": 0.00013867803500033915, "total_percent_hidden_s5_5d_b_rep": 0.0010670195333659649, "hidden_excluded_loss_s5_5d_b_rep": 1.7500595943931806e-06, "hidden_restricted_loss_s5_5d_b_rep": 4.723180387848973, "logit_s5_6d_rep_trace_similarity": 4.631147021427751e-09, "logit_excluded_loss_s5_6d_rep": 1.623748909864961e-06, "logit_restricted_loss_s5_6d_rep": 4.787491531412976, "percent_x_embed_s5_6d_rep": 3.2995703946880894e-09, "percent_y_embed_s5_6d_rep": 3.3833582602227352e-09, "percent_unembed_s5_6d_rep": 0.0017052078619599342, "percent_hidden_x_s5_6d_rep": 1.8494024089932282e-09, "percent_hidden_y_s5_6d_rep": 2.0022794533502974e-09, "percent_hidden_xy_s5_6d_rep": 8.230679592741152e-13, "total_percent_hidden_s5_6d_rep": 3.852504537604773e-09, "hidden_excluded_loss_s5_6d_rep": 1.6237487012243737e-06, "hidden_restricted_loss_s5_6d_rep": 4.78749173881296, "percent_logits_explained": 0.8395053148269653, "total_logit_excluded_loss": 7.684975999886474, "total_logit_restricted_loss": 5.405263360575553e-07, "total_hidden_excluded_loss": 7.6819905272023945, "total_hidden_restricted_loss": 5.770244343207372e-07, "test_loss_restricted_loss_ratio": 5.252395913786092, "sum_of_squared_weights": 5079.22607421875, "percent_hidden_explained": 0.894200325012207, "percent_hidden_xy_explained": 0.1288250982761383, "percent_x_embed_explained": 1.0000001192092896, "percent_y_embed_explained": 1.0, "percent_unembed_explained": 0.9297071695327759, "epoch": 250000.0}