{"train_loss": 8.330424029606679e-08, "test_loss": 9.393697564605382e-08, "train_acc": 1.0, "test_acc": 1.0, "all_loss": 8.75573364236536e-08, "percent_x_embed_trivial_rep": 1.587359292898327e-05, "percent_y_embed_trivial_rep": 1.587359292898327e-05, "percent_unembed_trivial_rep": 1.7358947843604255e-06, "percent_hidden_x_trivial_rep": 2.24980641348781e-14, "percent_hidden_y_trivial_rep": 2.24980641348781e-14, "percent_hidden_xy_trivial_rep": 2.24980641348781e-14, "total_percent_hidden_trivial_rep": 6.74941940987002e-14, "hidden_excluded_loss_trivial_rep": 1.6979326682120183e-07, "hidden_restricted_loss_trivial_rep": 4.976439596221279, "logit_sign_rep_trace_similarity": 0.36266112327575684, "logit_excluded_loss_sign_rep": 0.0003402629297517671, "logit_restricted_loss_sign_rep": 4.094390078254661, "percent_x_embed_sign_rep": 0.09605792164802551, "percent_y_embed_sign_rep": 0.09605792164802551, "percent_unembed_sign_rep": 0.16190415620803833, "percent_hidden_x_sign_rep": 0.010745592415332794, "percent_hidden_y_sign_rep": 0.01074634026736021, "percent_hidden_xy_sign_rep": 0.01072598248720169, "total_percent_hidden_sign_rep": 0.03221791610121727, "hidden_excluded_loss_sign_rep": 0.0008577884004074651, "hidden_restricted_loss_sign_rep": 4.0945764658496255, "logit_standard_rep_trace_similarity": 0.6775399446487427, "logit_excluded_loss_standard_rep": 19.60431897747616, "logit_restricted_loss_standard_rep": 7.735379951233422e-08, "percent_x_embed_standard_rep": 0.9030591249465942, "percent_y_embed_standard_rep": 0.9030591249465942, "percent_unembed_standard_rep": 0.8380177617073059, "percent_hidden_x_standard_rep": 0.3763750195503235, "percent_hidden_y_standard_rep": 0.376374214887619, "percent_hidden_xy_standard_rep": 0.11369611322879791, "total_percent_hidden_standard_rep": 0.8664453029632568, "hidden_excluded_loss_standard_rep": 19.90392899844129, "hidden_restricted_loss_standard_rep": 7.82598241437193e-08, "logit_standard_sign_rep_trace_similarity": -6.96672941558063e-10, "logit_excluded_loss_standard_sign_rep": 8.330424687914904e-08, "logit_restricted_loss_standard_sign_rep": 4.787491781192196, "percent_x_embed_standard_sign_rep": 8.453495684079826e-05, "percent_y_embed_standard_sign_rep": 8.453495684079826e-05, "percent_unembed_standard_sign_rep": 1.0883397408179007e-05, "percent_hidden_x_standard_sign_rep": 4.191743840920026e-09, "percent_hidden_y_standard_sign_rep": 3.824950134401206e-09, "percent_hidden_xy_standard_sign_rep": 4.2333169847190433e-13, "total_percent_hidden_standard_sign_rep": 8.017117636427429e-09, "hidden_excluded_loss_standard_sign_rep": 2.0935720393251608e-07, "hidden_restricted_loss_standard_sign_rep": 4.787491767542159, "logit_s5_5d_a_rep_trace_similarity": -2.3101165425032377e-09, "logit_excluded_loss_s5_5d_a_rep": 8.330424687914904e-08, "logit_restricted_loss_s5_5d_a_rep": 4.787491901988597, "percent_x_embed_s5_5d_a_rep": 0.00026798940962180495, "percent_y_embed_s5_5d_a_rep": 0.00026798940962180495, "percent_unembed_s5_5d_a_rep": 1.9821884052362293e-05, "percent_hidden_x_s5_5d_a_rep": 4.0182346339179276e-09, "percent_hidden_y_s5_5d_a_rep": 3.995254349575816e-09, "percent_hidden_xy_s5_5d_a_rep": 6.232941680145432e-13, "total_percent_hidden_s5_5d_a_rep": 8.014112040655164e-09, "hidden_excluded_loss_s5_5d_a_rep": 2.093575674925442e-07, "hidden_restricted_loss_s5_5d_a_rep": 4.787491742371082, "logit_s5_5d_b_rep_trace_similarity": 4.532921593636274e-09, "logit_excluded_loss_s5_5d_b_rep": 8.330424687914904e-08, "logit_restricted_loss_s5_5d_b_rep": 4.787491430386193, "percent_x_embed_s5_5d_b_rep": 0.0001632085331948474, "percent_y_embed_s5_5d_b_rep": 0.0001632085331948474, "percent_unembed_s5_5d_b_rep": 1.905686076497659e-05, "percent_hidden_x_s5_5d_b_rep": 2.027483425592891e-08, "percent_hidden_y_s5_5d_b_rep": 1.9501216641515384e-08, "percent_hidden_xy_s5_5d_b_rep": 1.5314198520410827e-10, "total_percent_hidden_s5_5d_b_rep": 3.992919417328267e-08, "hidden_excluded_loss_s5_5d_b_rep": 2.0935767746352844e-07, "hidden_restricted_loss_s5_5d_b_rep": 4.787491330026731, "logit_s5_6d_rep_trace_similarity": 1.1204974725842476e-09, "logit_excluded_loss_s5_6d_rep": 8.330424687914904e-08, "logit_restricted_loss_s5_6d_rep": 4.7874916501163085, "percent_x_embed_s5_6d_rep": 0.0003512996481731534, "percent_y_embed_s5_6d_rep": 0.0003512996481731534, "percent_unembed_s5_6d_rep": 2.65802755166078e-05, "percent_hidden_x_s5_6d_rep": 2.914166685741293e-08, "percent_hidden_y_s5_6d_rep": 3.0348065394036894e-08, "percent_hidden_xy_s5_6d_rep": 1.7763165938156078e-10, "total_percent_hidden_s5_6d_rep": 5.966736438267617e-08, "hidden_excluded_loss_s5_6d_rep": 2.0935709570628438e-07, "hidden_restricted_loss_s5_6d_rep": 4.787492004885817, "percent_logits_explained": 0.5905834436416626, "total_logit_excluded_loss": 20.407070115268592, "total_logit_restricted_loss": 1.712431307850697e-11, "total_hidden_excluded_loss": 20.85838578062345, "total_hidden_restricted_loss": 1.7334521133168145e-11, "test_loss_restricted_loss_ratio": 5419.069550546356, "sum_of_squared_weights": 0.0, "percent_hidden_explained": 0.8986632227897644, "percent_x_embed_explained": 0.9991170167922974, "percent_y_embed_explained": 0.9991170167922974, "percent_unembed_explained": 0.9999219179153442, "epoch": 50000.0}