{"train_loss": 8.330424029606679e-08, "test_loss": 9.393697564605382e-08, "train_acc": 1.0, "test_acc": 1.0, "all_loss": 8.75573364236536e-08, "logit_trivial_rep_trace_similarity": 2.4010660126805305e-10, "logit_excluded_loss_trivial_rep": 8.330424687914904e-08, "logit_restricted_loss_trivial_rep": 4.787491742782046, "logit_sign_rep_trace_similarity": 0.36266112327575684, "logit_excluded_loss_sign_rep": 0.0003402629297517671, "logit_restricted_loss_sign_rep": 4.094390078254661, "logit_standard_rep_trace_similarity": 0.6775399446487427, "logit_excluded_loss_standard_rep": 19.60431897747616, "logit_restricted_loss_standard_rep": 7.735379951233422e-08, "logit_standard_sign_rep_trace_similarity": -6.96672941558063e-10, "logit_excluded_loss_standard_sign_rep": 8.330424687914904e-08, "logit_restricted_loss_standard_sign_rep": 4.787491781192196, "logit_s5_5d_a_rep_trace_similarity": -2.3101165425032377e-09, "logit_excluded_loss_s5_5d_a_rep": 8.330424687914904e-08, "logit_restricted_loss_s5_5d_a_rep": 4.787491901988597, "logit_s5_5d_b_rep_trace_similarity": 4.532921593636274e-09, "logit_excluded_loss_s5_5d_b_rep": 8.330424687914904e-08, "logit_restricted_loss_s5_5d_b_rep": 4.787491430386193, "logit_s5_6d_rep_trace_similarity": 1.1204974725842476e-09, "logit_excluded_loss_s5_6d_rep": 8.330424687914904e-08, "logit_restricted_loss_s5_6d_rep": 4.7874916501163085, "percent_logits_explained": 0.5905834436416626, "total_logit_excluded_loss": 20.407070115268592, "total_logit_restricted_loss": 1.712431307850697e-11, "epoch": 50000.0}