{"train_loss": 8.330424029606679e-08, "test_loss": 9.393697564605382e-08, "train_acc": 1.0, "test_acc": 1.0, "all_loss": 8.75573364236536e-08, "percent_x_embed_trivial_rep": 1.587359292898327e-05, "percent_y_embed_trivial_rep": 1.587359292898327e-05, "percent_unembed_trivial_rep": 1.7358947843604255e-06, "percent_hidden_trivial_rep": 0.3180679976940155, "hidden_excluded_loss_trivial_rep": 1.6979326682120183e-07, "hidden_restricted_loss_trivial_rep": 4.976439596221279, "logit_sign_rep_trace_similarity": 0.36266112327575684, "logit_excluded_loss_sign_rep": 0.0003402629297517671, "logit_restricted_loss_sign_rep": 4.094390078254661, "percent_x_embed_sign_rep": 0.09605792164802551, "percent_y_embed_sign_rep": 0.09605792164802551, "percent_unembed_sign_rep": 0.16190415620803833, "percent_hidden_sign_rep": 0.0073143900372087955, "hidden_excluded_loss_sign_rep": 0.0008577884004074651, "hidden_restricted_loss_sign_rep": 4.0945764658496255, "logit_standard_rep_trace_similarity": 0.6775399446487427, "logit_excluded_loss_standard_rep": 19.60431897747616, "logit_restricted_loss_standard_rep": 7.735379951233422e-08, "percent_x_embed_standard_rep": 0.9030591249465942, "percent_y_embed_standard_rep": 0.9030591249465942, "percent_unembed_standard_rep": 0.8380177617073059, "percent_hidden_standard_rep": 0.07753301411867142, "hidden_excluded_loss_standard_rep": 19.90392899844129, "hidden_restricted_loss_standard_rep": 7.82598241437193e-08, "logit_standard_sign_rep_trace_similarity": -6.96672941558063e-10, "logit_excluded_loss_standard_sign_rep": 8.330424687914904e-08, "logit_restricted_loss_standard_sign_rep": 4.787491781192196, "percent_x_embed_standard_sign_rep": 8.453495684079826e-05, "percent_y_embed_standard_sign_rep": 8.453495684079826e-05, "percent_unembed_standard_sign_rep": 1.0883397408179007e-05, "percent_hidden_standard_sign_rep": 2.880769353532514e-13, "hidden_excluded_loss_standard_sign_rep": 2.0935720393251608e-07, "hidden_restricted_loss_standard_sign_rep": 4.787491767542159, "logit_s5_5d_a_rep_trace_similarity": -2.3101165425032377e-09, "logit_excluded_loss_s5_5d_a_rep": 8.330424687914904e-08, "logit_restricted_loss_s5_5d_a_rep": 4.787491901988597, "percent_x_embed_s5_5d_a_rep": 0.00026798940962180495, "percent_y_embed_s5_5d_a_rep": 0.00026798940962180495, "percent_unembed_s5_5d_a_rep": 1.9821884052362293e-05, "percent_hidden_s5_5d_a_rep": 4.2694697061605724e-13, "hidden_excluded_loss_s5_5d_a_rep": 2.093575674925442e-07, "hidden_restricted_loss_s5_5d_a_rep": 4.787491742371082, "logit_s5_5d_b_rep_trace_similarity": 4.532921593636274e-09, "logit_excluded_loss_s5_5d_b_rep": 8.330424687914904e-08, "logit_restricted_loss_s5_5d_b_rep": 4.787491430386193, "percent_x_embed_s5_5d_b_rep": 0.0001632085331948474, "percent_y_embed_s5_5d_b_rep": 0.0001632085331948474, "percent_unembed_s5_5d_b_rep": 1.905686076497659e-05, "percent_hidden_s5_5d_b_rep": 1.0447559484205726e-10, "hidden_excluded_loss_s5_5d_b_rep": 2.0935767746352844e-07, "hidden_restricted_loss_s5_5d_b_rep": 4.787491330026731, "logit_s5_6d_rep_trace_similarity": 1.1204974725842476e-09, "logit_excluded_loss_s5_6d_rep": 8.330424687914904e-08, "logit_restricted_loss_s5_6d_rep": 4.7874916501163085, "percent_x_embed_s5_6d_rep": 0.0003512996481731534, "percent_y_embed_s5_6d_rep": 0.0003512996481731534, "percent_unembed_s5_6d_rep": 2.65802755166078e-05, "percent_hidden_s5_6d_rep": 1.211621358798709e-10, "hidden_excluded_loss_s5_6d_rep": 2.0935709570628438e-07, "hidden_restricted_loss_s5_6d_rep": 4.787492004885817, "percent_logits_explained": 0.5905834436416626, "total_logit_excluded_loss": 20.407070115268592, "total_logit_restricted_loss": 1.712431307850697e-11, "total_hidden_excluded_loss": 20.85838578062345, "total_hidden_restricted_loss": 1.7334521133168145e-11, "test_loss_restricted_loss_ratio": 5419.069550546356, "sum_of_squared_weights": 0.0, "epoch": 50000.0}