{"train_loss": 1.8261626526196737e-06, "test_loss": 4.083869694577372e-06, "train_acc": 1.0, "test_acc": 1.0, "all_loss": 3.1807868530042883e-06, "percent_x_embed_trivial_rep": 5.458493101961892e-10, "percent_y_embed_trivial_rep": 2.784681374379261e-10, "percent_unembed_trivial_rep": 0.06239932402968407, "percent_hidden_x_trivial_rep": 3.11017411572744e-15, "percent_hidden_y_trivial_rep": 3.11017411572744e-15, "percent_hidden_xy_trivial_rep": 3.11017411572744e-15, "total_percent_hidden_trivial_rep": 9.330521923665847e-15, "hidden_excluded_loss_trivial_rep": 1.9109991746881187e-06, "hidden_restricted_loss_trivial_rep": 4.815859664946435, "logit_sign_rep_trace_similarity": 0.2637154459953308, "logit_excluded_loss_sign_rep": 1.1223057573230494e-05, "logit_restricted_loss_sign_rep": 4.130295705323884, "percent_x_embed_sign_rep": 0.021563353016972542, "percent_y_embed_sign_rep": 0.021563267335295677, "percent_unembed_sign_rep": 0.05699823424220085, "percent_hidden_x_sign_rep": 0.007830359041690826, "percent_hidden_y_sign_rep": 0.007831466384232044, "percent_hidden_xy_sign_rep": 0.0069582173600792885, "total_percent_hidden_sign_rep": 0.02262004092335701, "hidden_excluded_loss_sign_rep": 1.1289780999364669e-05, "hidden_restricted_loss_sign_rep": 4.130999084548249, "logit_standard_rep_trace_similarity": 0.0016474130097776651, "logit_excluded_loss_standard_rep": 1.9042783574685194e-06, "logit_restricted_loss_standard_rep": 4.7462210086181145, "percent_x_embed_standard_rep": 1.2459219211891082e-09, "percent_y_embed_standard_rep": 1.0332131816781498e-09, "percent_unembed_standard_rep": 0.0028412831015884876, "percent_hidden_x_standard_rep": 0.0003178296610713005, "percent_hidden_y_standard_rep": 0.00031791446963325143, "percent_hidden_xy_standard_rep": 0.00012817649985663593, "total_percent_hidden_standard_rep": 0.0007639206014573574, "hidden_excluded_loss_standard_rep": 1.908504587048031e-06, "hidden_restricted_loss_standard_rep": 4.749247902505425, "logit_standard_sign_rep_trace_similarity": 0.20296156406402588, "logit_excluded_loss_standard_sign_rep": 0.0003390678838339801, "logit_restricted_loss_standard_sign_rep": 0.7891386254056246, "percent_x_embed_standard_sign_rep": 0.14075808227062225, "percent_y_embed_standard_sign_rep": 0.14073312282562256, "percent_unembed_standard_sign_rep": 0.28204670548439026, "percent_hidden_x_standard_sign_rep": 0.05111442133784294, "percent_hidden_y_standard_sign_rep": 0.05111394450068474, "percent_hidden_xy_standard_sign_rep": 0.011888731271028519, "total_percent_hidden_standard_sign_rep": 0.1141171008348465, "hidden_excluded_loss_standard_sign_rep": 0.0003408322317548673, "hidden_restricted_loss_standard_sign_rep": 0.7962826487514164, "logit_s5_5d_a_rep_trace_similarity": 0.5986567735671997, "logit_excluded_loss_s5_5d_a_rep": 3.724312736429974, "logit_restricted_loss_s5_5d_a_rep": 1.3711929776145296e-05, "percent_x_embed_s5_5d_a_rep": 0.8376784920692444, "percent_y_embed_s5_5d_a_rep": 0.8377037048339844, "percent_unembed_s5_5d_a_rep": 0.5916193127632141, "percent_hidden_x_s5_5d_a_rep": 0.36161676049232483, "percent_hidden_y_s5_5d_a_rep": 0.305777370929718, "percent_hidden_xy_s5_5d_a_rep": 0.0768543928861618, "total_percent_hidden_s5_5d_a_rep": 0.7442485690116882, "hidden_excluded_loss_s5_5d_a_rep": 3.7122293457241526, "hidden_restricted_loss_s5_5d_a_rep": 1.6229618206968036e-05, "logit_s5_5d_b_rep_trace_similarity": 0.0001361667236778885, "logit_excluded_loss_s5_5d_b_rep": 1.8331135454839042e-06, "logit_restricted_loss_s5_5d_b_rep": 4.783222540153161, "percent_x_embed_s5_5d_b_rep": 1.617461942160503e-09, "percent_y_embed_s5_5d_b_rep": 1.582186603954483e-09, "percent_unembed_s5_5d_b_rep": 0.001534636365249753, "percent_hidden_x_s5_5d_b_rep": 4.8902631533565e-05, "percent_hidden_y_s5_5d_b_rep": 4.890813579550013e-05, "percent_hidden_xy_s5_5d_b_rep": 9.123956260737032e-06, "total_percent_hidden_s5_5d_b_rep": 0.00010693472722778097, "hidden_excluded_loss_s5_5d_b_rep": 1.8333329398639347e-06, "hidden_restricted_loss_s5_5d_b_rep": 4.783271070039399, "logit_s5_6d_rep_trace_similarity": 6.057234713807702e-09, "logit_excluded_loss_s5_6d_rep": 1.8261626085521845e-06, "logit_restricted_loss_s5_6d_rep": 4.787491514869353, "percent_x_embed_s5_6d_rep": 2.542646537762039e-09, "percent_y_embed_s5_6d_rep": 2.4730499870173617e-09, "percent_unembed_s5_6d_rep": 0.002560536377131939, "percent_hidden_x_s5_6d_rep": 1.4282753868499753e-09, "percent_hidden_y_s5_6d_rep": 1.3550934818695737e-09, "percent_hidden_xy_s5_6d_rep": 8.017667476115098e-13, "total_percent_hidden_s5_6d_rep": 2.7841706717879333e-09, "hidden_excluded_loss_s5_6d_rep": 1.826162670868003e-06, "hidden_restricted_loss_s5_6d_rep": 4.787491740479044, "percent_logits_explained": 0.4691319167613983, "total_logit_excluded_loss": 10.798353154646616, "total_logit_restricted_loss": 3.0148184468146844e-08, "total_hidden_excluded_loss": 10.790603741762943, "total_hidden_restricted_loss": 3.505472632283828e-08, "test_loss_restricted_loss_ratio": 116.49983106320006, "sum_of_squared_weights": 5465.8037109375, "percent_hidden_explained": 0.8809857368469238, "percent_hidden_xy_explained": 0.09570133686065674, "percent_x_embed_explained": 0.9999999403953552, "percent_y_embed_explained": 1.0000001192092896, "percent_unembed_explained": 0.9306642413139343, "epoch": 250000.0}