{"train_loss": 1.51312210533942e-06, "test_loss": 2.9803833851196413e-06, "train_acc": 1.0, "test_acc": 1.0, "all_loss": 2.393478991215945e-06, "percent_x_embed_trivial_rep": 4.6426507083197066e-10, "percent_y_embed_trivial_rep": 2.84428675056958e-10, "percent_unembed_trivial_rep": 0.04717857018113136, "percent_hidden_x_trivial_rep": 2.542682369857793e-15, "percent_hidden_y_trivial_rep": 2.542682369857793e-15, "percent_hidden_xy_trivial_rep": 2.542682369857793e-15, "total_percent_hidden_trivial_rep": 7.628046686056905e-15, "hidden_excluded_loss_trivial_rep": 1.5270951313904152e-06, "hidden_restricted_loss_trivial_rep": 4.795361485068738, "logit_sign_rep_trace_similarity": 0.5122193098068237, "logit_excluded_loss_sign_rep": 0.0006576104614292347, "logit_restricted_loss_sign_rep": 4.09475118194398, "percent_x_embed_sign_rep": 0.06789492815732956, "percent_y_embed_sign_rep": 0.06788814812898636, "percent_unembed_sign_rep": 0.10485232621431351, "percent_hidden_x_sign_rep": 0.024626780301332474, "percent_hidden_y_sign_rep": 0.024624144658446312, "percent_hidden_xy_sign_rep": 0.02462337538599968, "total_percent_hidden_sign_rep": 0.07387429475784302, "hidden_excluded_loss_sign_rep": 0.0006591318169751818, "hidden_restricted_loss_sign_rep": 4.0954155834326595, "logit_standard_rep_trace_similarity": 0.7563236951828003, "logit_excluded_loss_standard_rep": 7.80132940901134, "logit_restricted_loss_standard_rep": 9.910628561681352e-05, "percent_x_embed_standard_rep": 0.9321050643920898, "percent_y_embed_standard_rep": 0.9321118593215942, "percent_unembed_standard_rep": 0.8428980112075806, "percent_hidden_x_standard_rep": 0.35152682662010193, "percent_hidden_y_standard_rep": 0.34970518946647644, "percent_hidden_xy_standard_rep": 0.10653798282146454, "total_percent_hidden_standard_rep": 0.8077700138092041, "hidden_excluded_loss_standard_rep": 7.808611198900313, "hidden_restricted_loss_standard_rep": 0.00010349907442607677, "logit_standard_sign_rep_trace_similarity": 1.597072696313262e-09, "logit_excluded_loss_standard_sign_rep": 1.5131223373674905e-06, "logit_restricted_loss_standard_sign_rep": 4.7874916940957455, "percent_x_embed_standard_sign_rep": 8.302332710208304e-10, "percent_y_embed_standard_sign_rep": 8.579695287558309e-10, "percent_unembed_standard_sign_rep": 0.0006654883618466556, "percent_hidden_x_standard_sign_rep": 5.483241638515324e-10, "percent_hidden_y_standard_sign_rep": 5.023045868135512e-10, "percent_hidden_xy_standard_sign_rep": 2.904214683411427e-13, "total_percent_hidden_standard_sign_rep": 1.0509191294971743e-09, "hidden_excluded_loss_standard_sign_rep": 1.5131225132469666e-06, "hidden_restricted_loss_standard_sign_rep": 4.787491700212141, "logit_s5_5d_a_rep_trace_similarity": -1.4915713109076023e-09, "logit_excluded_loss_s5_5d_a_rep": 1.5131223373674135e-06, "logit_restricted_loss_s5_5d_a_rep": 4.787491799619695, "percent_x_embed_s5_5d_a_rep": 2.6047186629796215e-09, "percent_y_embed_s5_5d_a_rep": 2.1822303963858758e-09, "percent_unembed_s5_5d_a_rep": 0.0012530406238511205, "percent_hidden_x_s5_5d_a_rep": 1.3449862334979912e-09, "percent_hidden_y_s5_5d_a_rep": 1.1573729752356599e-09, "percent_hidden_xy_s5_5d_a_rep": 2.559982662051624e-13, "total_percent_hidden_s5_5d_a_rep": 2.5026152261631296e-09, "hidden_excluded_loss_s5_5d_a_rep": 1.5131222945694341e-06, "hidden_restricted_loss_s5_5d_a_rep": 4.7874917148234735, "logit_s5_5d_b_rep_trace_similarity": -3.587047103792429e-09, "logit_excluded_loss_s5_5d_b_rep": 1.5131223373673364e-06, "logit_restricted_loss_s5_5d_b_rep": 4.7874918794696635, "percent_x_embed_s5_5d_b_rep": 2.0355619412271153e-09, "percent_y_embed_s5_5d_b_rep": 2.133664356307463e-09, "percent_unembed_s5_5d_b_rep": 0.0013883146457374096, "percent_hidden_x_s5_5d_b_rep": 1.113635295091342e-09, "percent_hidden_y_s5_5d_b_rep": 1.0943248529571292e-09, "percent_hidden_xy_s5_5d_b_rep": 4.493843990503732e-13, "total_percent_hidden_s5_5d_b_rep": 2.208409455306537e-09, "hidden_excluded_loss_s5_5d_b_rep": 1.5131225451529076e-06, "hidden_restricted_loss_s5_5d_b_rep": 4.7874917800839, "logit_s5_6d_rep_trace_similarity": 4.7584762796759605e-09, "logit_excluded_loss_s5_6d_rep": 1.5131223373671051e-06, "logit_restricted_loss_s5_6d_rep": 4.787491525190868, "percent_x_embed_s5_6d_rep": 3.1721310023158367e-09, "percent_y_embed_s5_6d_rep": 2.5072206533138797e-09, "percent_unembed_s5_6d_rep": 0.001764270244166255, "percent_hidden_x_s5_6d_rep": 1.7547953090613078e-09, "percent_hidden_y_s5_6d_rep": 1.4107645052163775e-09, "percent_hidden_xy_s5_6d_rep": 5.907557429352117e-13, "total_percent_hidden_s5_6d_rep": 3.166150674971391e-09, "hidden_excluded_loss_s5_6d_rep": 1.51312231789989e-06, "hidden_restricted_loss_s5_6d_rep": 4.787491739940158, "percent_logits_explained": 0.8343941569328308, "total_logit_excluded_loss": 8.06629103074086, "total_logit_restricted_loss": 6.596901214062041e-07, "total_hidden_excluded_loss": 8.072895394689526, "total_hidden_restricted_loss": 6.924831326317705e-07, "test_loss_restricted_loss_ratio": 4.303907553376419, "sum_of_squared_weights": 4991.8173828125, "percent_hidden_explained": 0.8816443085670471, "percent_hidden_xy_explained": 0.13116136193275452, "percent_x_embed_explained": 1.0, "percent_y_embed_explained": 1.0, "percent_unembed_explained": 0.9477503299713135, "epoch": 250000.0}