{"train_loss": 1.3601238444800184e-07, "test_loss": 2.4130872943325654e-07, "train_acc": 1.0, "test_acc": 1.0, "all_loss": 1.78130921188045e-07, "logit_trivial_rep_trace_similarity": -6.730260793119669e-11, "logit_excluded_loss_trivial_rep": 1.3601238533746463e-07, "logit_restricted_loss_trivial_rep": 4.787491742782046, "logit_sign_rep_trace_similarity": 0.4590838551521301, "logit_excluded_loss_sign_rep": 0.0001430377951159793, "logit_restricted_loss_sign_rep": 4.094448997967945, "logit_standard_rep_trace_similarity": 6.451573426602408e-06, "logit_excluded_loss_standard_rep": 1.3604156839506182e-07, "logit_restricted_loss_standard_rep": 4.7872340976385805, "logit_standard_sign_rep_trace_similarity": 0.7237828969955444, "logit_excluded_loss_standard_sign_rep": 10.062638202550927, "logit_restricted_loss_standard_sign_rep": 1.540134313028056e-08, "logit_s5_5d_a_rep_trace_similarity": -2.9056682251393795e-06, "logit_excluded_loss_s5_5d_a_rep": 1.359894865554086e-07, "logit_restricted_loss_s5_5d_a_rep": 4.787636792575617, "logit_s5_5d_b_rep_trace_similarity": 5.756905011367053e-05, "logit_excluded_loss_s5_5d_b_rep": 1.3645062619872698e-07, "logit_restricted_loss_s5_5d_b_rep": 4.784618092392005, "logit_s5_6d_rep_trace_similarity": 2.176959242206067e-06, "logit_excluded_loss_s5_6d_rep": 1.360305689414093e-07, "logit_restricted_loss_s5_6d_rep": 4.787361335869883, "percent_logits_explained": 0.734619677066803, "total_logit_excluded_loss": 12.87364023073028, "total_logit_restricted_loss": 7.69937988731868e-09, "epoch": 50000.0}