{"train_loss": 1.3601238444800184e-07, "test_loss": 2.4130872943325654e-07, "train_acc": 1.0, "test_acc": 1.0, "all_loss": 1.78130921188045e-07, "percent_x_embed_trivial_rep": 7.785010893712752e-06, "percent_y_embed_trivial_rep": 7.785010893712752e-06, "percent_unembed_trivial_rep": 1.5670474340367946e-07, "percent_hidden_x_trivial_rep": 2.9761142958687967e-14, "percent_hidden_y_trivial_rep": 2.9761142958687967e-14, "percent_hidden_xy_trivial_rep": 2.9761142958687967e-14, "total_percent_hidden_trivial_rep": 8.928342548793211e-14, "hidden_excluded_loss_trivial_rep": 9.521056461891344e-07, "hidden_restricted_loss_trivial_rep": 5.185908903766527, "logit_sign_rep_trace_similarity": 0.4590838551521301, "logit_excluded_loss_sign_rep": 0.0001430377951159793, "logit_restricted_loss_sign_rep": 4.094448997967945, "percent_x_embed_sign_rep": 0.07079508155584335, "percent_y_embed_sign_rep": 0.07079508155584335, "percent_unembed_sign_rep": 0.05073142424225807, "percent_hidden_x_sign_rep": 0.029926137998700142, "percent_hidden_y_sign_rep": 0.030179597437381744, "percent_hidden_xy_sign_rep": 0.024552037939429283, "total_percent_hidden_sign_rep": 0.08465777337551117, "hidden_excluded_loss_sign_rep": 0.0021928006482026747, "hidden_restricted_loss_sign_rep": 4.096386146044874, "logit_standard_rep_trace_similarity": 6.451573426602408e-06, "logit_excluded_loss_standard_rep": 1.3604156839506182e-07, "logit_restricted_loss_standard_rep": 4.7872340976385805, "percent_x_embed_standard_rep": 0.0001331199164269492, "percent_y_embed_standard_rep": 0.0001331199164269492, "percent_unembed_standard_rep": 0.0002570772194303572, "percent_hidden_x_standard_rep": 0.007943391799926758, "percent_hidden_y_standard_rep": 0.012130294926464558, "percent_hidden_xy_standard_rep": 0.000629447225946933, "total_percent_hidden_standard_rep": 0.020703133195638657, "hidden_excluded_loss_standard_rep": 1.3488868761477263e-06, "hidden_restricted_loss_standard_rep": 4.79507641202144, "logit_standard_sign_rep_trace_similarity": 0.7237828969955444, "logit_excluded_loss_standard_sign_rep": 10.062638202550927, "logit_restricted_loss_standard_sign_rep": 1.540134313028056e-08, "percent_x_embed_standard_sign_rep": 0.9261156320571899, "percent_y_embed_standard_sign_rep": 0.9261156320571899, "percent_unembed_standard_sign_rep": 0.9484868049621582, "percent_hidden_x_standard_sign_rep": 0.32356181740760803, "percent_hidden_y_standard_sign_rep": 0.34909263253211975, "percent_hidden_xy_standard_sign_rep": 0.0512082614004612, "total_percent_hidden_standard_sign_rep": 0.7238627076148987, "hidden_excluded_loss_standard_sign_rep": 9.395241297033593, "hidden_restricted_loss_standard_sign_rep": 3.345460491285207e-06, "logit_s5_5d_a_rep_trace_similarity": -2.9056682251393795e-06, "logit_excluded_loss_s5_5d_a_rep": 1.359894865554086e-07, "logit_restricted_loss_s5_5d_a_rep": 4.787636792575617, "percent_x_embed_s5_5d_a_rep": 0.0007457872270606458, "percent_y_embed_s5_5d_a_rep": 0.0007457872270606458, "percent_unembed_s5_5d_a_rep": 0.00011994107626378536, "percent_hidden_x_s5_5d_a_rep": 5.832197712152265e-05, "percent_hidden_y_s5_5d_a_rep": 8.999669807963073e-05, "percent_hidden_xy_s5_5d_a_rep": 4.4563435949385166e-05, "total_percent_hidden_s5_5d_a_rep": 0.00019288211478851736, "hidden_excluded_loss_s5_5d_a_rep": 1.307996055740803e-06, "hidden_restricted_loss_s5_5d_a_rep": 4.7883180546532635, "logit_s5_5d_b_rep_trace_similarity": 5.756905011367053e-05, "logit_excluded_loss_s5_5d_b_rep": 1.3645062619872698e-07, "logit_restricted_loss_s5_5d_b_rep": 4.784618092392005, "percent_x_embed_s5_5d_b_rep": 0.00046466331696137786, "percent_y_embed_s5_5d_b_rep": 0.00046466331696137786, "percent_unembed_s5_5d_b_rep": 0.00015961348253767937, "percent_hidden_x_s5_5d_b_rep": 0.006912333890795708, "percent_hidden_y_s5_5d_b_rep": 0.009760549291968346, "percent_hidden_xy_s5_5d_b_rep": 0.0008393795578740537, "total_percent_hidden_s5_5d_b_rep": 0.017512261867523193, "hidden_excluded_loss_s5_5d_b_rep": 1.3322777203922322e-06, "hidden_restricted_loss_s5_5d_b_rep": 4.794476101482734, "logit_s5_6d_rep_trace_similarity": 2.176959242206067e-06, "logit_excluded_loss_s5_6d_rep": 1.360305689414093e-07, "logit_restricted_loss_s5_6d_rep": 4.787361335869883, "percent_x_embed_s5_6d_rep": 0.001737996470183134, "percent_y_embed_s5_6d_rep": 0.001737996470183134, "percent_unembed_s5_6d_rep": 0.00024500390281900764, "percent_hidden_x_s5_6d_rep": 0.000422801123932004, "percent_hidden_y_s5_6d_rep": 0.0023952401243150234, "percent_hidden_xy_s5_6d_rep": 2.1746684069512412e-05, "total_percent_hidden_s5_6d_rep": 0.0028397878631949425, "hidden_excluded_loss_s5_6d_rep": 1.3093541245564343e-06, "hidden_restricted_loss_s5_6d_rep": 4.787807682886026, "percent_logits_explained": 0.734619677066803, "total_logit_excluded_loss": 12.87364023073028, "total_logit_restricted_loss": 7.69937988731868e-09, "total_hidden_excluded_loss": 12.658065167705448, "total_hidden_restricted_loss": 1.5962277993343658e-08, "test_loss_restricted_loss_ratio": 15.117436842904462, "sum_of_squared_weights": 0.0, "percent_hidden_explained": 0.808520495891571, "percent_hidden_xy_explained": 0.07576029747724533, "percent_x_embed_explained": 0.9969106912612915, "percent_y_embed_explained": 0.9969106912612915, "percent_unembed_explained": 0.999218225479126, "epoch": 50000.0}