{"train_loss": 9.235491126145411e-07, "test_loss": 5.08846079704794e-06, "train_acc": 1.0, "test_acc": 1.0, "all_loss": 3.0060063900056702e-06, "logit_trivial_rep_trace_similarity": -7.808193913660944e-08, "logit_excluded_loss_trivial_rep": 9.235494962421219e-07, "logit_restricted_loss_trivial_rep": 4.0943445622221, "percent_x_embed_trivial_rep": 6.613664993437851e-08, "percent_y_embed_trivial_rep": 1.622580612092861e-07, "percent_unembed_trivial_rep": 0.042361777275800705, "percent_hidden_trivial_rep": 0.3131547272205353, "embed_excluded_loss_trivial_rep": 3.0063989880025926e-06, "embed_restricted_loss_trivial_rep": 4.094344992004181, "logit_standard_rep_trace_similarity": 0.5463775396347046, "logit_excluded_loss_standard_rep": 0.813155541859113, "logit_restricted_loss_standard_rep": 0.0016662331654811887, "percent_x_embed_standard_rep": 0.635675311088562, "percent_y_embed_standard_rep": 0.6346890926361084, "percent_unembed_standard_rep": 0.41218000650405884, "percent_hidden_standard_rep": 0.05072886124253273, "embed_excluded_loss_standard_rep": 1.3184041276802363, "embed_restricted_loss_standard_rep": 0.07519491360020072, "logit_a5_5d_a_rep_trace_similarity": 0.0027069905772805214, "logit_excluded_loss_a5_5d_a_rep": 1.0041981416579584e-06, "logit_restricted_loss_a5_5d_a_rep": 4.016631736879693, "percent_x_embed_a5_5d_a_rep": 4.881530003331136e-06, "percent_y_embed_a5_5d_a_rep": 3.2751329399616225e-06, "percent_unembed_a5_5d_a_rep": 0.008346309885382652, "percent_hidden_a5_5d_a_rep": 0.00027295961626805365, "embed_excluded_loss_a5_5d_a_rep": 3.0042809632990215e-06, "embed_restricted_loss_a5_5d_a_rep": 4.09438308743736, "logit_a5_3d_a_rep_trace_similarity": 0.2307642549276352, "logit_excluded_loss_a5_3d_a_rep": 8.790258769228976e-05, "logit_restricted_loss_a5_3d_a_rep": 1.1975602931821188, "percent_x_embed_a5_3d_a_rep": 0.15342693030834198, "percent_y_embed_a5_3d_a_rep": 0.15483316779136658, "percent_unembed_a5_3d_a_rep": 0.24169307947158813, "percent_hidden_a5_3d_a_rep": 0.013707471080124378, "embed_excluded_loss_a5_3d_a_rep": 0.0039717576099181, "embed_restricted_loss_a5_3d_a_rep": 2.6860577084497033, "logit_a5_3d_b_rep_trace_similarity": 0.294605016708374, "logit_excluded_loss_a5_3d_b_rep": 0.00034778528638385167, "logit_restricted_loss_a5_3d_b_rep": 0.8138439629961054, "percent_x_embed_a5_3d_b_rep": 0.2007584422826767, "percent_y_embed_a5_3d_b_rep": 0.20131975412368774, "percent_unembed_a5_3d_b_rep": 0.2755633592605591, "percent_hidden_a5_3d_b_rep": 0.017967909574508667, "embed_excluded_loss_a5_3d_b_rep": 0.010095976954471403, "embed_restricted_loss_a5_3d_b_rep": 2.841925792620425, "percent_logits_explained": 0.4385799765586853, "total_logit_excluded_loss": 9.376693513545927, "total_logit_restricted_loss": 1.778948784366053e-07, "total_embed_restricted_loss": 0.00014218298106215426, "total_embed_excluded_loss": 4.25223201236316, "test_loss_restricted_loss_ratio": 0.035788114435605735, "sum_of_squared_weights": 3110.874267578125, "epoch": 250000.0}