{"train_loss": 9.235491126145411e-07, "test_loss": 5.08846079704794e-06, "train_acc": 1.0, "test_acc": 1.0, "all_loss": 3.0060063900056702e-06, "percent_x_embed_trivial_rep": 6.613664993437851e-08, "percent_y_embed_trivial_rep": 1.622580612092861e-07, "percent_unembed_trivial_rep": 0.042361777275800705, "percent_hidden_x_trivial_rep": 2.7060695196689903e-15, "percent_hidden_y_trivial_rep": 2.7060695196689903e-15, "percent_hidden_xy_trivial_rep": 2.7060695196689903e-15, "total_percent_hidden_trivial_rep": 8.118208559006971e-15, "hidden_excluded_loss_trivial_rep": 9.527575017744535e-07, "hidden_restricted_loss_trivial_rep": 4.112962172833469, "logit_standard_rep_trace_similarity": 0.5463775396347046, "logit_excluded_loss_standard_rep": 0.813155541859113, "logit_restricted_loss_standard_rep": 0.0016662331654811887, "percent_x_embed_standard_rep": 0.635675311088562, "percent_y_embed_standard_rep": 0.6346890926361084, "percent_unembed_standard_rep": 0.41218000650405884, "percent_hidden_x_standard_rep": 0.24856670200824738, "percent_hidden_y_standard_rep": 0.23730233311653137, "percent_hidden_xy_standard_rep": 0.07385776191949844, "total_percent_hidden_standard_rep": 0.5597268342971802, "hidden_excluded_loss_standard_rep": 0.8175548559371998, "hidden_restricted_loss_standard_rep": 0.0018493379824749496, "logit_a5_5d_a_rep_trace_similarity": 0.0027069905772805214, "logit_excluded_loss_a5_5d_a_rep": 1.0041981416579584e-06, "logit_restricted_loss_a5_5d_a_rep": 4.016631736879693, "percent_x_embed_a5_5d_a_rep": 4.881530003331136e-06, "percent_y_embed_a5_5d_a_rep": 3.2751329399616225e-06, "percent_unembed_a5_5d_a_rep": 0.008346309885382652, "percent_hidden_x_a5_5d_a_rep": 0.0013723302399739623, "percent_hidden_y_a5_5d_a_rep": 0.001402851426973939, "percent_hidden_xy_a5_5d_a_rep": 0.000397410592995584, "total_percent_hidden_a5_5d_a_rep": 0.0031725922599434853, "hidden_excluded_loss_a5_5d_a_rep": 1.0122620548614709e-06, "hidden_restricted_loss_a5_5d_a_rep": 4.023198365994788, "logit_a5_3d_a_rep_trace_similarity": 0.2307642549276352, "logit_excluded_loss_a5_3d_a_rep": 8.790258769228976e-05, "logit_restricted_loss_a5_3d_a_rep": 1.1975602931821188, "percent_x_embed_a5_3d_a_rep": 0.15342693030834198, "percent_y_embed_a5_3d_a_rep": 0.15483316779136658, "percent_unembed_a5_3d_a_rep": 0.24169307947158813, "percent_hidden_x_a5_3d_a_rep": 0.05568225681781769, "percent_hidden_y_a5_3d_a_rep": 0.056370921432971954, "percent_hidden_xy_a5_3d_a_rep": 0.013445626012980938, "total_percent_hidden_a5_3d_a_rep": 0.12549880146980286, "hidden_excluded_loss_a5_3d_a_rep": 9.449080328643785e-05, "hidden_restricted_loss_a5_3d_a_rep": 1.3061895204595477, "logit_a5_3d_b_rep_trace_similarity": 0.294605016708374, "logit_excluded_loss_a5_3d_b_rep": 0.00034778528638385167, "logit_restricted_loss_a5_3d_b_rep": 0.8138439629961054, "percent_x_embed_a5_3d_b_rep": 0.2007584422826767, "percent_y_embed_a5_3d_b_rep": 0.20131975412368774, "percent_unembed_a5_3d_b_rep": 0.2755633592605591, "percent_hidden_x_a5_3d_b_rep": 0.07312030345201492, "percent_hidden_y_a5_3d_b_rep": 0.07386914640665054, "percent_hidden_xy_a5_3d_b_rep": 0.018927477300167084, "total_percent_hidden_a5_3d_b_rep": 0.16591691970825195, "hidden_excluded_loss_a5_3d_b_rep": 0.00036299287877922877, "hidden_restricted_loss_a5_3d_b_rep": 0.9264040048865547, "percent_logits_explained": 0.4385799765586853, "total_logit_excluded_loss": 9.376693513545927, "total_logit_restricted_loss": 1.778948784366053e-07, "total_hidden_excluded_loss": 9.452835409229515, "total_hidden_restricted_loss": 3.959328335425208e-07, "test_loss_restricted_loss_ratio": 12.85182830511951, "sum_of_squared_weights": 3110.874267578125, "percent_hidden_explained": 0.8511425256729126, "percent_x_embed_explained": 0.9898607134819031, "percent_y_embed_explained": 0.9908420443534851, "percent_unembed_explained": 0.929436445236206, "epoch": 250000.0}