{"train_loss": 9.326631709852235e-08, "test_loss": 1.7390603394300624e-07, "train_acc": 1.0, "test_acc": 1.0, "all_loss": 1.4971527826706524e-07, "logit_trivial_rep_trace_similarity": -1.1550582712516189e-10, "logit_excluded_loss_trivial_rep": 9.326632048926037e-08, "logit_restricted_loss_trivial_rep": 4.770684624465665, "logit_sign_rep_trace_similarity": 1.2832379070459865e-07, "logit_excluded_loss_sign_rep": 9.326672376978656e-08, "logit_restricted_loss_sign_rep": 4.77068249219399, "logit_freq_1_rep_trace_similarity": -4.650246410164982e-08, "logit_excluded_loss_freq_1_rep": 9.326635079326813e-08, "logit_restricted_loss_freq_1_rep": 4.77068571723101, "logit_freq_2_rep_trace_similarity": -1.0271289738739142e-06, "logit_excluded_loss_freq_2_rep": 9.326496127787384e-08, "logit_restricted_loss_freq_2_rep": 4.770708761196397, "logit_freq_3_rep_trace_similarity": 1.33437970362138e-06, "logit_excluded_loss_freq_3_rep": 9.326837899100044e-08, "logit_restricted_loss_freq_3_rep": 4.770653268018987, "logit_freq_4_rep_trace_similarity": 0.4864732623100281, "logit_excluded_loss_freq_4_rep": 0.013490400972091875, "logit_restricted_loss_freq_4_rep": 2.6450161914654124, "logit_freq_5_rep_trace_similarity": -2.917677193181589e-07, "logit_excluded_loss_freq_5_rep": 9.326579643317892e-08, "logit_restricted_loss_freq_5_rep": 4.770691480750067, "logit_freq_6_rep_trace_similarity": 3.7191684896242805e-06, "logit_excluded_loss_freq_6_rep": 9.327599721195191e-08, "logit_restricted_loss_freq_6_rep": 4.770597229340699, "logit_freq_7_rep_trace_similarity": -2.207850047852844e-05, "logit_excluded_loss_freq_7_rep": 9.323502597589155e-08, "logit_restricted_loss_freq_7_rep": 4.771203516199861, "logit_freq_8_rep_trace_similarity": 3.213142917957157e-05, "logit_excluded_loss_freq_8_rep": 9.333354469378671e-08, "logit_restricted_loss_freq_8_rep": 4.769929707989312, "logit_freq_9_rep_trace_similarity": -2.816364030877594e-07, "logit_excluded_loss_freq_9_rep": 9.326564507633705e-08, "logit_restricted_loss_freq_9_rep": 4.770691242672199, "logit_freq_10_rep_trace_similarity": -5.786414476460777e-07, "logit_excluded_loss_freq_10_rep": 9.326447033800002e-08, "logit_restricted_loss_freq_10_rep": 4.7706982220524505, "logit_freq_11_rep_trace_similarity": 1.3009016583964694e-06, "logit_excluded_loss_freq_11_rep": 9.326920911951368e-08, "logit_restricted_loss_freq_11_rep": 4.770654054708809, "logit_freq_12_rep_trace_similarity": 0.000469130405690521, "logit_excluded_loss_freq_12_rep": 9.425147449047632e-08, "logit_restricted_loss_freq_12_rep": 4.759690874774785, "logit_freq_13_rep_trace_similarity": 1.9414903817960294e-06, "logit_excluded_loss_freq_13_rep": 9.327235323353222e-08, "logit_restricted_loss_freq_13_rep": 4.77063900175229, "logit_freq_14_rep_trace_similarity": -7.866988198657054e-06, "logit_excluded_loss_freq_14_rep": 9.324748260282476e-08, "logit_restricted_loss_freq_14_rep": 4.770869499988384, "logit_freq_15_rep_trace_similarity": 2.1446539903990924e-06, "logit_excluded_loss_freq_15_rep": 9.327182954799361e-08, "logit_restricted_loss_freq_15_rep": 4.770634227707287, "logit_freq_16_rep_trace_similarity": 9.82497658696957e-06, "logit_excluded_loss_freq_16_rep": 9.328634755187551e-08, "logit_restricted_loss_freq_16_rep": 4.770453759898664, "logit_freq_17_rep_trace_similarity": 6.348013812385034e-07, "logit_excluded_loss_freq_17_rep": 9.326810601831642e-08, "logit_restricted_loss_freq_17_rep": 4.770669707273869, "logit_freq_18_rep_trace_similarity": 7.525250111939386e-08, "logit_excluded_loss_freq_18_rep": 9.326633259629789e-08, "logit_restricted_loss_freq_18_rep": 4.770682856102032, "logit_freq_19_rep_trace_similarity": -5.7563098380342126e-05, "logit_excluded_loss_freq_19_rep": 9.316464042174205e-08, "logit_restricted_loss_freq_19_rep": 4.772037761700637, "logit_freq_20_rep_trace_similarity": -4.056226771353977e-06, "logit_excluded_loss_freq_20_rep": 9.325564725343795e-08, "logit_restricted_loss_freq_20_rep": 4.77077994432842, "logit_freq_21_rep_trace_similarity": -7.212570380943362e-06, "logit_excluded_loss_freq_21_rep": 9.325341671321529e-08, "logit_restricted_loss_freq_21_rep": 4.770854120394181, "logit_freq_22_rep_trace_similarity": 5.643523763865232e-07, "logit_excluded_loss_freq_22_rep": 9.326765141088941e-08, "logit_restricted_loss_freq_22_rep": 4.770671362749103, "logit_freq_23_rep_trace_similarity": -3.194218152202666e-07, "logit_excluded_loss_freq_23_rep": 9.326589059512172e-08, "logit_restricted_loss_freq_23_rep": 4.770692130598186, "logit_freq_24_rep_trace_similarity": 5.319966476236004e-07, "logit_excluded_loss_freq_24_rep": 9.3267672862828e-08, "logit_restricted_loss_freq_24_rep": 4.770672123073538, "logit_freq_25_rep_trace_similarity": 7.12902874511201e-08, "logit_excluded_loss_freq_25_rep": 9.326632926249225e-08, "logit_restricted_loss_freq_25_rep": 4.770682949210208, "logit_freq_26_rep_trace_similarity": -0.0001665654417593032, "logit_excluded_loss_freq_26_rep": 9.292846027965531e-08, "logit_restricted_loss_freq_26_rep": 4.774602589136246, "logit_freq_27_rep_trace_similarity": 2.0094314550078707e-06, "logit_excluded_loss_freq_27_rep": 9.32709588145513e-08, "logit_restricted_loss_freq_27_rep": 4.770637405233244, "logit_freq_28_rep_trace_similarity": 5.759775376645848e-07, "logit_excluded_loss_freq_28_rep": 9.326790598033808e-08, "logit_restricted_loss_freq_28_rep": 4.770671089569668, "logit_freq_29_rep_trace_similarity": 1.1784325124608586e-06, "logit_excluded_loss_freq_29_rep": 9.327005744768339e-08, "logit_restricted_loss_freq_29_rep": 4.770656932579158, "logit_freq_30_rep_trace_similarity": -4.844450813834555e-07, "logit_excluded_loss_freq_30_rep": 9.326537297976746e-08, "logit_restricted_loss_freq_30_rep": 4.770696008510413, "logit_freq_31_rep_trace_similarity": -1.3553744793171063e-07, "logit_excluded_loss_freq_31_rep": 9.326582918142888e-08, "logit_restricted_loss_freq_31_rep": 4.770687809473173, "logit_freq_32_rep_trace_similarity": 1.1921083569177426e-06, "logit_excluded_loss_freq_32_rep": 9.326992094092756e-08, "logit_restricted_loss_freq_32_rep": 4.770656611213819, "logit_freq_33_rep_trace_similarity": -6.40844746158109e-07, "logit_excluded_loss_freq_33_rep": 9.326419948907178e-08, "logit_restricted_loss_freq_33_rep": 4.770699683782838, "logit_freq_34_rep_trace_similarity": -6.211430445546284e-07, "logit_excluded_loss_freq_34_rep": 9.326457845791647e-08, "logit_restricted_loss_freq_34_rep": 4.770699220808317, "logit_freq_35_rep_trace_similarity": 1.6343510651495308e-06, "logit_excluded_loss_freq_35_rep": 9.327083083276936e-08, "logit_restricted_loss_freq_35_rep": 4.770646219092327, "logit_freq_36_rep_trace_similarity": 2.686740572244162e-07, "logit_excluded_loss_freq_36_rep": 9.326747492994671e-08, "logit_restricted_loss_freq_36_rep": 4.770678310883023, "logit_freq_37_rep_trace_similarity": 3.0204682843759656e-07, "logit_excluded_loss_freq_37_rep": 9.326717527300176e-08, "logit_restricted_loss_freq_37_rep": 4.770677526656098, "logit_freq_38_rep_trace_similarity": 1.3995977496961132e-06, "logit_excluded_loss_freq_38_rep": 9.327012655603142e-08, "logit_restricted_loss_freq_38_rep": 4.770651735479622, "logit_freq_39_rep_trace_similarity": -3.1865979508438613e-06, "logit_excluded_loss_freq_39_rep": 9.3257925601636e-08, "logit_restricted_loss_freq_39_rep": 4.770759507985995, "logit_freq_40_rep_trace_similarity": 1.3564440450863913e-06, "logit_excluded_loss_freq_40_rep": 9.327039438573513e-08, "logit_restricted_loss_freq_40_rep": 4.770652749535309, "logit_freq_41_rep_trace_similarity": 5.2938353292120155e-06, "logit_excluded_loss_freq_41_rep": 9.32801059545892e-08, "logit_restricted_loss_freq_41_rep": 4.770560228085771, "logit_freq_42_rep_trace_similarity": -2.1366027795011178e-05, "logit_excluded_loss_freq_42_rep": 9.323893766523775e-08, "logit_restricted_loss_freq_42_rep": 4.771186769422333, "logit_freq_43_rep_trace_similarity": -7.112257662811317e-07, "logit_excluded_loss_freq_43_rep": 9.326456578628384e-08,