{"train_loss": 2.1543010471806242e-06, "test_loss": 3.967833499626307e-05, "train_acc": 1.0, "test_acc": 1.0, "all_loss": 2.4668721219309238e-05, "percent_x_embed_trivial_rep": 1.495548349339515e-05, "percent_y_embed_trivial_rep": 2.6116018148059084e-07, "percent_unembed_trivial_rep": 0.04684272035956383, "percent_hidden_x_trivial_rep": 3.2904619021769657e-15, "percent_hidden_y_trivial_rep": 3.2904619021769657e-15, "percent_hidden_xy_trivial_rep": 3.2904619021769657e-15, "total_percent_hidden_trivial_rep": 9.87138549477266e-15, "hidden_excluded_loss_trivial_rep": 2.374003609816784e-06, "hidden_restricted_loss_trivial_rep": 4.8358578922538475, "logit_sign_rep_trace_similarity": -0.0009428662015125155, "logit_excluded_loss_sign_rep": 2.140075390135587e-06, "logit_restricted_loss_sign_rep": 4.793510272081053, "percent_x_embed_sign_rep": 0.00017748794925864786, "percent_y_embed_sign_rep": 1.3780552762909792e-05, "percent_unembed_sign_rep": 0.0021272203885018826, "percent_hidden_x_sign_rep": 6.948832742637023e-05, "percent_hidden_y_sign_rep": 6.122546892584069e-06, "percent_hidden_xy_sign_rep": 3.0057499316171743e-05, "total_percent_hidden_sign_rep": 0.00010566836863290519, "hidden_excluded_loss_sign_rep": 2.1395899936314053e-06, "hidden_restricted_loss_sign_rep": 4.793713236045571, "logit_standard_rep_trace_similarity": 0.46226054430007935, "logit_excluded_loss_standard_rep": 0.26780626754342596, "logit_restricted_loss_standard_rep": 0.03067240373937694, "percent_x_embed_standard_rep": 0.509853184223175, "percent_y_embed_standard_rep": 0.5138401985168457, "percent_unembed_standard_rep": 0.3184346556663513, "percent_hidden_x_standard_rep": 0.19743867218494415, "percent_hidden_y_standard_rep": 0.20032791793346405, "percent_hidden_xy_standard_rep": 0.05651309713721275, "total_percent_hidden_standard_rep": 0.45427969098091125, "hidden_excluded_loss_standard_rep": 0.2915477647398917, "hidden_restricted_loss_standard_rep": 0.6384104987973145, "logit_standard_sign_rep_trace_similarity": 0.22225970029830933, "logit_excluded_loss_standard_sign_rep": 0.002724943832165567, "logit_restricted_loss_standard_sign_rep": 0.561760117548529, "percent_x_embed_standard_sign_rep": 0.20478439331054688, "percent_y_embed_standard_sign_rep": 0.20530743896961212, "percent_unembed_standard_sign_rep": 0.25189369916915894, "percent_hidden_x_standard_sign_rep": 0.07758226245641708, "percent_hidden_y_standard_sign_rep": 0.07824095338582993, "percent_hidden_xy_standard_sign_rep": 0.017144067212939262, "total_percent_hidden_standard_sign_rep": 0.17296728491783142, "hidden_excluded_loss_standard_sign_rep": 0.0036621913037108997, "hidden_restricted_loss_standard_sign_rep": 0.6040981836632997, "logit_s5_5d_a_rep_trace_similarity": 0.21275457739830017, "logit_excluded_loss_s5_5d_a_rep": 0.004242154828361227, "logit_restricted_loss_s5_5d_a_rep": 0.21703161785231126, "percent_x_embed_s5_5d_a_rep": 0.2525024712085724, "percent_y_embed_s5_5d_a_rep": 0.25050121545791626, "percent_unembed_s5_5d_a_rep": 0.2656238079071045, "percent_hidden_x_s5_5d_a_rep": 0.1040291041135788, "percent_hidden_y_s5_5d_a_rep": 0.10023798048496246, "percent_hidden_xy_s5_5d_a_rep": 0.0233088918030262, "total_percent_hidden_s5_5d_a_rep": 0.22757597267627716, "hidden_excluded_loss_s5_5d_a_rep": 0.005662653912366532, "hidden_restricted_loss_s5_5d_a_rep": 0.6159446963579145, "logit_s5_5d_b_rep_trace_similarity": 0.03842858970165253, "logit_excluded_loss_s5_5d_b_rep": 7.767418118552256e-06, "logit_restricted_loss_s5_5d_b_rep": 3.5975950136234838, "percent_x_embed_s5_5d_b_rep": 0.03174233436584473, "percent_y_embed_s5_5d_b_rep": 0.030298255383968353, "percent_unembed_s5_5d_b_rep": 0.10609517246484756, "percent_hidden_x_s5_5d_b_rep": 0.011868049390614033, "percent_hidden_y_s5_5d_b_rep": 0.011536996811628342, "percent_hidden_xy_s5_5d_b_rep": 0.001947941374965012, "total_percent_hidden_s5_5d_b_rep": 0.02535298652946949, "hidden_excluded_loss_s5_5d_b_rep": 9.526976188281997e-06, "hidden_restricted_loss_s5_5d_b_rep": 3.664978085915067, "logit_s5_6d_rep_trace_similarity": 1.3540120562538505e-06, "logit_excluded_loss_s5_6d_rep": 2.1544174865999502e-06, "logit_restricted_loss_s5_6d_rep": 4.7874400401371995, "percent_x_embed_s5_6d_rep": 0.0009251165902242064, "percent_y_embed_s5_6d_rep": 3.8844307709950954e-05, "percent_unembed_s5_6d_rep": 0.008982722647488117, "percent_hidden_x_s5_6d_rep": 0.0003840145072899759, "percent_hidden_y_s5_6d_rep": 2.0728584786411375e-05, "percent_hidden_xy_s5_6d_rep": 4.068479952934467e-08, "total_percent_hidden_s5_6d_rep": 0.0004047837865073234, "hidden_excluded_loss_s5_6d_rep": 2.154531507686976e-06, "hidden_restricted_loss_s5_6d_rep": 4.787441016861067, "percent_logits_explained": 0.3098263442516327, "total_logit_excluded_loss": 11.598951228799471, "total_logit_restricted_loss": 5.047041166692689e-09, "total_hidden_excluded_loss": 11.295484535559126, "total_hidden_restricted_loss": 6.84005896699652e-08, "test_loss_restricted_loss_ratio": 580.0876160236654, "sum_of_squared_weights": 6334.0849609375, "percent_hidden_explained": 0.8801759481430054, "percent_hidden_xy_explained": 0.0989139974117279, "percent_x_embed_explained": 0.9988824129104614, "percent_y_embed_explained": 0.9999470710754395, "percent_unembed_explained": 0.9420473575592041, "epoch": 250000.0}