{"train_loss": 1.252823053022809e-07, "test_loss": 4.019513136833152e-06, "train_acc": 1.0, "test_acc": 1.0, "all_loss": 2.851294536372012e-06, "logit_trivial_rep_trace_similarity": 9.276845958083868e-11, "logit_excluded_loss_trivial_rep": 1.2528230529685865e-07, "logit_restricted_loss_trivial_rep": 4.770684624465665, "logit_sign_rep_trace_similarity": 2.9138464014977217e-06, "logit_excluded_loss_sign_rep": 1.2529668351671781e-07, "logit_restricted_loss_sign_rep": 4.770566494535843, "logit_freq_1_rep_trace_similarity": 0.5369184017181396, "logit_excluded_loss_freq_1_rep": 26.394691012721097, "logit_restricted_loss_freq_1_rep": 1.2747011573025198, "logit_freq_2_rep_trace_similarity": 0.00011462380643934011, "logit_excluded_loss_freq_2_rep": 1.2635517089221154e-07, "logit_restricted_loss_freq_2_rep": 4.761400970689417, "logit_freq_3_rep_trace_similarity": 7.763155736029148e-05, "logit_excluded_loss_freq_3_rep": 1.2623615078108908e-07, "logit_restricted_loss_freq_3_rep": 4.764394700389683, "logit_freq_4_rep_trace_similarity": 5.691955266229343e-06, "logit_excluded_loss_freq_4_rep": 1.253583225994751e-07, "logit_restricted_loss_freq_4_rep": 4.77022310991886, "logit_freq_5_rep_trace_similarity": 2.6320367396692745e-06, "logit_excluded_loss_freq_5_rep": 1.2531533239325905e-07, "logit_restricted_loss_freq_5_rep": 4.77047120731805, "logit_freq_6_rep_trace_similarity": 1.6636295185890049e-06, "logit_excluded_loss_freq_6_rep": 1.2530013590844662e-07, "logit_restricted_loss_freq_6_rep": 4.770549728725828, "logit_freq_7_rep_trace_similarity": 1.661746864556335e-06, "logit_excluded_loss_freq_7_rep": 1.2529753021715585e-07, "logit_restricted_loss_freq_7_rep": 4.770549881384412, "logit_freq_8_rep_trace_similarity": -2.8196700441185385e-07, "logit_excluded_loss_freq_8_rep": 1.252797875108113e-07, "logit_restricted_loss_freq_8_rep": 4.770707488269145, "logit_freq_9_rep_trace_similarity": -9.784453141037375e-07, "logit_excluded_loss_freq_9_rep": 1.252719004518525e-07, "logit_restricted_loss_freq_9_rep": 4.770763964033201, "logit_freq_10_rep_trace_similarity": -1.675428393355105e-05, "logit_excluded_loss_freq_10_rep": 1.2506569817832707e-07, "logit_restricted_loss_freq_10_rep": 4.772043402652323, "logit_freq_11_rep_trace_similarity": -3.089085112151224e-07, "logit_excluded_loss_freq_11_rep": 1.2527854810592178e-07, "logit_restricted_loss_freq_11_rep": 4.770709672875786, "logit_freq_12_rep_trace_similarity": 2.6255402190145105e-06, "logit_excluded_loss_freq_12_rep": 1.253127274608453e-07, "logit_restricted_loss_freq_12_rep": 4.77047173406944, "logit_freq_13_rep_trace_similarity": 0.0005234160926192999, "logit_excluded_loss_freq_13_rep": 1.2982086820246073e-07, "logit_restricted_loss_freq_13_rep": 4.7284677737840966, "logit_freq_14_rep_trace_similarity": 2.079013574984856e-05, "logit_excluded_loss_freq_14_rep": 1.2540333408282693e-07, "logit_restricted_loss_freq_14_rep": 4.76899917885902, "logit_freq_15_rep_trace_similarity": 0.4573925733566284, "logit_excluded_loss_freq_15_rep": 19.946212646217973, "logit_restricted_loss_freq_15_rep": 1.3553661320372645, "logit_freq_16_rep_trace_similarity": -4.800363058166113e-06, "logit_excluded_loss_freq_16_rep": 1.252488993544085e-07, "logit_restricted_loss_freq_16_rep": 4.771073888392992, "logit_freq_17_rep_trace_similarity": 2.8394242690410465e-06, "logit_excluded_loss_freq_17_rep": 1.2531088903510787e-07, "logit_restricted_loss_freq_17_rep": 4.770454391897255, "logit_freq_18_rep_trace_similarity": -1.899597918963991e-07, "logit_excluded_loss_freq_18_rep": 1.2527980057147572e-07, "logit_restricted_loss_freq_18_rep": 4.770700027684814, "logit_freq_19_rep_trace_similarity": 8.967390385805629e-08, "logit_excluded_loss_freq_19_rep": 1.2528355771807804e-07, "logit_restricted_loss_freq_19_rep": 4.77067735312263, "logit_freq_20_rep_trace_similarity": 4.664472271542763e-06, "logit_excluded_loss_freq_20_rep": 1.2533924983869273e-07, "logit_restricted_loss_freq_20_rep": 4.7703064162721995, "logit_freq_21_rep_trace_similarity": -7.335074769798666e-08, "logit_excluded_loss_freq_21_rep": 1.25281169537514e-07, "logit_restricted_loss_freq_21_rep": 4.7706905722307305, "logit_freq_22_rep_trace_similarity": 2.2757460556022124e-06, "logit_excluded_loss_freq_22_rep": 1.2530245039043016e-07, "logit_restricted_loss_freq_22_rep": 4.770500096278592, "logit_freq_23_rep_trace_similarity": 0.10972754657268524, "logit_excluded_loss_freq_23_rep": 0.33494571081132657, "logit_restricted_loss_freq_23_rep": 2.0816776343020438, "logit_freq_24_rep_trace_similarity": 7.951005045470083e-07, "logit_excluded_loss_freq_24_rep": 1.2529103239751406e-07, "logit_restricted_loss_freq_24_rep": 4.770620153008494, "logit_freq_25_rep_trace_similarity": -7.645212463103235e-08, "logit_excluded_loss_freq_25_rep": 1.2528105284113916e-07, "logit_restricted_loss_freq_25_rep": 4.7706908237109475, "logit_freq_26_rep_trace_similarity": 2.577213672338985e-05, "logit_excluded_loss_freq_26_rep": 1.2562083571430672e-07, "logit_restricted_loss_freq_26_rep": 4.768595396129829, "logit_freq_27_rep_trace_similarity": -1.4862825992167927e-07, "logit_excluded_loss_freq_27_rep": 1.252802771027008e-07, "logit_restricted_loss_freq_27_rep": 4.770696676239925, "logit_freq_28_rep_trace_similarity": 4.1324974517920054e-06, "logit_excluded_loss_freq_28_rep": 1.2531420988159784e-07, "logit_restricted_loss_freq_28_rep": 4.770349548435802, "logit_freq_29_rep_trace_similarity": 0.0006743641570210457, "logit_excluded_loss_freq_29_rep": 1.2903196052843874e-07, "logit_restricted_loss_freq_29_rep": 4.71637650942105, "percent_logits_explained": 0.509530246257782, "total_logit_excluded_loss": 72.38051559767018, "total_logit_restricted_loss": 2.9676973518898508e-08, "epoch": 50000.0}