{"train_loss": 1.221752597008055e-07, "test_loss": 3.759327505356862e-06, "train_acc": 1.0, "test_acc": 1.0, "all_loss": 2.6682434271260883e-06, "percent_x_embed_trivial_rep": 2.42119549511699e-05, "percent_y_embed_trivial_rep": 2.42119549511699e-05, "percent_unembed_trivial_rep": 3.280149769580021e-07, "percent_hidden_trivial_rep": 0.3301145136356354, "hidden_excluded_loss_trivial_rep": 1.1358412720866333e-05, "hidden_restricted_loss_trivial_rep": 5.24834381358796, "logit_sign_rep_trace_similarity": 5.139736458659172e-08, "logit_excluded_loss_sign_rep": 1.2217525928956883e-07, "logit_restricted_loss_sign_rep": 4.770682548217381, "percent_x_embed_sign_rep": 5.686581425834447e-05, "percent_y_embed_sign_rep": 5.686581425834447e-05, "percent_unembed_sign_rep": 3.4688262530835345e-05, "percent_hidden_sign_rep": 1.1115317022358795e-07, "hidden_excluded_loss_sign_rep": 9.00512194428792e-06, "hidden_restricted_loss_sign_rep": 4.770931788037241, "logit_freq_1_rep_trace_similarity": 0.5399687886238098, "logit_excluded_loss_freq_1_rep": 26.539270160307726, "logit_restricted_loss_freq_1_rep": 1.2736821833722403, "percent_x_embed_freq_1_rep": 0.41219642758369446, "percent_y_embed_freq_1_rep": 0.41219642758369446, "percent_unembed_freq_1_rep": 0.3946222960948944, "percent_hidden_freq_1_rep": 0.036401230841875076, "hidden_excluded_loss_freq_1_rep": 27.173542347984167, "hidden_restricted_loss_freq_1_rep": 1.773139530231231, "logit_freq_2_rep_trace_similarity": 8.994586823973805e-05, "logit_excluded_loss_freq_2_rep": 1.2299068555496758e-07, "logit_restricted_loss_freq_2_rep": 4.763424310530541, "percent_x_embed_freq_2_rep": 0.0005653636180795729, "percent_y_embed_freq_2_rep": 0.0005653636180795729, "percent_unembed_freq_2_rep": 5.9972033341182396e-05, "percent_hidden_freq_2_rep": 0.0013787982752546668, "hidden_excluded_loss_freq_2_rep": 8.750507471857948e-06, "hidden_restricted_loss_freq_2_rep": 4.769550193440585, "logit_freq_3_rep_trace_similarity": 8.674700802657753e-05, "logit_excluded_loss_freq_3_rep": 1.2321103094411886e-07, "logit_restricted_loss_freq_3_rep": 4.7636822918585295, "percent_x_embed_freq_3_rep": 0.001120006083510816, "percent_y_embed_freq_3_rep": 0.001120006083510816, "percent_unembed_freq_3_rep": 0.00011739028559532017, "percent_hidden_freq_3_rep": 0.00023568992037326097, "hidden_excluded_loss_freq_3_rep": 9.123846089088325e-06, "hidden_restricted_loss_freq_3_rep": 4.767534245555728, "logit_freq_4_rep_trace_similarity": 3.3874730434035882e-06, "logit_excluded_loss_freq_4_rep": 1.222198370281239e-07, "logit_restricted_loss_freq_4_rep": 4.770410952816046, "percent_x_embed_freq_4_rep": 0.0001909224083647132, "percent_y_embed_freq_4_rep": 0.0001909224083647132, "percent_unembed_freq_4_rep": 3.371675848029554e-05, "percent_hidden_freq_4_rep": 6.758606468793005e-05, "hidden_excluded_loss_freq_4_rep": 8.912625894960552e-06, "hidden_restricted_loss_freq_4_rep": 4.771571738246954, "logit_freq_5_rep_trace_similarity": 1.6593821783317253e-06, "logit_excluded_loss_freq_5_rep": 1.221959520439893e-07, "logit_restricted_loss_freq_5_rep": 4.7705505617511585, "percent_x_embed_freq_5_rep": 0.00028782838489860296, "percent_y_embed_freq_5_rep": 0.00028782838489860296, "percent_unembed_freq_5_rep": 2.886343099817168e-05, "percent_hidden_freq_5_rep": 2.5254148567910306e-05, "hidden_excluded_loss_freq_5_rep": 9.193028866238537e-06, "hidden_restricted_loss_freq_5_rep": 4.771074642591133, "logit_freq_6_rep_trace_similarity": 2.44419788941741e-06, "logit_excluded_loss_freq_6_rep": 1.2220051264226533e-07, "logit_restricted_loss_freq_6_rep": 4.770487157464795, "percent_x_embed_freq_6_rep": 0.00014442508108913898, "percent_y_embed_freq_6_rep": 0.00014442508108913898, "percent_unembed_freq_6_rep": 2.1120267774676904e-05, "percent_hidden_freq_6_rep": 1.131600311055081e-05, "hidden_excluded_loss_freq_6_rep": 9.008692136664553e-06, "hidden_restricted_loss_freq_6_rep": 4.771123732490623, "logit_freq_7_rep_trace_similarity": -1.271564542548731e-07, "logit_excluded_loss_freq_7_rep": 1.2217443875567435e-07, "logit_restricted_loss_freq_7_rep": 4.770694897714422, "percent_x_embed_freq_7_rep": 0.0002839874941855669, "percent_y_embed_freq_7_rep": 0.0002839874941855669, "percent_unembed_freq_7_rep": 4.8102661821758375e-05, "percent_hidden_freq_7_rep": 5.7624092733021826e-06, "hidden_excluded_loss_freq_7_rep": 9.005356938692676e-06, "hidden_restricted_loss_freq_7_rep": 4.770853529224157, "logit_freq_8_rep_trace_similarity": -9.249197319149971e-08, "logit_excluded_loss_freq_8_rep": 1.2217443877061201e-07, "logit_restricted_loss_freq_8_rep": 4.770692097093011, "percent_x_embed_freq_8_rep": 0.000249585194978863, "percent_y_embed_freq_8_rep": 0.000249585194978863, "percent_unembed_freq_8_rep": 8.667733345646411e-05, "percent_hidden_freq_8_rep": 3.1505260267294943e-06, "hidden_excluded_loss_freq_8_rep": 9.052238078355693e-06, "hidden_restricted_loss_freq_8_rep": 4.771139442315431, "logit_freq_9_rep_trace_similarity": -2.9828352126060054e-06, "logit_excluded_loss_freq_9_rep": 1.2214290852233326e-07, "logit_restricted_loss_freq_9_rep": 4.770925621220373, "percent_x_embed_freq_9_rep": 0.00019178658840246499, "percent_y_embed_freq_9_rep": 0.00019178658840246499, "percent_unembed_freq_9_rep": 9.12001560209319e-05, "percent_hidden_freq_9_rep": 1.9203050669602817e-06, "hidden_excluded_loss_freq_9_rep": 9.035801176865979e-06, "hidden_restricted_loss_freq_9_rep": 4.771550548522431, "logit_freq_10_rep_trace_similarity": -3.242014645365998e-05, "logit_excluded_loss_freq_10_rep": 1.2176828575969462e-07, "logit_restricted_loss_freq_10_rep": 4.7733047734692535, "percent_x_embed_freq_10_rep": 0.005980506539344788, "percent_y_embed_freq_10_rep": 0.005980506539344788, "percent_unembed_freq_10_rep": 8.072788477875292e-05, "percent_hidden_freq_10_rep": 1.1306495252938475e-05, "hidden_excluded_loss_freq_10_rep": 8.693329564673359e-06, "hidden_restricted_loss_freq_10_rep": 4.795860676219413, "logit_freq_11_rep_trace_similarity": 1.8066566553898156e-07, "logit_excluded_loss_freq_11_rep": 1.221777020534872e-07, "logit_restricted_loss_freq_11_rep": 4.770670028135519, "percent_x_embed_freq_11_rep": 0.00042013751226477325, "percent_y_embed_freq_11_rep": 0.00042013751226477325, "percent_unembed_freq_11_rep": 2.8842579922638834e-05, "percent_hidden_freq_11_rep": 1.1363283647369826e-06, "hidden_excluded_loss_freq_11_rep": 9.100584604013352e-06, "hidden_restricted_loss_freq_11_rep": 4.770870683960767, "logit_freq_12_rep_trace_similarity": 2.1562500478466973e-06, "logit_excluded_loss_freq_12_rep": 1.22199730406981e-07, "logit_restricted_loss_freq_12_rep": 4.770510420297261, "percent_x_embed_freq_12_rep": 0.0006818195106461644, "percent_y_embed_freq_12_rep": 0.0006818195106461644, "percent_unembed_freq_12_rep": 2.5181943783536553e-05, "percent_hidden_freq_12_rep": 1.5306047771446174e-06, "hidden_excluded_loss_freq_12_rep": 8.970648303604865e-06, "hidden_restricted_loss_freq_12_rep": 4.771042617406417, "logit_freq_13_rep_trace_similarity": 0.0005488619208335876, "logit_excluded_loss_freq_13_rep": 1.2679435184784284e-07, "logit_restricted_loss_freq_13_rep": 4.726586717445936, "percent_x_embed_freq_13_rep": 0.0005197981372475624, "percent_y_embed_freq_13_rep": 0.0005197981372475624, "percent_unembed_freq_13_rep": 0.0005022173281759024, "percent_hidden_freq_13_rep": 5.699110624846071e-05, "hidden_excluded_loss_freq_13_rep": 9.091342433159837e-06, "hidden_restricted_loss_freq_13_rep": 4.9453676319603, "logit_freq_14_rep_trace_similarity": 3.018889037775807e-05, "logit_excluded_loss_freq_14_rep": 1.223453860315705e-07, "logit_restricted_loss_freq_14_rep": 4.76824634438048, "percent_x_embed_freq_14_rep": 0.0005091476486995816, "percent_y_embed_freq_14_rep": 0.0005091476486995816, "percent_unembed_freq_14_rep": 7.344090408878401e-05, "percent_hidden_freq_14_rep": 0.00018496217671781778, "hidden_excluded_loss_freq_14_rep": 8.12876390497741e-06, "hidden_restricted_loss_freq_14_rep": 4.771963813975563,