{"train_loss": 1.6098509232939778e-06, "test_loss": 3.364832064272352e-06, "train_acc": 1.0, "test_acc": 1.0, "all_loss": 2.6628396536137434e-06, "percent_x_embed_trivial_rep": 7.442265914647805e-09, "percent_y_embed_trivial_rep": 9.213556140252877e-09, "percent_unembed_trivial_rep": 0.05328189954161644, "percent_hidden_x_trivial_rep": 3.0080901284408254e-15, "percent_hidden_y_trivial_rep": 3.0080901284408254e-15, "percent_hidden_xy_trivial_rep": 3.0080901284408254e-15, "total_percent_hidden_trivial_rep": 9.024270385322476e-15, "hidden_excluded_loss_trivial_rep": 1.6722932214641966e-06, "hidden_restricted_loss_trivial_rep": 4.808690070840288, "logit_sign_rep_trace_similarity": 0.35906726121902466, "logit_excluded_loss_sign_rep": 2.100892145672014e-05, "logit_restricted_loss_sign_rep": 4.112189994307442, "percent_x_embed_sign_rep": 0.030028749257326126, "percent_y_embed_sign_rep": 0.030028847977519035, "percent_unembed_sign_rep": 0.06385847181081772, "percent_hidden_x_sign_rep": 0.010946356691420078, "percent_hidden_y_sign_rep": 0.010947143658995628, "percent_hidden_xy_sign_rep": 0.010945684276521206, "total_percent_hidden_sign_rep": 0.03283918648958206, "hidden_excluded_loss_sign_rep": 2.1073453550697436e-05, "hidden_restricted_loss_sign_rep": 4.112640447011252, "logit_standard_rep_trace_similarity": 0.5560388565063477, "logit_excluded_loss_standard_rep": 0.2659216573404101, "logit_restricted_loss_standard_rep": 0.02160179334538642, "percent_x_embed_standard_rep": 0.5468690395355225, "percent_y_embed_standard_rep": 0.5468735098838806, "percent_unembed_standard_rep": 0.4343000054359436, "percent_hidden_x_standard_rep": 0.214546337723732, "percent_hidden_y_standard_rep": 0.21772484481334686, "percent_hidden_xy_standard_rep": 0.06307987868785858, "total_percent_hidden_standard_rep": 0.49535107612609863, "hidden_excluded_loss_standard_rep": 0.27142782641619784, "hidden_restricted_loss_standard_rep": 0.023848963713731408, "logit_standard_sign_rep_trace_similarity": 2.1827872842550278e-09, "logit_excluded_loss_standard_sign_rep": 1.6098509664714836e-06, "logit_restricted_loss_standard_sign_rep": 4.787491693942096, "percent_x_embed_standard_sign_rep": 1.0426788321638014e-09, "percent_y_embed_standard_sign_rep": 1.659949511179093e-08, "percent_unembed_standard_sign_rep": 0.000885568093508482, "percent_hidden_x_standard_sign_rep": 5.721519924506424e-10, "percent_hidden_y_standard_sign_rep": 1.1077756489896728e-08, "percent_hidden_xy_standard_sign_rep": 3.4056446356588166e-13, "total_percent_hidden_standard_sign_rep": 1.1650248765704418e-08, "hidden_excluded_loss_standard_sign_rep": 1.6098510197949353e-06, "hidden_restricted_loss_standard_sign_rep": 4.787491703392048, "logit_s5_5d_a_rep_trace_similarity": 0.3515717387199402, "logit_excluded_loss_s5_5d_a_rep": 0.0750269298005757, "logit_restricted_loss_s5_5d_a_rep": 0.018739287260134286, "percent_x_embed_s5_5d_a_rep": 0.4231022000312805, "percent_y_embed_s5_5d_a_rep": 0.42309755086898804, "percent_unembed_s5_5d_a_rep": 0.4440786838531494, "percent_hidden_x_s5_5d_a_rep": 0.1686393916606903, "percent_hidden_y_s5_5d_a_rep": 0.1735093742609024, "percent_hidden_xy_s5_5d_a_rep": 0.03895498439669609, "total_percent_hidden_s5_5d_a_rep": 0.3811037540435791, "hidden_excluded_loss_s5_5d_a_rep": 0.07433306690966313, "hidden_restricted_loss_s5_5d_a_rep": 0.027008709672501196, "logit_s5_5d_b_rep_trace_similarity": -2.2773747332394123e-09, "logit_excluded_loss_s5_5d_b_rep": 1.609850966470674e-06, "logit_restricted_loss_s5_5d_b_rep": 4.787491806477477, "percent_x_embed_s5_5d_b_rep": 1.6950357784040193e-09, "percent_y_embed_s5_5d_b_rep": 2.9007942714542878e-08, "percent_unembed_s5_5d_b_rep": 0.0012265532277524471, "percent_hidden_x_s5_5d_b_rep": 9.511080811819284e-10, "percent_hidden_y_s5_5d_b_rep": 1.9461609213067277e-08, "percent_hidden_xy_s5_5d_b_rep": 5.956956390835988e-13, "total_percent_hidden_s5_5d_b_rep": 2.0413311929701194e-08, "hidden_excluded_loss_s5_5d_b_rep": 1.6098511704311954e-06, "hidden_restricted_loss_s5_5d_b_rep": 4.787491719002379, "logit_s5_6d_rep_trace_similarity": 3.41970007866621e-09, "logit_excluded_loss_s5_6d_rep": 1.6098509664714065e-06, "logit_restricted_loss_s5_6d_rep": 4.78749162800817, "percent_x_embed_s5_6d_rep": 2.0483683638161665e-09, "percent_y_embed_s5_6d_rep": 2.8767919602046277e-08, "percent_unembed_s5_6d_rep": 0.0023688613437116146, "percent_hidden_x_s5_6d_rep": 1.1282312861737864e-09, "percent_hidden_y_s5_6d_rep": 1.9835169950965792e-08, "percent_hidden_xy_s5_6d_rep": 7.297177185422443e-13, "total_percent_hidden_s5_6d_rep": 2.0964131763889782e-08, "hidden_excluded_loss_s5_6d_rep": 1.6098513712035405e-06, "hidden_restricted_loss_s5_6d_rep": 4.787491811382464, "percent_logits_explained": 0.5617111921310425, "total_logit_excluded_loss": 9.130058799510705, "total_logit_restricted_loss": 3.9765653362214316e-08, "total_hidden_excluded_loss": 8.98759995051647, "total_hidden_restricted_loss": 5.601490362895221e-08, "test_loss_restricted_loss_ratio": 60.070299978757504, "sum_of_squared_weights": 5062.69140625, "percent_hidden_explained": 0.9092940092086792, "percent_hidden_xy_explained": 0.11298054456710815, "percent_x_embed_explained": 1.0, "percent_y_embed_explained": 0.9999998807907104, "percent_unembed_explained": 0.942237138748169, "epoch": 250000.0}