{"train_loss": 0.04989565771564602, "test_loss": 2.820358693131154, "train_acc": 1.0, "test_acc": 0.43078702688217163, "all_loss": 1.7121734768281718, "percent_x_embed_trivial_rep": 0.018123725429177284, "percent_y_embed_trivial_rep": 0.011340892873704433, "percent_unembed_trivial_rep": 0.020000623539090157, "percent_hidden_x_trivial_rep": 2.2579283159575e-15, "percent_hidden_y_trivial_rep": 2.2579283159575e-15, "percent_hidden_xy_trivial_rep": 2.2579283159575e-15, "total_percent_hidden_trivial_rep": 6.773785159630737e-15, "hidden_excluded_loss_trivial_rep": 0.6088182025893839, "hidden_restricted_loss_trivial_rep": 8.08513796091453, "logit_sign_rep_trace_similarity": 0.4348677396774292, "logit_excluded_loss_sign_rep": 1.9673748774207493, "logit_restricted_loss_sign_rep": 4.0943692512225205, "percent_x_embed_sign_rep": 0.0817517340183258, "percent_y_embed_sign_rep": 0.0748826414346695, "percent_unembed_sign_rep": 0.07539533078670502, "percent_hidden_x_sign_rep": 0.02826361171901226, "percent_hidden_y_sign_rep": 0.026166947558522224, "percent_hidden_xy_sign_rep": 0.01951218955218792, "total_percent_hidden_sign_rep": 0.07394275069236755, "hidden_excluded_loss_sign_rep": 1.7250792307976237, "hidden_restricted_loss_sign_rep": 4.788583025252448, "logit_standard_rep_trace_similarity": 0.19306984543800354, "logit_excluded_loss_standard_rep": 5.662322738841165, "logit_restricted_loss_standard_rep": 0.10535307369808675, "percent_x_embed_standard_rep": 0.42621004581451416, "percent_y_embed_standard_rep": 0.3619684875011444, "percent_unembed_standard_rep": 0.3366735875606537, "percent_hidden_x_standard_rep": 0.1875079721212387, "percent_hidden_y_standard_rep": 0.15097185969352722, "percent_hidden_xy_standard_rep": 0.01548505574464798, "total_percent_hidden_standard_rep": 0.3539648652076721, "hidden_excluded_loss_standard_rep": 4.895948196474039, "hidden_restricted_loss_standard_rep": 3.077930243214018, "logit_standard_sign_rep_trace_similarity": 0.11092134565114975, "logit_excluded_loss_standard_sign_rep": 2.0723489655681777, "logit_restricted_loss_standard_sign_rep": 0.6533864720978758, "percent_x_embed_standard_sign_rep": 0.2282729148864746, "percent_y_embed_standard_sign_rep": 0.22421154379844666, "percent_unembed_standard_sign_rep": 0.2424045205116272, "percent_hidden_x_standard_sign_rep": 0.10372219234704971, "percent_hidden_y_standard_sign_rep": 0.09168272465467453, "percent_hidden_xy_standard_sign_rep": 0.006467524915933609, "total_percent_hidden_standard_sign_rep": 0.20187243819236755, "hidden_excluded_loss_standard_sign_rep": 2.046276687373585, "hidden_restricted_loss_standard_sign_rep": 3.2607807824861266, "logit_s5_5d_a_rep_trace_similarity": 0.03624444454908371, "logit_excluded_loss_s5_5d_a_rep": 0.4032631928591676, "logit_restricted_loss_s5_5d_a_rep": 2.6967345583167197, "percent_x_embed_s5_5d_a_rep": 0.10682666301727295, "percent_y_embed_s5_5d_a_rep": 0.1129903569817543, "percent_unembed_s5_5d_a_rep": 0.13604244589805603, "percent_hidden_x_s5_5d_a_rep": 0.04590659961104393, "percent_hidden_y_s5_5d_a_rep": 0.04856834560632706, "percent_hidden_xy_s5_5d_a_rep": 0.002714576432481408, "total_percent_hidden_s5_5d_a_rep": 0.0971895158290863, "hidden_excluded_loss_s5_5d_a_rep": 0.7150798408170324, "hidden_restricted_loss_s5_5d_a_rep": 4.077479842566884, "logit_s5_5d_b_rep_trace_similarity": 0.04032697528600693, "logit_excluded_loss_s5_5d_b_rep": 0.4902669576879464, "logit_restricted_loss_s5_5d_b_rep": 2.4811279357175837, "percent_x_embed_s5_5d_b_rep": 0.11021726578474045, "percent_y_embed_s5_5d_b_rep": 0.14017726480960846, "percent_unembed_s5_5d_b_rep": 0.1637997031211853, "percent_hidden_x_s5_5d_b_rep": 0.045918501913547516, "percent_hidden_y_s5_5d_b_rep": 0.057769011706113815, "percent_hidden_xy_s5_5d_b_rep": 0.0022789700888097286, "total_percent_hidden_s5_5d_b_rep": 0.1059664785861969, "hidden_excluded_loss_s5_5d_b_rep": 0.7449226807484258, "hidden_restricted_loss_s5_5d_b_rep": 4.107892548608397, "logit_s5_6d_rep_trace_similarity": 0.00012292759492993355, "logit_excluded_loss_s5_6d_rep": 0.05036373172780707, "logit_restricted_loss_s5_6d_rep": 4.778495951569787, "percent_x_embed_s5_6d_rep": 0.028597665950655937, "percent_y_embed_s5_6d_rep": 0.07442888617515564, "percent_unembed_s5_6d_rep": 0.025683891028165817, "percent_hidden_x_s5_6d_rep": 0.015115000307559967, "percent_hidden_y_s5_6d_rep": 0.03917531669139862, "percent_hidden_xy_s5_6d_rep": 1.9852592231472954e-05, "total_percent_hidden_s5_6d_rep": 0.05431016907095909, "hidden_excluded_loss_s5_6d_rep": 0.05117725608074124, "hidden_restricted_loss_s5_6d_rep": 4.78527999121103, "percent_logits_explained": 0.24162940680980682, "total_logit_excluded_loss": 20.1292418796548, "total_logit_restricted_loss": 1.2176056238424028e-06, "total_hidden_excluded_loss": 13.253607725127763, "total_hidden_restricted_loss": 0.2204489413203185, "test_loss_restricted_loss_ratio": 12.793704865350628, "sum_of_squared_weights": 11494.169921875, "percent_hidden_explained": 0.8329360485076904, "percent_hidden_xy_explained": 0.04645831882953644, "percent_x_embed_explained": 0.9532786011695862, "percent_y_embed_explained": 0.9142303466796875, "percent_unembed_explained": 0.9543156027793884, "epoch": 1000000.0}