{"train_loss": 1.952912778729918e-07, "test_loss": 1.8068215381054953, "train_acc": 1.0, "test_acc": 0.7280188798904419, "all_loss": 1.264801070359018, "logit_trivial_rep_trace_similarity": 3.4378899727016687e-10, "logit_excluded_loss_trivial_rep": 1.9529128035827538e-07, "logit_restricted_loss_trivial_rep": 4.770684624465665, "logit_sign_rep_trace_similarity": 0.40794238448143005, "logit_excluded_loss_sign_rep": 0.06535638599120484, "logit_restricted_loss_sign_rep": 4.0775375773528655, "logit_freq_1_rep_trace_similarity": 0.00014600783470086753, "logit_excluded_loss_freq_1_rep": 1.9653107758436378e-07, "logit_restricted_loss_freq_1_rep": 4.76502303283236, "logit_freq_2_rep_trace_similarity": 0.3233678936958313, "logit_excluded_loss_freq_2_rep": 0.728917115797436, "logit_restricted_loss_freq_2_rep": 1.9042555162778942, "logit_freq_3_rep_trace_similarity": 0.001238570548593998, "logit_excluded_loss_freq_3_rep": 2.0258612177023726e-07, "logit_restricted_loss_freq_3_rep": 4.722912575728735, "logit_freq_4_rep_trace_similarity": 0.00687734829261899, "logit_excluded_loss_freq_4_rep": 2.581357326309447e-07, "logit_restricted_loss_freq_4_rep": 4.512722022397054, "logit_freq_5_rep_trace_similarity": 0.2930993437767029, "logit_excluded_loss_freq_5_rep": 0.4930280390697819, "logit_restricted_loss_freq_5_rep": 1.9545886864148876, "logit_freq_6_rep_trace_similarity": 0.000488465535454452, "logit_excluded_loss_freq_6_rep": 2.0004488694926837e-07, "logit_restricted_loss_freq_6_rep": 4.751775396386141, "logit_freq_7_rep_trace_similarity": 6.742880214005709e-05, "logit_excluded_loss_freq_7_rep": 1.9564269604235309e-07, "logit_restricted_loss_freq_7_rep": 4.768069011865248, "logit_freq_8_rep_trace_similarity": 0.00021225106320343912, "logit_excluded_loss_freq_8_rep": 1.972201162528305e-07, "logit_restricted_loss_freq_8_rep": 4.76245703621952, "logit_freq_9_rep_trace_similarity": 0.0009032835951074958, "logit_excluded_loss_freq_9_rep": 2.0307016748241406e-07, "logit_restricted_loss_freq_9_rep": 4.735787695130303, "logit_freq_10_rep_trace_similarity": 0.005967942997813225, "logit_excluded_loss_freq_10_rep": 2.478595817847114e-07, "logit_restricted_loss_freq_10_rep": 4.545811453376634, "logit_freq_11_rep_trace_similarity": 0.00020668274373747408, "logit_excluded_loss_freq_11_rep": 1.9741455137597292e-07, "logit_restricted_loss_freq_11_rep": 4.762672665856359, "logit_freq_12_rep_trace_similarity": 9.288828005082905e-05, "logit_excluded_loss_freq_12_rep": 1.9600188163996714e-07, "logit_restricted_loss_freq_12_rep": 4.767081865218405, "logit_freq_13_rep_trace_similarity": 0.00012092054384993389, "logit_excluded_loss_freq_13_rep": 1.965629309994809e-07, "logit_restricted_loss_freq_13_rep": 4.76599524576563, "logit_freq_14_rep_trace_similarity": 6.528257654281333e-05, "logit_excluded_loss_freq_14_rep": 1.9585075524422986e-07, "logit_restricted_loss_freq_14_rep": 4.768152239203237, "logit_freq_15_rep_trace_similarity": 0.0014716326259076595, "logit_excluded_loss_freq_15_rep": 2.0976261469174626e-07, "logit_restricted_loss_freq_15_rep": 4.7139878556779795, "logit_freq_16_rep_trace_similarity": 0.00033725661342032254, "logit_excluded_loss_freq_16_rep": 1.983276816601222e-07, "logit_restricted_loss_freq_16_rep": 4.757619321208695, "logit_freq_17_rep_trace_similarity": 0.050993673503398895, "logit_excluded_loss_freq_17_rep": 3.41297746879568e-06, "logit_restricted_loss_freq_17_rep": 3.276257974900673, "logit_freq_18_rep_trace_similarity": 0.00021282178931869566, "logit_excluded_loss_freq_18_rep": 1.973175656824606e-07, "logit_restricted_loss_freq_18_rep": 4.762434935950695, "logit_freq_19_rep_trace_similarity": 0.00016474138828925788, "logit_excluded_loss_freq_19_rep": 1.96522732402316e-07, "logit_restricted_loss_freq_19_rep": 4.764297202843427, "logit_freq_20_rep_trace_similarity": 0.00016125268302857876, "logit_excluded_loss_freq_20_rep": 1.9682916093114636e-07, "logit_restricted_loss_freq_20_rep": 4.764432362558642, "logit_freq_21_rep_trace_similarity": 0.1437879353761673, "logit_excluded_loss_freq_21_rep": 0.001276092751214063, "logit_restricted_loss_freq_21_rep": 2.345590243303615, "logit_freq_22_rep_trace_similarity": 0.04870313033461571, "logit_excluded_loss_freq_22_rep": 2.7276875247299677e-06, "logit_restricted_loss_freq_22_rep": 3.3233108964253044, "logit_freq_23_rep_trace_similarity": 6.875743565615267e-05, "logit_excluded_loss_freq_23_rep": 1.9576971520438668e-07, "logit_restricted_loss_freq_23_rep": 4.76801749045124, "logit_freq_24_rep_trace_similarity": 0.00030765047995373607, "logit_excluded_loss_freq_24_rep": 1.9757344877077018e-07, "logit_restricted_loss_freq_24_rep": 4.758764546596116, "logit_freq_25_rep_trace_similarity": 0.049510203301906586, "logit_excluded_loss_freq_25_rep": 3.0455670320227542e-06, "logit_restricted_loss_freq_25_rep": 3.3065327380375455, "logit_freq_26_rep_trace_similarity": 6.205785757629201e-05, "logit_excluded_loss_freq_26_rep": 1.956323525757939e-07, "logit_restricted_loss_freq_26_rep": 4.768277292096285, "logit_freq_27_rep_trace_similarity": 0.00020853555179201066, "logit_excluded_loss_freq_27_rep": 1.9712734469811126e-07, "logit_restricted_loss_freq_27_rep": 4.762600916284985, "logit_freq_28_rep_trace_similarity": 0.11739872395992279, "logit_excluded_loss_freq_28_rep": 0.0002693598703485756, "logit_restricted_loss_freq_28_rep": 2.485112158834642, "logit_freq_29_rep_trace_similarity": 0.00011588644701987505, "logit_excluded_loss_freq_29_rep": 1.961765209402362e-07, "logit_restricted_loss_freq_29_rep": 4.766190361630464, "percent_logits_explained": 0.3988601863384247, "total_logit_excluded_loss": 31.84300288024802, "total_logit_restricted_loss": 1.0445776200716856e-08, "epoch": 50000.0}