{"train_loss": 1.2190379084711173e-07, "test_loss": 7.826606991857262e-06, "train_acc": 1.0, "test_acc": 1.0, "all_loss": 5.51529646190566e-06, "percent_x_embed_trivial_rep": 2.1643574655172415e-05, "percent_y_embed_trivial_rep": 2.1643574655172415e-05, "percent_unembed_trivial_rep": 7.3329506449226756e-06, "percent_hidden_trivial_rep": 0.32821792364120483, "hidden_excluded_loss_trivial_rep": 9.179489952273673e-05, "hidden_restricted_loss_trivial_rep": 6.949172069642051, "logit_sign_rep_trace_similarity": 0.21821346879005432, "logit_excluded_loss_sign_rep": 0.013782980141435235, "logit_restricted_loss_sign_rep": 4.077538325790422, "percent_x_embed_sign_rep": 0.0823296383023262, "percent_y_embed_sign_rep": 0.0823296383023262, "percent_unembed_sign_rep": 0.06941960006952286, "percent_hidden_sign_rep": 0.008134766481816769, "hidden_excluded_loss_sign_rep": 0.0999045298188401, "hidden_restricted_loss_sign_rep": 4.211159852039625, "logit_freq_1_rep_trace_similarity": 1.4621047739638016e-05, "logit_excluded_loss_freq_1_rep": 1.2199453901741124e-07, "logit_restricted_loss_freq_1_rep": 4.769750625202998, "percent_x_embed_freq_1_rep": 0.00012124615022912621, "percent_y_embed_freq_1_rep": 0.00012124615022912621, "percent_unembed_freq_1_rep": 0.00048212334513664246, "percent_hidden_freq_1_rep": 1.7648559946792375e-07, "hidden_excluded_loss_freq_1_rep": 6.947456792852605e-07, "hidden_restricted_loss_freq_1_rep": 4.769901344409142, "logit_freq_2_rep_trace_similarity": 0.3148524761199951, "logit_excluded_loss_freq_2_rep": 2.166478491597355, "logit_restricted_loss_freq_2_rep": 1.6642382925236467, "percent_x_embed_freq_2_rep": 0.31810250878334045, "percent_y_embed_freq_2_rep": 0.31810250878334045, "percent_unembed_freq_2_rep": 0.21934320032596588, "percent_hidden_freq_2_rep": 0.02126948907971382, "hidden_excluded_loss_freq_2_rep": 2.446090966974934, "hidden_restricted_loss_freq_2_rep": 3.419664950973482, "logit_freq_3_rep_trace_similarity": 1.480846549384296e-06, "logit_excluded_loss_freq_3_rep": 1.219089170942553e-07, "logit_restricted_loss_freq_3_rep": 4.770590017377387, "percent_x_embed_freq_3_rep": 0.0002129359927494079, "percent_y_embed_freq_3_rep": 0.0002129359927494079, "percent_unembed_freq_3_rep": 8.199313742807135e-05, "percent_hidden_freq_3_rep": 1.1968280659857555e-06, "hidden_excluded_loss_freq_3_rep": 6.978881069639411e-07, "hidden_restricted_loss_freq_3_rep": 4.770751543504716, "logit_freq_4_rep_trace_similarity": 0.0011941461125388741, "logit_excluded_loss_freq_4_rep": 1.2925585497736435e-07, "logit_restricted_loss_freq_4_rep": 4.695120665080764, "percent_x_embed_freq_4_rep": 0.005170848220586777, "percent_y_embed_freq_4_rep": 0.005170848220586777, "percent_unembed_freq_4_rep": 0.0016387976938858628, "percent_hidden_freq_4_rep": 0.000861004285980016, "hidden_excluded_loss_freq_4_rep": 1.0828834205969732e-06, "hidden_restricted_loss_freq_4_rep": 4.99205598924207, "logit_freq_5_rep_trace_similarity": 0.5290164351463318, "logit_excluded_loss_freq_5_rep": 14.188773046557833, "logit_restricted_loss_freq_5_rep": 1.4021568237959179, "percent_x_embed_freq_5_rep": 0.3716657757759094, "percent_y_embed_freq_5_rep": 0.3716657757759094, "percent_unembed_freq_5_rep": 0.3182268440723419, "percent_hidden_freq_5_rep": 0.04104781895875931, "hidden_excluded_loss_freq_5_rep": 14.193463864708377, "hidden_restricted_loss_freq_5_rep": 9.401286458102799, "logit_freq_6_rep_trace_similarity": 0.000371929636457935, "logit_excluded_loss_freq_6_rep": 1.2468057902445494e-07, "logit_restricted_loss_freq_6_rep": 4.7469933917441685, "percent_x_embed_freq_6_rep": 0.0003138973843306303, "percent_y_embed_freq_6_rep": 0.0003138973843306303, "percent_unembed_freq_6_rep": 0.0009418847039341927, "percent_hidden_freq_6_rep": 0.00014796473260503262, "hidden_excluded_loss_freq_6_rep": 7.20143270368062e-07, "hidden_restricted_loss_freq_6_rep": 4.765238849520135, "logit_freq_7_rep_trace_similarity": -6.373120413627476e-07, "logit_excluded_loss_freq_7_rep": 1.219019469707836e-07, "logit_restricted_loss_freq_7_rep": 4.770725341211822, "percent_x_embed_freq_7_rep": 0.0001499982608947903, "percent_y_embed_freq_7_rep": 0.0001499982608947903, "percent_unembed_freq_7_rep": 0.00019423518097028136, "percent_hidden_freq_7_rep": 5.376574563342729e-07, "hidden_excluded_loss_freq_7_rep": 6.967225417475128e-07, "hidden_restricted_loss_freq_7_rep": 4.770774568328393, "logit_freq_8_rep_trace_similarity": 0.0003702104731928557, "logit_excluded_loss_freq_8_rep": 1.2429962486802823e-07, "logit_restricted_loss_freq_8_rep": 4.747102573461158, "percent_x_embed_freq_8_rep": 0.0001559629599796608, "percent_y_embed_freq_8_rep": 0.0001559629599796608, "percent_unembed_freq_8_rep": 0.003193552140146494, "percent_hidden_freq_8_rep": 4.61202762380708e-05, "hidden_excluded_loss_freq_8_rep": 7.180024534127886e-07, "hidden_restricted_loss_freq_8_rep": 4.776018590450479, "logit_freq_9_rep_trace_similarity": 6.579202818102203e-07, "logit_excluded_loss_freq_9_rep": 1.2190854150393464e-07, "logit_restricted_loss_freq_9_rep": 4.770642591526717, "percent_x_embed_freq_9_rep": 0.00010396749712526798, "percent_y_embed_freq_9_rep": 0.00010396749712526798, "percent_unembed_freq_9_rep": 0.0005023882258683443, "percent_hidden_freq_9_rep": 5.479864739754703e-07, "hidden_excluded_loss_freq_9_rep": 7.054643203556596e-07, "hidden_restricted_loss_freq_9_rep": 4.7723546465210305, "logit_freq_10_rep_trace_similarity": 0.00022795639233663678, "logit_excluded_loss_freq_10_rep": 1.231075053792682e-07, "logit_restricted_loss_freq_10_rep": 4.756147476855351, "percent_x_embed_freq_10_rep": 0.00017102851415984333, "percent_y_embed_freq_10_rep": 0.00017102851415984333, "percent_unembed_freq_10_rep": 0.00033527729101479053, "percent_hidden_freq_10_rep": 0.001546817715279758, "hidden_excluded_loss_freq_10_rep": 7.148819162434922e-07, "hidden_restricted_loss_freq_10_rep": 4.768317714679405, "logit_freq_11_rep_trace_similarity": 1.0936173566733487e-07, "logit_excluded_loss_freq_11_rep": 1.2190470385993388e-07, "logit_restricted_loss_freq_11_rep": 4.770677637578414, "percent_x_embed_freq_11_rep": 0.00017361280333716422, "percent_y_embed_freq_11_rep": 0.00017361280333716422, "percent_unembed_freq_11_rep": 0.0006476347334682941, "percent_hidden_freq_11_rep": 1.430965852478039e-07, "hidden_excluded_loss_freq_11_rep": 6.978348943745916e-07, "hidden_restricted_loss_freq_11_rep": 4.77070861707959, "logit_freq_12_rep_trace_similarity": 4.813568739336915e-05, "logit_excluded_loss_freq_12_rep": 1.2218204620291562e-07, "logit_restricted_loss_freq_12_rep": 4.767610517792449, "percent_x_embed_freq_12_rep": 0.0015024896711111069, "percent_y_embed_freq_12_rep": 0.0015024896711111069, "percent_unembed_freq_12_rep": 0.002899856772273779, "percent_hidden_freq_12_rep": 8.286056072392967e-06, "hidden_excluded_loss_freq_12_rep": 6.945975403751868e-07, "hidden_restricted_loss_freq_12_rep": 4.76919019546844, "logit_freq_13_rep_trace_similarity": -0.00045303002116270363, "logit_excluded_loss_freq_13_rep": 1.1796200764194746e-07, "logit_restricted_loss_freq_13_rep": 4.799732483320044, "percent_x_embed_freq_13_rep": 0.00031457305885851383, "percent_y_embed_freq_13_rep": 0.00031457305885851383, "percent_unembed_freq_13_rep": 0.009016268886625767, "percent_hidden_freq_13_rep": 2.341845629416639e-06, "hidden_excluded_loss_freq_13_rep": 6.857180671615473e-07, "hidden_restricted_loss_freq_13_rep": 4.816962012387324, "logit_freq_14_rep_trace_similarity": 2.8264021239010617e-05, "logit_excluded_loss_freq_14_rep": 1.221154698347589e-07, "logit_restricted_loss_freq_14_rep": 4.768879302469017, "percent_x_embed_freq_14_rep": 0.00015632167924195528, "percent_y_embed_freq_14_rep": 0.00015632167924195528, "percent_unembed_freq_14_rep": 0.00016206843429245055, "percent_hidden_freq_14_rep": 4.633661774278153e-06, "hidden_excluded_loss_freq_14_rep": 7.022935983833729e-07, "hidden_restricted_loss_freq_14_rep": 4.770504213604831, "logit_freq_15_rep_trace_similarity": 0.0003218527417629957,