{"train_loss": 1.8102142581542528e-06, "test_loss": 5.590578067092167e-06, "train_acc": 1.0, "test_acc": 1.0, "all_loss": 4.078432572403191e-06, "percent_x_embed_trivial_rep": 3.013538787399739e-07, "percent_y_embed_trivial_rep": 8.534448880936907e-08, "percent_unembed_trivial_rep": 0.05164012312889099, "percent_hidden_x_trivial_rep": 3.508991108612655e-15, "percent_hidden_y_trivial_rep": 3.508991108612655e-15, "percent_hidden_xy_trivial_rep": 3.508991108612655e-15, "total_percent_hidden_trivial_rep": 1.0526972902321491e-14, "hidden_excluded_loss_trivial_rep": 1.952590872705627e-06, "hidden_restricted_loss_trivial_rep": 4.828129477235104, "logit_sign_rep_trace_similarity": 0.3883351683616638, "logit_excluded_loss_sign_rep": 3.4393284957076226e-05, "logit_restricted_loss_sign_rep": 4.104819573286445, "percent_x_embed_sign_rep": 0.03530764579772949, "percent_y_embed_sign_rep": 0.03545938804745674, "percent_unembed_sign_rep": 0.06132123991847038, "percent_hidden_x_sign_rep": 0.012802774086594582, "percent_hidden_y_sign_rep": 0.012898757122457027, "percent_hidden_xy_sign_rep": 0.012019069865345955, "total_percent_hidden_sign_rep": 0.03772059828042984, "hidden_excluded_loss_sign_rep": 3.459300639731443e-05, "hidden_restricted_loss_sign_rep": 4.1064801212932105, "logit_standard_rep_trace_similarity": 0.14342710375785828, "logit_excluded_loss_standard_rep": 4.8257045272261115e-05, "logit_restricted_loss_standard_rep": 1.8990643864989665, "percent_x_embed_standard_rep": 0.09081754833459854, "percent_y_embed_standard_rep": 0.09049380570650101, "percent_unembed_standard_rep": 0.15987995266914368, "percent_hidden_x_standard_rep": 0.03605995327234268, "percent_hidden_y_standard_rep": 0.03516540676355362, "percent_hidden_xy_standard_rep": 0.01018797792494297, "total_percent_hidden_standard_rep": 0.08141333609819412, "hidden_excluded_loss_standard_rep": 5.070504865368733e-05, "hidden_restricted_loss_standard_rep": 2.4610810874025044, "logit_standard_sign_rep_trace_similarity": 0.11781514436006546, "logit_excluded_loss_standard_sign_rep": 3.4176414647840294e-05, "logit_restricted_loss_standard_sign_rep": 2.2817391327687084, "percent_x_embed_standard_sign_rep": 0.07888759672641754, "percent_y_embed_standard_sign_rep": 0.0811183825135231, "percent_unembed_standard_sign_rep": 0.18187063932418823, "percent_hidden_x_standard_sign_rep": 0.02859569899737835, "percent_hidden_y_standard_sign_rep": 0.02952684462070465, "percent_hidden_xy_standard_sign_rep": 0.006407962646335363, "total_percent_hidden_standard_sign_rep": 0.06453050673007965, "hidden_excluded_loss_standard_sign_rep": 3.749112324900203e-05, "hidden_restricted_loss_standard_sign_rep": 2.3648145784689527, "logit_s5_5d_a_rep_trace_similarity": 0.5539782047271729, "logit_excluded_loss_s5_5d_a_rep": 4.349961226678798, "logit_restricted_loss_s5_5d_a_rep": 0.00010486307748349402, "percent_x_embed_s5_5d_a_rep": 0.7948895692825317, "percent_y_embed_s5_5d_a_rep": 0.792918860912323, "percent_unembed_s5_5d_a_rep": 0.5399582386016846, "percent_hidden_x_s5_5d_a_rep": 0.3161088824272156, "percent_hidden_y_s5_5d_a_rep": 0.3163744807243347, "percent_hidden_xy_s5_5d_a_rep": 0.07296743988990784, "total_percent_hidden_s5_5d_a_rep": 0.7054507732391357, "hidden_excluded_loss_s5_5d_a_rep": 4.34419914390039, "hidden_restricted_loss_s5_5d_a_rep": 0.00012672653126257066, "logit_s5_5d_b_rep_trace_similarity": 0.0001188317546620965, "logit_excluded_loss_s5_5d_b_rep": 1.8160410852703262e-06, "logit_restricted_loss_s5_5d_b_rep": 4.7840085073181156, "percent_x_embed_s5_5d_b_rep": 2.692412817850709e-05, "percent_y_embed_s5_5d_b_rep": 3.794455096794991e-06, "percent_unembed_s5_5d_b_rep": 0.0018611557316035032, "percent_hidden_x_s5_5d_b_rep": 0.00010893887520069256, "percent_hidden_y_s5_5d_b_rep": 0.0001136118225986138, "percent_hidden_xy_s5_5d_b_rep": 2.0854216927546076e-05, "total_percent_hidden_s5_5d_b_rep": 0.00024340492382179946, "hidden_excluded_loss_s5_5d_b_rep": 1.8172101477938232e-06, "hidden_restricted_loss_s5_5d_b_rep": 4.784608337693094, "logit_s5_6d_rep_trace_similarity": 2.0335137378424406e-06, "logit_excluded_loss_s5_6d_rep": 1.8103699383689164e-06, "logit_restricted_loss_s5_6d_rep": 4.7874202094359175, "percent_x_embed_s5_6d_rep": 7.046230166452006e-05, "percent_y_embed_s5_6d_rep": 5.654856977344025e-06, "percent_unembed_s5_6d_rep": 0.0034686471335589886, "percent_hidden_x_s5_6d_rep": 2.7943124223384075e-05, "percent_hidden_y_s5_6d_rep": 2.8266342724236893e-06, "percent_hidden_xy_s5_6d_rep": 2.764887199191435e-07, "total_percent_hidden_s5_6d_rep": 3.104624920524657e-05, "hidden_excluded_loss_s5_6d_rep": 1.810429396388041e-06, "hidden_restricted_loss_s5_6d_rep": 4.787423194052025, "percent_logits_explained": 0.4921478033065796, "total_logit_excluded_loss": 13.259183856819629, "total_logit_restricted_loss": 7.795142981298856e-08, "total_hidden_excluded_loss": 13.270032204779682, "total_hidden_restricted_loss": 1.0402379513587354e-07, "test_loss_restricted_loss_ratio": 53.74326191223729, "sum_of_squared_weights": 5559.130859375, "percent_hidden_explained": 0.8891152143478394, "percent_hidden_xy_explained": 0.10158245265483856, "percent_x_embed_explained": 0.9999023675918579, "percent_y_embed_explained": 0.9999904632568359, "percent_unembed_explained": 0.943030059337616, "epoch": 250000.0}