{"train_loss": 6.868836963159306e-08, "test_loss": 1.2996413652787615e-07, "train_acc": 1.0, "test_acc": 1.0, "all_loss": 9.319867778183237e-08, "logit_standard_rep_trace_similarity": 2.8692207706626505e-05, "logit_excluded_loss_standard_rep": 6.886415432950535e-08, "logit_restricted_loss_standard_rep": 4.09229903669501, "logit_a5_5d_a_rep_trace_similarity": 1.643259747652337e-05, "logit_excluded_loss_a5_5d_a_rep": 6.878906428052519e-08, "logit_restricted_loss_a5_5d_a_rep": 4.092880120166825, "logit_a5_3d_a_rep_trace_similarity": 0.795262336730957, "logit_excluded_loss_a5_3d_a_rep": 13.86354597866819, "logit_restricted_loss_a5_3d_a_rep": 1.1040251360659716e-06, "logit_a5_3d_b_rep_trace_similarity": 0.02110246941447258, "logit_excluded_loss_a5_3d_b_rep": 2.693226262182466e-07, "logit_restricted_loss_a5_3d_b_rep": 3.01936986444141, "percent_logits_explained": 0.6328874826431274, "total_logit_excluded_loss": 15.110347653650946, "total_logit_restricted_loss": 2.6052953155741275e-07, "epoch": 250000.0}