{"train_loss": 6.868836963159306e-08, "test_loss": 1.2996413652787615e-07, "train_acc": 1.0, "test_acc": 1.0, "all_loss": 9.319867778183237e-08, "percent_x_embed_trivial_rep": 0.0010068380506709218, "percent_y_embed_trivial_rep": 0.0010068380506709218, "percent_unembed_trivial_rep": 3.4877893995144404e-07, "percent_hidden_trivial_rep": 0.3284269869327545, "hidden_excluded_loss_trivial_rep": 4.864555381485898e-07, "hidden_restricted_loss_trivial_rep": 4.114924387907515, "logit_standard_rep_trace_similarity": 2.8692207706626505e-05, "logit_excluded_loss_standard_rep": 6.886415432950535e-08, "logit_restricted_loss_standard_rep": 4.09229903669501, "percent_x_embed_standard_rep": 0.0004957705386914313, "percent_y_embed_standard_rep": 0.0004957705386914313, "percent_unembed_standard_rep": 5.300027260091156e-05, "percent_hidden_standard_rep": 0.0003772987693082541, "hidden_excluded_loss_standard_rep": 4.859742537810216e-07, "hidden_restricted_loss_standard_rep": 4.101260666604608, "logit_a5_5d_a_rep_trace_similarity": 1.643259747652337e-05, "logit_excluded_loss_a5_5d_a_rep": 6.878906428052519e-08, "logit_restricted_loss_a5_5d_a_rep": 4.092880120166825, "percent_x_embed_a5_5d_a_rep": 0.000884400331415236, "percent_y_embed_a5_5d_a_rep": 0.000884400331415236, "percent_unembed_a5_5d_a_rep": 9.741184476297349e-05, "percent_hidden_a5_5d_a_rep": 0.003365421900525689, "hidden_excluded_loss_a5_5d_a_rep": 4.817193507210575e-07, "hidden_restricted_loss_a5_5d_a_rep": 4.1101197257210815, "logit_a5_3d_a_rep_trace_similarity": 0.795262336730957, "logit_excluded_loss_a5_3d_a_rep": 13.86354597866819, "logit_restricted_loss_a5_3d_a_rep": 1.1040251360659716e-06, "percent_x_embed_a5_3d_a_rep": 0.9242610931396484, "percent_y_embed_a5_3d_a_rep": 0.9242610931396484, "percent_unembed_a5_3d_a_rep": 0.9311846494674683, "percent_hidden_a5_3d_a_rep": 0.04592447355389595, "hidden_excluded_loss_a5_3d_a_rep": 14.095333327037414, "hidden_restricted_loss_a5_3d_a_rep": 0.0012830923613823633, "logit_a5_3d_b_rep_trace_similarity": 0.02110246941447258, "logit_excluded_loss_a5_3d_b_rep": 2.693226262182466e-07, "logit_restricted_loss_a5_3d_b_rep": 3.01936986444141, "percent_x_embed_a5_3d_b_rep": 0.02124994993209839, "percent_y_embed_a5_3d_b_rep": 0.02124994993209839, "percent_unembed_a5_3d_b_rep": 0.01833931729197502, "percent_hidden_a5_3d_b_rep": 0.006046806462109089, "hidden_excluded_loss_a5_3d_b_rep": 4.35339557811523e-06, "hidden_restricted_loss_a5_3d_b_rep": 5.164362810233685, "percent_logits_explained": 0.6328874826431274, "total_logit_excluded_loss": 15.110347653650946, "total_logit_restricted_loss": 2.6052953155741275e-07, "total_hidden_excluded_loss": 15.516249585820718, "total_hidden_restricted_loss": 0.0016836573160008638, "test_loss_restricted_loss_ratio": 7.719156106931292e-05, "sum_of_squared_weights": 0.0, "epoch": 250000.0}