{"train_loss": 4.104126539305283e-06, "test_loss": 0.9847039169709185, "train_acc": 1.0, "test_acc": 0.7593749761581421, "all_loss": 0.5908239918331669, "percent_x_embed_trivial_rep": 0.0013440483016893268, "percent_y_embed_trivial_rep": 0.001162127242423594, "percent_unembed_trivial_rep": 0.033437151461839676, "percent_hidden_x_trivial_rep": 1.5840878777909312e-15, "percent_hidden_y_trivial_rep": 1.5840878777909312e-15, "percent_hidden_xy_trivial_rep": 1.5840878777909312e-15, "total_percent_hidden_trivial_rep": 4.752263527493675e-15, "hidden_excluded_loss_trivial_rep": 9.390634391580097e-06, "hidden_restricted_loss_trivial_rep": 5.250165889911755, "logit_sign_rep_trace_similarity": 0.3965667486190796, "logit_excluded_loss_sign_rep": 0.00016939244867538347, "logit_restricted_loss_sign_rep": 4.096776750884218, "percent_x_embed_sign_rep": 0.06134607642889023, "percent_y_embed_sign_rep": 0.0618320107460022, "percent_unembed_sign_rep": 0.04197702929377556, "percent_hidden_x_sign_rep": 0.022202730178833008, "percent_hidden_y_sign_rep": 0.022529201582074165, "percent_hidden_xy_sign_rep": 0.0200220737606287, "total_percent_hidden_sign_rep": 0.06475400179624557, "hidden_excluded_loss_sign_rep": 0.00018418317744044313, "hidden_restricted_loss_sign_rep": 4.121730866527828, "logit_standard_rep_trace_similarity": 0.03819400817155838, "logit_excluded_loss_standard_rep": 1.2390727920538424e-05, "logit_restricted_loss_standard_rep": 3.6746882916954604, "percent_x_embed_standard_rep": 0.04464462772011757, "percent_y_embed_standard_rep": 0.04543595016002655, "percent_unembed_standard_rep": 0.04471934586763382, "percent_hidden_x_standard_rep": 0.0198808703571558, "percent_hidden_y_standard_rep": 0.02103496715426445, "percent_hidden_xy_standard_rep": 0.004423713777214289, "total_percent_hidden_standard_rep": 0.04533955454826355, "hidden_excluded_loss_standard_rep": 0.0001437881606549556, "hidden_restricted_loss_standard_rep": 4.310264583122101, "logit_standard_sign_rep_trace_similarity": 0.3139631152153015, "logit_excluded_loss_standard_sign_rep": 0.10064835139940745, "logit_restricted_loss_standard_sign_rep": 0.03435185413327742, "percent_x_embed_standard_sign_rep": 0.43718090653419495, "percent_y_embed_standard_sign_rep": 0.4434828758239746, "percent_unembed_standard_sign_rep": 0.37604719400405884, "percent_hidden_x_standard_sign_rep": 0.16147339344024658, "percent_hidden_y_standard_sign_rep": 0.16526125371456146, "percent_hidden_xy_standard_sign_rep": 0.02346646972000599, "total_percent_hidden_standard_sign_rep": 0.3502011299133301, "hidden_excluded_loss_standard_sign_rep": 0.18708012980578143, "hidden_restricted_loss_standard_sign_rep": 0.16938305551264599, "logit_s5_5d_a_rep_trace_similarity": 0.19560015201568604, "logit_excluded_loss_s5_5d_a_rep": 0.01572228967021943, "logit_restricted_loss_s5_5d_a_rep": 0.13106486737618964, "percent_x_embed_s5_5d_a_rep": 0.34253913164138794, "percent_y_embed_s5_5d_a_rep": 0.336168110370636, "percent_unembed_s5_5d_a_rep": 0.238909512758255, "percent_hidden_x_s5_5d_a_rep": 0.1314087063074112, "percent_hidden_y_s5_5d_a_rep": 0.13774649798870087, "percent_hidden_xy_s5_5d_a_rep": 0.02644657902419567, "total_percent_hidden_s5_5d_a_rep": 0.2956017851829529, "hidden_excluded_loss_s5_5d_a_rep": 0.2058210338180623, "hidden_restricted_loss_s5_5d_a_rep": 1.4835537924241489, "logit_s5_5d_b_rep_trace_similarity": 0.007989865727722645, "logit_excluded_loss_s5_5d_b_rep": 5.618476607328869e-06, "logit_restricted_loss_s5_5d_b_rep": 4.486260334027711, "percent_x_embed_s5_5d_b_rep": 0.018879666924476624, "percent_y_embed_s5_5d_b_rep": 0.018425352871418, "percent_unembed_s5_5d_b_rep": 0.057588640600442886, "percent_hidden_x_s5_5d_b_rep": 0.011310985311865807, "percent_hidden_y_s5_5d_b_rep": 0.009982340969145298, "percent_hidden_xy_s5_5d_b_rep": 0.00031305773882195354, "total_percent_hidden_s5_5d_b_rep": 0.021606385707855225, "hidden_excluded_loss_s5_5d_b_rep": 5.920202380716133e-06, "hidden_restricted_loss_s5_5d_b_rep": 4.5065909758575575, "logit_s5_6d_rep_trace_similarity": 0.03933203965425491, "logit_excluded_loss_s5_6d_rep": 3.0095052789944087e-05, "logit_restricted_loss_s5_6d_rep": 3.0504591444648637, "percent_x_embed_s5_6d_rep": 0.09406561404466629, "percent_y_embed_s5_6d_rep": 0.09349358826875687, "percent_unembed_s5_6d_rep": 0.20732098817825317, "percent_hidden_x_s5_6d_rep": 0.038888055831193924, "percent_hidden_y_s5_6d_rep": 0.03892431780695915, "percent_hidden_xy_s5_6d_rep": 0.0017299653263762593, "total_percent_hidden_s5_6d_rep": 0.07954233884811401, "hidden_excluded_loss_s5_6d_rep": 3.65807617712044e-05, "hidden_restricted_loss_s5_6d_rep": 3.1472698587400605, "percent_logits_explained": 0.2971670627593994, "total_logit_excluded_loss": 9.879595308338551, "total_logit_restricted_loss": 1.7364426744151908e-07, "total_hidden_excluded_loss": 8.717714863103938, "total_hidden_restricted_loss": 1.5143285071976725e-05, "test_loss_restricted_loss_ratio": 65025.77956437958, "sum_of_squared_weights": 9907.802734375, "percent_hidden_explained": 0.8570451736450195, "percent_hidden_xy_explained": 0.07640185952186584, "percent_x_embed_explained": 0.9986560344696045, "percent_y_embed_explained": 0.9988378882408142, "percent_unembed_explained": 0.9665627479553223, "epoch": 250000.0}