{"train_loss": 1.7328146316614918e-06, "test_loss": 3.920811643758986e-06, "train_acc": 1.0, "test_acc": 1.0, "all_loss": 3.0456127318716374e-06, "percent_x_embed_trivial_rep": 1.6116553425149505e-08, "percent_y_embed_trivial_rep": 1.4891069213263108e-06, "percent_unembed_trivial_rep": 0.04211084544658661, "percent_hidden_x_trivial_rep": 2.958446374435198e-15, "percent_hidden_y_trivial_rep": 2.958446374435198e-15, "percent_hidden_xy_trivial_rep": 2.958446374435198e-15, "total_percent_hidden_trivial_rep": 8.875339123305594e-15, "hidden_excluded_loss_trivial_rep": 1.9586448296880305e-06, "hidden_restricted_loss_trivial_rep": 4.859400810867749, "logit_sign_rep_trace_similarity": 0.500417947769165, "logit_excluded_loss_sign_rep": 0.000976913323669725, "logit_restricted_loss_sign_rep": 4.094627846598438, "percent_x_embed_sign_rep": 0.06285901367664337, "percent_y_embed_sign_rep": 0.061275169253349304, "percent_unembed_sign_rep": 0.09433593600988388, "percent_hidden_x_sign_rep": 0.02290620096027851, "percent_hidden_y_sign_rep": 0.022281702607870102, "percent_hidden_xy_sign_rep": 0.02226698398590088, "total_percent_hidden_sign_rep": 0.06745488941669464, "hidden_excluded_loss_sign_rep": 0.0009941270022326505, "hidden_restricted_loss_sign_rep": 4.098457735593736, "logit_standard_rep_trace_similarity": 0.5895885229110718, "logit_excluded_loss_standard_rep": 5.3345037762635945, "logit_restricted_loss_standard_rep": 0.0006715759097462591, "percent_x_embed_standard_rep": 0.7705593109130859, "percent_y_embed_standard_rep": 0.7713948488235474, "percent_unembed_standard_rep": 0.5377886295318604, "percent_hidden_x_standard_rep": 0.29806482791900635, "percent_hidden_y_standard_rep": 0.30143868923187256, "percent_hidden_xy_standard_rep": 0.08933867514133453, "total_percent_hidden_standard_rep": 0.6888421773910522, "hidden_excluded_loss_standard_rep": 5.207159255804852, "hidden_restricted_loss_standard_rep": 0.0009254773108243751, "logit_standard_sign_rep_trace_similarity": 7.416747394017875e-08, "logit_excluded_loss_standard_sign_rep": 1.73281712558719e-06, "logit_restricted_loss_standard_sign_rep": 4.787489321334439, "percent_x_embed_standard_sign_rep": 8.95028833269862e-08, "percent_y_embed_standard_sign_rep": 2.1665457097697072e-05, "percent_unembed_standard_sign_rep": 0.0007326904451474547, "percent_hidden_x_standard_sign_rep": 1.3599056103430485e-07, "percent_hidden_y_standard_sign_rep": 7.964060387166683e-06, "percent_hidden_xy_standard_sign_rep": 2.2664446708287045e-10, "total_percent_hidden_standard_sign_rep": 8.100277227640618e-06, "hidden_excluded_loss_standard_sign_rep": 1.7328211031107658e-06, "hidden_restricted_loss_standard_sign_rep": 4.787489356586428, "logit_s5_5d_a_rep_trace_similarity": -8.750794222578406e-08, "logit_excluded_loss_s5_5d_a_rep": 1.7328072572343341e-06, "logit_restricted_loss_s5_5d_a_rep": 4.787495314022842, "percent_x_embed_s5_5d_a_rep": 1.488617016320859e-07, "percent_y_embed_s5_5d_a_rep": 1.0469366316101514e-05, "percent_unembed_s5_5d_a_rep": 0.001315190689638257, "percent_hidden_x_s5_5d_a_rep": 2.09600852940639e-06, "percent_hidden_y_s5_5d_a_rep": 5.929700819251593e-06, "percent_hidden_xy_s5_5d_a_rep": 6.241577032994883e-09, "total_percent_hidden_s5_5d_a_rep": 8.031951438169926e-06, "hidden_excluded_loss_s5_5d_a_rep": 1.7328059274776747e-06, "hidden_restricted_loss_s5_5d_a_rep": 4.78749531290794, "logit_s5_5d_b_rep_trace_similarity": 0.13932481408119202, "logit_excluded_loss_s5_5d_b_rep": 0.0008577654343740764, "logit_restricted_loss_s5_5d_b_rep": 0.47746867362353945, "percent_x_embed_s5_5d_b_rep": 0.16658124327659607, "percent_y_embed_s5_5d_b_rep": 0.16729313135147095, "percent_unembed_s5_5d_b_rep": 0.3212238848209381, "percent_hidden_x_s5_5d_b_rep": 0.06281384825706482, "percent_hidden_y_s5_5d_b_rep": 0.0605098120868206, "percent_hidden_xy_s5_5d_b_rep": 0.013140128925442696, "total_percent_hidden_s5_5d_b_rep": 0.13646379113197327, "hidden_excluded_loss_s5_5d_b_rep": 0.0009349643620550423, "hidden_restricted_loss_s5_5d_b_rep": 0.6181089086464806, "logit_s5_6d_rep_trace_similarity": 9.167706593871117e-10, "logit_excluded_loss_s5_6d_rep": 1.7328143385438804e-06, "logit_restricted_loss_s5_6d_rep": 4.787491697885432, "percent_x_embed_s5_6d_rep": 1.297795932941881e-07, "percent_y_embed_s5_6d_rep": 3.289335381850833e-06, "percent_unembed_s5_6d_rep": 0.002492861822247505, "percent_hidden_x_s5_6d_rep": 1.8073775720495178e-07, "percent_hidden_y_s5_6d_rep": 1.5624051457052701e-06, "percent_hidden_xy_s5_6d_rep": 5.310877848607731e-10, "total_percent_hidden_s5_6d_rep": 1.7436739199183648e-06, "hidden_excluded_loss_s5_6d_rep": 1.7328142923093603e-06, "hidden_restricted_loss_s5_6d_rep": 4.787491941229358, "percent_logits_explained": 0.6174440979957581, "total_logit_excluded_loss": 11.651262722840363, "total_logit_restricted_loss": 1.4371100521072433e-08, "total_hidden_excluded_loss": 11.442432058765002, "total_hidden_restricted_loss": 1.97840791209009e-08, "test_loss_restricted_loss_ratio": 198.18014373066487, "sum_of_squared_weights": 5355.58056640625, "percent_hidden_explained": 0.8927608728408813, "percent_hidden_xy_explained": 0.12474578619003296, "percent_x_embed_explained": 0.9999995231628418, "percent_y_embed_explained": 0.9999631643295288, "percent_unembed_explained": 0.9533483982086182, "epoch": 250000.0}