{"train_loss": 5.94845032733804e-08, "test_loss": 8.064825039120468e-08, "train_acc": 1.0, "test_acc": 1.0, "all_loss": 6.794999994138915e-08, "percent_x_embed_trivial_rep": 5.9176123613724485e-05, "percent_y_embed_trivial_rep": 5.9176123613724485e-05, "percent_unembed_trivial_rep": 4.952773906552466e-07, "percent_hidden_x_trivial_rep": 5.672166295683789e-15, "percent_hidden_y_trivial_rep": 5.672166295683789e-15, "percent_hidden_xy_trivial_rep": 5.672166295683789e-15, "total_percent_hidden_trivial_rep": 1.7016498887051368e-14, "hidden_excluded_loss_trivial_rep": 1.1830095117527194e-07, "hidden_restricted_loss_trivial_rep": 4.154732614203101, "logit_standard_rep_trace_similarity": 0.72685706615448, "logit_excluded_loss_standard_rep": 19.659550276610403, "logit_restricted_loss_standard_rep": 1.1770688127822263e-11, "percent_x_embed_standard_rep": 0.9991799592971802, "percent_y_embed_standard_rep": 0.9991799592971802, "percent_unembed_standard_rep": 0.9998215436935425, "percent_hidden_x_standard_rep": 0.3888797461986542, "percent_hidden_y_standard_rep": 0.38885942101478577, "percent_hidden_xy_standard_rep": 0.1174863651394844, "total_percent_hidden_standard_rep": 0.8952255249023438, "hidden_excluded_loss_standard_rep": 19.94944223525385, "hidden_restricted_loss_standard_rep": 1.2105109877367621e-11, "logit_a5_5d_a_rep_trace_similarity": 4.387402441352606e-09, "logit_excluded_loss_a5_5d_a_rep": 5.9484500844870425e-08, "logit_restricted_loss_a5_5d_a_rep": 4.09434427891439, "percent_x_embed_a5_5d_a_rep": 0.00047191232442855835, "percent_y_embed_a5_5d_a_rep": 0.00047191232442855835, "percent_unembed_a5_5d_a_rep": 0.00011166906915605068, "percent_hidden_x_a5_5d_a_rep": 3.330051612238094e-08, "percent_hidden_y_a5_5d_a_rep": 2.3783639946373114e-08, "percent_hidden_xy_a5_5d_a_rep": 1.6568711680431392e-10, "total_percent_hidden_a5_5d_a_rep": 5.7249845752949113e-08, "hidden_excluded_loss_a5_5d_a_rep": 1.2957806012930697e-07, "hidden_restricted_loss_a5_5d_a_rep": 4.094344973681371, "logit_a5_3d_a_rep_trace_similarity": -0.004209263250231743, "logit_excluded_loss_a5_3d_a_rep": 4.953157269997082e-08, "logit_restricted_loss_a5_3d_a_rep": 4.262726299615368, "percent_x_embed_a5_3d_a_rep": 0.007469549775123596, "percent_y_embed_a5_3d_a_rep": 0.007469549775123596, "percent_unembed_a5_3d_a_rep": 0.007867291569709778, "percent_hidden_x_a5_3d_a_rep": 0.003293509129434824, "percent_hidden_y_a5_3d_a_rep": 0.0026446597184985876, "percent_hidden_xy_a5_3d_a_rep": 0.0009307635482400656, "total_percent_hidden_a5_3d_a_rep": 0.006868932396173477, "hidden_excluded_loss_a5_3d_a_rep": 3.2997393342580723e-07, "hidden_restricted_loss_a5_3d_a_rep": 4.142070832457756, "logit_a5_3d_b_rep_trace_similarity": -0.004170616623014212, "logit_excluded_loss_a5_3d_b_rep": 4.961539072158938e-08, "logit_restricted_loss_a5_3d_b_rep": 4.261167432842826, "percent_x_embed_a5_3d_b_rep": 0.007761380169540644, "percent_y_embed_a5_3d_b_rep": 0.007761380169540644, "percent_unembed_a5_3d_b_rep": 0.008005662821233273, "percent_hidden_x_a5_3d_b_rep": 0.002781669143587351, "percent_hidden_y_a5_3d_b_rep": 0.0032700204756110907, "percent_hidden_xy_a5_3d_b_rep": 0.0009348196908831596, "total_percent_hidden_a5_3d_b_rep": 0.0069865090772509575, "hidden_excluded_loss_a5_3d_b_rep": 2.940057574585807e-07, "hidden_restricted_loss_a5_3d_b_rep": 4.14189261968284, "percent_logits_explained": 0.5283563137054443, "total_logit_excluded_loss": 19.659550276610403, "total_logit_restricted_loss": 1.1770688127822263e-11, "total_hidden_excluded_loss": 19.94944223525385, "total_hidden_restricted_loss": 1.2105109877367621e-11, "test_loss_restricted_loss_ratio": 6662.331131912242, "sum_of_squared_weights": 0.0, "percent_hidden_explained": 0.8952255249023438, "percent_x_embed_explained": 0.9991799592971802, "percent_y_embed_explained": 0.9991799592971802, "percent_unembed_explained": 0.9998215436935425, "epoch": 250000.0}