{"train_loss": 1.5683005091606223e-05, "test_loss": 5.124952688348822e-05, "train_acc": 1.0, "test_acc": 1.0, "all_loss": 4.2357896435517716e-05, "logit_trivial_rep_trace_similarity": -5.2643599701696075e-08, "logit_excluded_loss_trivial_rep": 1.5683005069196692e-05, "logit_restricted_loss_trivial_rep": 6.579251212010101, "percent_x_embed_trivial_rep": 9.748898446559906e-05, "percent_y_embed_trivial_rep": 8.075254299910739e-05, "percent_unembed_trivial_rep": 0.04848571866750717, "percent_hidden_trivial_rep": 0.32115018367767334, "embed_excluded_loss_trivial_rep": 4.375849693987442e-05, "embed_restricted_loss_trivial_rep": 6.585358329961873, "logit_sign_rep_trace_similarity": 0.00018812791677191854, "logit_excluded_loss_sign_rep": 1.5705689499878067e-05, "logit_restricted_loss_sign_rep": 6.577777434841865, "percent_x_embed_sign_rep": 0.00011332770372973755, "percent_y_embed_sign_rep": 3.751846088562161e-05, "percent_unembed_sign_rep": 0.0008155497489497066, "percent_hidden_sign_rep": 8.637315431769821e-07, "embed_excluded_loss_sign_rep": 4.307495866344455e-05, "embed_restricted_loss_sign_rep": 6.580023448828104, "logit_standard_rep_trace_similarity": 0.10251213610172272, "logit_excluded_loss_standard_rep": 0.0012234635623328853, "logit_restricted_loss_standard_rep": 2.9906829682814937, "percent_x_embed_standard_rep": 0.10723574459552765, "percent_y_embed_standard_rep": 0.10197518765926361, "percent_unembed_standard_rep": 0.11388237029314041, "percent_hidden_standard_rep": 0.006590383127331734, "embed_excluded_loss_standard_rep": 0.013237160968591824, "embed_restricted_loss_standard_rep": 6.137950340951149, "logit_standard_sign_rep_trace_similarity": 0.09574294090270996, "logit_excluded_loss_standard_sign_rep": 0.0007147618262423612, "logit_restricted_loss_standard_sign_rep": 3.1272571827468725, "percent_x_embed_standard_sign_rep": 0.07822049409151077, "percent_y_embed_standard_sign_rep": 0.12363067269325256, "percent_unembed_standard_sign_rep": 0.19860044121742249, "percent_hidden_standard_sign_rep": 0.0030058305710554123, "embed_excluded_loss_standard_sign_rep": 0.02365743951905644, "embed_restricted_loss_standard_sign_rep": 5.159380779895884, "logit_s6_5d_a_rep_trace_similarity": 0.0699809193611145, "logit_excluded_loss_s6_5d_a_rep": 0.0005425290610468553, "logit_restricted_loss_s6_5d_a_rep": 3.991360928589761, "percent_x_embed_s6_5d_a_rep": 0.06609702110290527, "percent_y_embed_s6_5d_a_rep": 0.05320480093359947, "percent_unembed_s6_5d_a_rep": 0.12870971858501434, "percent_hidden_s6_5d_a_rep": 0.002505569253116846, "embed_excluded_loss_s6_5d_a_rep": 0.05302472133139689, "embed_restricted_loss_s6_5d_a_rep": 6.362354319530879, "logit_s6_5d_b_rep_trace_similarity": 0.566085159778595, "logit_excluded_loss_s6_5d_b_rep": 6.972740853385023, "logit_restricted_loss_s6_5d_b_rep": 0.0021622264299510398, "percent_x_embed_s6_5d_b_rep": 0.7461840510368347, "percent_y_embed_s6_5d_b_rep": 0.7199007272720337, "percent_unembed_s6_5d_b_rep": 0.4912697672843933, "percent_hidden_s6_5d_b_rep": 0.04481411725282669, "embed_excluded_loss_s6_5d_b_rep": 4.0851808419433855, "embed_restricted_loss_s6_5d_b_rep": 2.4227888663280535, "percent_logits_explained": 0.3450252413749695, "total_logit_excluded_loss": 17.009786539759446, "total_logit_restricted_loss": 1.1763932740169699e-08, "total_embed_restricted_loss": 5.649256845504862e-05, "total_embed_excluded_loss": 6.6553017758407, "test_loss_restricted_loss_ratio": 0.9071905966581726, "sum_of_squared_weights": 34903.7578125, "epoch": 250000.0}