{"train_loss": 1.5683005091606223e-05, "test_loss": 5.124952688348822e-05, "train_acc": 1.0, "test_acc": 1.0, "all_loss": 4.2357896435517716e-05, "percent_x_embed_trivial_rep": 9.748898446559906e-05, "percent_y_embed_trivial_rep": 8.075254299910739e-05, "percent_unembed_trivial_rep": 0.04848571866750717, "percent_hidden_x_trivial_rep": 4.84975083638213e-14, "percent_hidden_y_trivial_rep": 4.84975083638213e-14, "percent_hidden_xy_trivial_rep": 4.84975083638213e-14, "total_percent_hidden_trivial_rep": 1.4549253186772748e-13, "hidden_excluded_loss_trivial_rep": 4.1337720390208364e-05, "hidden_restricted_loss_trivial_rep": 7.230710994568039, "logit_sign_rep_trace_similarity": 0.00018812791677191854, "logit_excluded_loss_sign_rep": 1.5705689499878067e-05, "logit_restricted_loss_sign_rep": 6.577777434841865, "percent_x_embed_sign_rep": 0.00011332770372973755, "percent_y_embed_sign_rep": 3.751846088562161e-05, "percent_unembed_sign_rep": 0.0008155497489497066, "percent_hidden_x_sign_rep": 4.404431820148602e-05, "percent_hidden_y_sign_rep": 1.858427276602015e-05, "percent_hidden_xy_sign_rep": 1.2723455711238785e-06, "total_percent_hidden_sign_rep": 6.390093767549843e-05, "hidden_excluded_loss_sign_rep": 1.5705257056572263e-05, "hidden_restricted_loss_sign_rep": 6.577885108278225, "logit_standard_rep_trace_similarity": 0.10251213610172272, "logit_excluded_loss_standard_rep": 0.0012234635623328853, "logit_restricted_loss_standard_rep": 2.9906829682814937, "percent_x_embed_standard_rep": 0.10723574459552765, "percent_y_embed_standard_rep": 0.10197518765926361, "percent_unembed_standard_rep": 0.11388237029314041, "percent_hidden_x_standard_rep": 0.04110019654035568, "percent_hidden_y_standard_rep": 0.04205193743109703, "percent_hidden_xy_standard_rep": 0.009708156809210777, "total_percent_hidden_standard_rep": 0.09286028891801834, "hidden_excluded_loss_standard_rep": 0.0027895382949005834, "hidden_restricted_loss_standard_rep": 5.019004227262049, "logit_standard_sign_rep_trace_similarity": 0.09574294090270996, "logit_excluded_loss_standard_sign_rep": 0.0007147618262423612, "logit_restricted_loss_standard_sign_rep": 3.1272571827468725, "percent_x_embed_standard_sign_rep": 0.07822049409151077, "percent_y_embed_standard_sign_rep": 0.12363067269325256, "percent_unembed_standard_sign_rep": 0.19860044121742249, "percent_hidden_x_standard_sign_rep": 0.028548767790198326, "percent_hidden_y_standard_sign_rep": 0.04674571007490158, "percent_hidden_xy_standard_sign_rep": 0.004427827894687653, "total_percent_hidden_standard_sign_rep": 0.07972230762243271, "hidden_excluded_loss_standard_sign_rep": 0.009760851058086233, "hidden_restricted_loss_standard_sign_rep": 4.583425732611067, "logit_s6_5d_a_rep_trace_similarity": 0.0699809193611145, "logit_excluded_loss_s6_5d_a_rep": 0.0005425290610468553, "logit_restricted_loss_s6_5d_a_rep": 3.991360928589761, "percent_x_embed_s6_5d_a_rep": 0.06609702110290527, "percent_y_embed_s6_5d_a_rep": 0.05320480093359947, "percent_unembed_s6_5d_a_rep": 0.12870971858501434, "percent_hidden_x_s6_5d_a_rep": 0.024174733087420464, "percent_hidden_y_s6_5d_a_rep": 0.019980330020189285, "percent_hidden_xy_s6_5d_a_rep": 0.003690903540700674, "total_percent_hidden_s6_5d_a_rep": 0.04784596338868141, "hidden_excluded_loss_s6_5d_a_rep": 0.0007075873041741708, "hidden_restricted_loss_s6_5d_a_rep": 5.037394956497279, "logit_s6_5d_b_rep_trace_similarity": 0.566085159778595, "logit_excluded_loss_s6_5d_b_rep": 6.972740853385023, "logit_restricted_loss_s6_5d_b_rep": 0.0021622264299510398, "percent_x_embed_s6_5d_b_rep": 0.7461840510368347, "percent_y_embed_s6_5d_b_rep": 0.7199007272720337, "percent_unembed_s6_5d_b_rep": 0.4912697672843933, "percent_hidden_x_s6_5d_b_rep": 0.29415759444236755, "percent_hidden_y_s6_5d_b_rep": 0.286293625831604, "percent_hidden_xy_s6_5d_b_rep": 0.06601476669311523, "total_percent_hidden_s6_5d_b_rep": 0.6464660167694092, "hidden_excluded_loss_s6_5d_b_rep": 6.2841224022639715, "hidden_restricted_loss_s6_5d_b_rep": 0.9907268964120771, "percent_logits_explained": 0.3450252413749695, "total_logit_excluded_loss": 17.009786539759446, "total_logit_restricted_loss": 1.1763932740169699e-08, "total_hidden_excluded_loss": 12.974538189320365, "total_hidden_restricted_loss": 1.9822697903596442e-06, "test_loss_restricted_loss_ratio": 25.85396152064144, "sum_of_squared_weights": 34903.7578125, "percent_hidden_explained": 0.8668946027755737, "percent_hidden_xy_explained": 0.08384165167808533, "percent_x_embed_explained": 0.9977372884750366, "percent_y_embed_explained": 0.998711347579956, "percent_unembed_explained": 0.9324622750282288, "epoch": 250000.0}