{"train_loss": 1.7983648830636238e-06, "test_loss": 1.8664787976931123e-06, "train_acc": 1.0, "test_acc": 1.0, "all_loss": 1.839233231841317e-06, "percent_x_embed_trivial_rep": 2.8629792723222636e-06, "percent_y_embed_trivial_rep": 2.8629792723222636e-06, "percent_unembed_trivial_rep": 4.882267603534274e-07, "percent_hidden_x_trivial_rep": 3.895528580158229e-14, "percent_hidden_y_trivial_rep": 3.895528580158229e-14, "percent_hidden_xy_trivial_rep": 3.895528580158229e-14, "total_percent_hidden_trivial_rep": 1.168658540166151e-13, "hidden_excluded_loss_trivial_rep": 5.115221795635871e-06, "hidden_restricted_loss_trivial_rep": 53.07855907740294, "logit_sign_rep_trace_similarity": 0.2995803952217102, "logit_excluded_loss_sign_rep": 0.004664714861594632, "logit_restricted_loss_sign_rep": 47.08922956607877, "percent_x_embed_sign_rep": 0.06904378533363342, "percent_y_embed_sign_rep": 0.06904378533363342, "percent_unembed_sign_rep": 0.13248756527900696, "percent_hidden_x_sign_rep": 0.005513700656592846, "percent_hidden_y_sign_rep": 0.005514682270586491, "percent_hidden_xy_sign_rep": 0.005495260935276747, "total_percent_hidden_sign_rep": 0.01652364432811737, "hidden_excluded_loss_sign_rep": 0.013373829597333128, "hidden_restricted_loss_sign_rep": 47.089867970381206, "logit_standard_rep_trace_similarity": 3.4133336157537997e-09, "logit_excluded_loss_standard_rep": 1.7983648831598089e-06, "logit_restricted_loss_standard_rep": 52.63400743780113, "percent_x_embed_standard_rep": 2.262496110461143e-07, "percent_y_embed_standard_rep": 2.262496110461143e-07, "percent_unembed_standard_rep": 1.2845454193666228e-06, "percent_hidden_x_standard_rep": 3.817953730944623e-10, "percent_hidden_y_standard_rep": 3.2938810012872466e-10, "percent_hidden_xy_standard_rep": 8.166492655725666e-14, "total_percent_hidden_standard_rep": 7.112651023710725e-10, "hidden_excluded_loss_standard_rep": 5.322974718894134e-06, "hidden_restricted_loss_standard_rep": 52.634009698850655, "logit_standard_sign_rep_trace_similarity": -2.086835593217984e-09, "logit_excluded_loss_standard_sign_rep": 1.7983648831598089e-06, "logit_restricted_loss_standard_sign_rep": 52.634011076742404, "percent_x_embed_standard_sign_rep": 4.636871017282829e-05, "percent_y_embed_standard_sign_rep": 4.636871017282829e-05, "percent_unembed_standard_sign_rep": 1.352579602098558e-06, "percent_hidden_x_standard_sign_rep": 6.913956074328098e-10, "percent_hidden_y_standard_sign_rep": 7.175203764475668e-10, "percent_hidden_xy_standard_sign_rep": 1.163513729807164e-11, "total_percent_hidden_standard_sign_rep": 1.4205511211784483e-09, "hidden_excluded_loss_standard_sign_rep": 5.322974805168852e-06, "hidden_restricted_loss_standard_sign_rep": 52.63400971439832, "logit_s6_5d_a_rep_trace_similarity": 4.801677278010175e-09, "logit_excluded_loss_s6_5d_a_rep": 1.7983648831598089e-06, "logit_restricted_loss_s6_5d_a_rep": 52.63400651926538, "percent_x_embed_s6_5d_a_rep": 1.8255617760587484e-05, "percent_y_embed_s6_5d_a_rep": 1.8255617760587484e-05, "percent_unembed_s6_5d_a_rep": 1.498407300459803e-06, "percent_hidden_x_s6_5d_a_rep": 2.6943087760855633e-09, "percent_hidden_y_s6_5d_a_rep": 2.814110056093e-09, "percent_hidden_xy_s6_5d_a_rep": 4.72550113189002e-13, "total_percent_hidden_s6_5d_a_rep": 5.508891121053239e-09, "hidden_excluded_loss_s6_5d_a_rep": 5.322977803208547e-06, "hidden_restricted_loss_s6_5d_a_rep": 52.63401008701881, "logit_s6_5d_b_rep_trace_similarity": 0.6372088193893433, "logit_excluded_loss_s6_5d_b_rep": 234.47707565123454, "logit_restricted_loss_s6_5d_b_rep": 8.408175224443842e-08, "percent_x_embed_s6_5d_b_rep": 0.9305292963981628, "percent_y_embed_s6_5d_b_rep": 0.9305292963981628, "percent_unembed_s6_5d_b_rep": 0.8674722909927368, "percent_hidden_x_s6_5d_b_rep": 0.38628920912742615, "percent_hidden_y_s6_5d_b_rep": 0.3862931430339813, "percent_hidden_xy_s6_5d_b_rep": 0.09410069137811661, "total_percent_hidden_s6_5d_b_rep": 0.8666830658912659, "hidden_excluded_loss_s6_5d_b_rep": 239.00524034310845, "hidden_restricted_loss_s6_5d_b_rep": 8.49377407959305e-08, "percent_logits_explained": 0.4957834780216217, "total_logit_excluded_loss": 285.94205710558174, "total_logit_restricted_loss": 1.0112888304541202e-11, "total_hidden_excluded_loss": 286.07835130694053, "total_hidden_restricted_loss": 1.0224978888269464e-11, "test_loss_restricted_loss_ratio": 182541.09060649673, "sum_of_squared_weights": 0.0, "percent_hidden_explained": 0.8832067251205444, "percent_hidden_xy_explained": 0.09959594905376434, "percent_x_embed_explained": 0.9995731115341187, "percent_y_embed_explained": 0.9995731115341187, "percent_unembed_explained": 0.9999598264694214, "epoch": 20000.0}