{"train_loss": 0.0016843278915524764, "test_loss": 54.69365641529165, "train_acc": 1.0, "test_acc": 0.0032407406251877546, "all_loss": 32.816867158088606, "percent_x_embed_trivial_rep": 0.011059620417654514, "percent_y_embed_trivial_rep": 0.006405163556337357, "percent_unembed_trivial_rep": 0.010327031835913658, "percent_hidden_x_trivial_rep": 2.2199924631070584e-15, "percent_hidden_y_trivial_rep": 2.2199924631070584e-15, "percent_hidden_xy_trivial_rep": 2.2199924631070584e-15, "total_percent_hidden_trivial_rep": 6.659977389321175e-15, "hidden_excluded_loss_trivial_rep": 1.404883692632833, "hidden_restricted_loss_trivial_rep": 11.034144170164586, "logit_sign_rep_trace_similarity": 0.002984783612191677, "logit_excluded_loss_sign_rep": 0.0018116810808817133, "logit_restricted_loss_sign_rep": 4.720925719311347, "percent_x_embed_sign_rep": 0.007284289225935936, "percent_y_embed_sign_rep": 0.006067255046218634, "percent_unembed_sign_rep": 0.006239498965442181, "percent_hidden_x_sign_rep": 0.00322642270475626, "percent_hidden_y_sign_rep": 0.002711562905460596, "percent_hidden_xy_sign_rep": 2.417108953522984e-05, "total_percent_hidden_sign_rep": 0.005962156690657139, "hidden_excluded_loss_sign_rep": 0.0018385290244337389, "hidden_restricted_loss_sign_rep": 4.734145828663141, "logit_standard_rep_trace_similarity": 0.029860079288482666, "logit_excluded_loss_standard_rep": 0.030923387954109198, "logit_restricted_loss_standard_rep": 2.3315710673155507, "percent_x_embed_standard_rep": 0.1446075439453125, "percent_y_embed_standard_rep": 0.15253907442092896, "percent_unembed_standard_rep": 0.15094083547592163, "percent_hidden_x_standard_rep": 0.06086275354027748, "percent_hidden_y_standard_rep": 0.0680791363120079, "percent_hidden_xy_standard_rep": 0.0013274181401357055, "total_percent_hidden_standard_rep": 0.13026931881904602, "hidden_excluded_loss_standard_rep": 0.10728003931262634, "hidden_restricted_loss_standard_rep": 3.2165736468742963, "logit_standard_sign_rep_trace_similarity": 0.016431204974651337, "logit_excluded_loss_standard_sign_rep": 0.008304953568102989, "logit_restricted_loss_standard_sign_rep": 3.342738513066975, "percent_x_embed_standard_sign_rep": 0.11215612292289734, "percent_y_embed_standard_sign_rep": 0.11768225580453873, "percent_unembed_standard_sign_rep": 0.12930332124233246, "percent_hidden_x_standard_sign_rep": 0.04831444472074509, "percent_hidden_y_standard_sign_rep": 0.05044453963637352, "percent_hidden_xy_standard_sign_rep": 0.0004843032220378518, "total_percent_hidden_standard_sign_rep": 0.09924328327178955, "hidden_excluded_loss_standard_sign_rep": 0.015526445175527698, "hidden_restricted_loss_standard_sign_rep": 3.722008126765515, "logit_s5_5d_a_rep_trace_similarity": 0.05199500918388367, "logit_excluded_loss_s5_5d_a_rep": 0.6565726810230168, "logit_restricted_loss_s5_5d_a_rep": 0.38203746894591284, "percent_x_embed_s5_5d_a_rep": 0.305845707654953, "percent_y_embed_s5_5d_a_rep": 0.28970611095428467, "percent_unembed_s5_5d_a_rep": 0.2686414122581482, "percent_hidden_x_s5_5d_a_rep": 0.12745383381843567, "percent_hidden_y_s5_5d_a_rep": 0.1189328208565712, "percent_hidden_xy_s5_5d_a_rep": 0.003834174480289221, "total_percent_hidden_s5_5d_a_rep": 0.2502208352088928, "hidden_excluded_loss_s5_5d_a_rep": 1.7243253980111242, "hidden_restricted_loss_s5_5d_a_rep": 2.2500920305100847, "logit_s5_5d_b_rep_trace_similarity": 0.023178933188319206, "logit_excluded_loss_s5_5d_b_rep": 0.027679751849676287, "logit_restricted_loss_s5_5d_b_rep": 2.297636594597375, "percent_x_embed_s5_5d_b_rep": 0.18431422114372253, "percent_y_embed_s5_5d_b_rep": 0.1865413337945938, "percent_unembed_s5_5d_b_rep": 0.19513964653015137, "percent_hidden_x_s5_5d_b_rep": 0.07808747887611389, "percent_hidden_y_s5_5d_b_rep": 0.08313744515180588, "percent_hidden_xy_s5_5d_b_rep": 0.0009722905233502388, "total_percent_hidden_s5_5d_b_rep": 0.16219721734523773, "hidden_excluded_loss_s5_5d_b_rep": 0.08704406273083672, "hidden_restricted_loss_s5_5d_b_rep": 3.0120762535599623, "logit_s5_6d_rep_trace_similarity": 0.016659293323755264, "logit_excluded_loss_s5_6d_rep": 0.018807440423065588, "logit_restricted_loss_s5_6d_rep": 2.5761547311763358, "percent_x_embed_s5_6d_rep": 0.23473244905471802, "percent_y_embed_s5_6d_rep": 0.241058811545372, "percent_unembed_s5_6d_rep": 0.23940826952457428, "percent_hidden_x_s5_6d_rep": 0.10433093458414078, "percent_hidden_y_s5_6d_rep": 0.10818497836589813, "percent_hidden_xy_s5_6d_rep": 0.0005609745858237147, "total_percent_hidden_s5_6d_rep": 0.2130768895149231, "hidden_excluded_loss_s5_6d_rep": 0.03189813220427266, "hidden_restricted_loss_s5_6d_rep": 3.000730454059068, "percent_logits_explained": 0.004688793793320656, "total_logit_excluded_loss": 8.872449002359136, "total_logit_restricted_loss": 3.214802219255949e-05, "total_hidden_excluded_loss": 9.11628464194714, "total_hidden_restricted_loss": 0.031122481093210464, "test_loss_restricted_loss_ratio": 1757.3681304998322, "sum_of_squared_weights": 23116.9921875, "percent_hidden_explained": 0.855007529258728, "percent_hidden_xy_explained": 0.0071791610680520535, "percent_x_embed_explained": 0.981656014919281, "percent_y_embed_explained": 0.98752760887146, "percent_unembed_explained": 0.9834334850311279, "epoch": 500000.0}