{"train_loss": 7.409072102934231e-08, "test_loss": 1.347304856332454e-07, "train_acc": 1.0, "test_acc": 1.0, "all_loss": 9.834662831240474e-08, "percent_x_embed_trivial_rep": 1.6386431525461376e-05, "percent_y_embed_trivial_rep": 1.6386431525461376e-05, "percent_unembed_trivial_rep": 6.272422297115554e-07, "percent_hidden_x_trivial_rep": 8.532178971318565e-15, "percent_hidden_y_trivial_rep": 8.532178971318565e-15, "percent_hidden_xy_trivial_rep": 8.532178971318565e-15, "total_percent_hidden_trivial_rep": 2.5596536066922748e-14, "hidden_excluded_loss_trivial_rep": 4.849729843906951e-07, "hidden_restricted_loss_trivial_rep": 4.293521278839298, "logit_standard_rep_trace_similarity": 2.9506343707907945e-05, "logit_excluded_loss_standard_rep": 7.428528481211054e-08, "logit_restricted_loss_standard_rep": 4.092244834459238, "percent_x_embed_standard_rep": 0.0005785491084679961, "percent_y_embed_standard_rep": 0.0005785491084679961, "percent_unembed_standard_rep": 4.6783134166616946e-05, "percent_hidden_x_standard_rep": 3.665982376332977e-06, "percent_hidden_y_standard_rep": 3.466080443104147e-06, "percent_hidden_xy_standard_rep": 0.0006617886247113347, "total_percent_hidden_standard_rep": 0.00066892069298774, "hidden_excluded_loss_standard_rep": 6.086340210890032e-07, "hidden_restricted_loss_standard_rep": 4.103344152571225, "logit_a5_5d_a_rep_trace_similarity": 1.1657830327749252e-05, "logit_excluded_loss_a5_5d_a_rep": 7.416763540915844e-08, "logit_restricted_loss_a5_5d_a_rep": 4.093307523801306, "percent_x_embed_a5_5d_a_rep": 0.00038349267560988665, "percent_y_embed_a5_5d_a_rep": 0.00038349267560988665, "percent_unembed_a5_5d_a_rep": 8.667055226396769e-05, "percent_hidden_x_a5_5d_a_rep": 0.025270259007811546, "percent_hidden_y_a5_5d_a_rep": 0.025238074362277985, "percent_hidden_xy_a5_5d_a_rep": 0.004785474389791489, "total_percent_hidden_a5_5d_a_rep": 0.05529380962252617, "hidden_excluded_loss_a5_5d_a_rep": 6.115921526105403e-07, "hidden_restricted_loss_a5_5d_a_rep": 4.10828212607317, "logit_a5_3d_a_rep_trace_similarity": 0.7946333885192871, "logit_excluded_loss_a5_3d_a_rep": 13.854102171083536, "logit_restricted_loss_a5_3d_a_rep": 1.148496341779864e-06, "percent_x_embed_a5_3d_a_rep": 0.9325459003448486, "percent_y_embed_a5_3d_a_rep": 0.9325459003448486, "percent_unembed_a5_3d_a_rep": 0.9313458204269409, "percent_hidden_x_a5_3d_a_rep": 0.3514169454574585, "percent_hidden_y_a5_3d_a_rep": 0.34596723318099976, "percent_hidden_xy_a5_3d_a_rep": 0.06109185889363289, "total_percent_hidden_a5_3d_a_rep": 0.7584760189056396, "hidden_excluded_loss_a5_3d_a_rep": 14.198053539517732, "hidden_restricted_loss_a5_3d_a_rep": 0.001468691631243038, "logit_a5_3d_b_rep_trace_similarity": 0.020689645782113075, "logit_excluded_loss_a5_3d_b_rep": 2.81973808032037e-07, "logit_restricted_loss_a5_3d_b_rep": 3.0404595377940082, "percent_x_embed_a5_3d_b_rep": 0.013689400628209114, "percent_y_embed_a5_3d_b_rep": 0.013689400628209114, "percent_unembed_a5_3d_b_rep": 0.01869756355881691, "percent_hidden_x_a5_3d_b_rep": 0.0036487956531345844, "percent_hidden_y_a5_3d_b_rep": 0.0059171440079808235, "percent_hidden_xy_a5_3d_b_rep": 0.0019255984807386994, "total_percent_hidden_a5_3d_b_rep": 0.01149153895676136, "hidden_excluded_loss_a5_3d_b_rep": 4.404427907676328e-06, "hidden_restricted_loss_a5_3d_b_rep": 5.150478560046558, "percent_logits_explained": 0.6318703293800354, "total_logit_excluded_loss": 15.078956013401795, "total_logit_restricted_loss": 2.79497134623702e-07, "total_hidden_excluded_loss": 15.649731696770637, "total_hidden_restricted_loss": 0.0013950207398310598, "test_loss_restricted_loss_ratio": 9.657955741185724e-05, "sum_of_squared_weights": 0.0, "percent_hidden_explained": 0.7699675559997559, "percent_x_embed_explained": 0.9462352991104126, "percent_y_embed_explained": 0.9462352991104126, "percent_unembed_explained": 0.9500433802604675, "epoch": 250000.0}