{"train_loss": 7.409072102934231e-08, "test_loss": 1.347304856332454e-07, "train_acc": 1.0, "test_acc": 1.0, "all_loss": 9.834662831240474e-08, "percent_x_embed_trivial_rep": 1.6386431525461376e-05, "percent_y_embed_trivial_rep": 1.6386431525461376e-05, "percent_unembed_trivial_rep": 6.272422297115554e-07, "percent_hidden_trivial_rep": 0.3287127912044525, "hidden_excluded_loss_trivial_rep": 4.849729843906951e-07, "hidden_restricted_loss_trivial_rep": 4.293521278839298, "logit_standard_rep_trace_similarity": 2.9506343707907945e-05, "logit_excluded_loss_standard_rep": 7.428528481211054e-08, "logit_restricted_loss_standard_rep": 4.092244834459238, "percent_x_embed_standard_rep": 0.0005785491084679961, "percent_y_embed_standard_rep": 0.0005785491084679961, "percent_unembed_standard_rep": 4.6783134166616946e-05, "percent_hidden_standard_rep": 0.0004442502395249903, "hidden_excluded_loss_standard_rep": 6.086340210890032e-07, "hidden_restricted_loss_standard_rep": 4.103344152571225, "logit_a5_5d_a_rep_trace_similarity": 1.1657830327749252e-05, "logit_excluded_loss_a5_5d_a_rep": 7.416763540915844e-08, "logit_restricted_loss_a5_5d_a_rep": 4.093307523801306, "percent_x_embed_a5_5d_a_rep": 0.00038349267560988665, "percent_y_embed_a5_5d_a_rep": 0.00038349267560988665, "percent_unembed_a5_5d_a_rep": 8.667055226396769e-05, "percent_hidden_a5_5d_a_rep": 0.0032124279532581568, "hidden_excluded_loss_a5_5d_a_rep": 6.115921526105403e-07, "hidden_restricted_loss_a5_5d_a_rep": 4.10828212607317, "logit_a5_3d_a_rep_trace_similarity": 0.7946333885192871, "logit_excluded_loss_a5_3d_a_rep": 13.854102171083536, "logit_restricted_loss_a5_3d_a_rep": 1.148496341779864e-06, "percent_x_embed_a5_3d_a_rep": 0.9325459003448486, "percent_y_embed_a5_3d_a_rep": 0.9325459003448486, "percent_unembed_a5_3d_a_rep": 0.9313458204269409, "percent_hidden_a5_3d_a_rep": 0.045759666711091995, "hidden_excluded_loss_a5_3d_a_rep": 14.198053539517732, "hidden_restricted_loss_a5_3d_a_rep": 0.001468691631243038, "logit_a5_3d_b_rep_trace_similarity": 0.020689645782113075, "logit_excluded_loss_a5_3d_b_rep": 2.81973808032037e-07, "logit_restricted_loss_a5_3d_b_rep": 3.0404595377940082, "percent_x_embed_a5_3d_b_rep": 0.013689400628209114, "percent_y_embed_a5_3d_b_rep": 0.013689400628209114, "percent_unembed_a5_3d_b_rep": 0.01869756355881691, "percent_hidden_a5_3d_b_rep": 0.005988544784486294, "hidden_excluded_loss_a5_3d_b_rep": 4.404427907676328e-06, "hidden_restricted_loss_a5_3d_b_rep": 5.150478560046558, "percent_logits_explained": 0.6318703293800354, "total_logit_excluded_loss": 15.078956013401795, "total_logit_restricted_loss": 2.79497134623702e-07, "total_hidden_excluded_loss": 15.649731696770637, "total_hidden_restricted_loss": 0.0013950207398310598, "test_loss_restricted_loss_ratio": 9.657955741185724e-05, "sum_of_squared_weights": 0.0, "epoch": 250000.0}