{
    "train_loss": 0.0000029231881478159122,
    "test_loss": 0.0000039881165574087084,
    "train_acc": 1,
    "test_acc": 1,
    "all_loss": 0.0000035621451935715898,
    "percent_x_embed_trivial_rep": 1.1299460567215647e-7,
    "percent_y_embed_trivial_rep": 1.1595709992207048e-7,
    "percent_unembed_trivial_rep": 0.12460236996412277,
    "percent_hidden_x_trivial_rep": 1.371411351383414e-15,
    "percent_hidden_y_trivial_rep": 1.371411351383414e-15,
    "percent_hidden_xy_trivial_rep": 1.371411351383414e-15,
    "total_percent_hidden_trivial_rep": 4.114233842392005e-15,
    "hidden_excluded_loss_trivial_rep": 0.000004702535765580477,
    "hidden_restricted_loss_trivial_rep": 5.16311029051519,
    "logit_sign_rep_trace_similarity": 0.35166817903518677,
    "logit_excluded_loss_sign_rep": 0.0019379541766062788,
    "logit_restricted_loss_sign_rep": 4.094660317039679,
    "percent_x_embed_sign_rep": 0.044600680470466614,
    "percent_y_embed_sign_rep": 0.04459187015891075,
    "percent_unembed_sign_rep": 0.09141543507575989,
    "percent_hidden_x_sign_rep": 0.016321571543812752,
    "percent_hidden_y_sign_rep": 0.01631948910653591,
    "percent_hidden_xy_sign_rep": 0.016318896785378456,
    "total_percent_hidden_sign_rep": 0.04895995557308197,
    "hidden_excluded_loss_sign_rep": 0.0019421776740601976,
    "hidden_restricted_loss_sign_rep": 4.09564654190032,
    "logit_standard_rep_trace_similarity": 0.6733102798461914,
    "logit_excluded_loss_standard_rep": 16.361434015400583,
    "logit_restricted_loss_standard_rep": 0.000001986597455578038,
    "percent_x_embed_standard_rep": 0.9553992748260498,
    "percent_y_embed_standard_rep": 0.955407977104187,
    "percent_unembed_standard_rep": 0.7819710969924927,
    "percent_hidden_x_standard_rep": 0.3702423870563507,
    "percent_hidden_y_standard_rep": 0.3697601556777954,
    "percent_hidden_xy_standard_rep": 0.11185629665851593,
    "total_percent_hidden_standard_rep": 0.8518587946891785,
    "hidden_excluded_loss_standard_rep": 16.443004921671392,
    "hidden_restricted_loss_standard_rep": 0.0000034386964885872303,
    "logit_standard_sign_rep_trace_similarity": 8.185452315956354e-10,
    "logit_excluded_loss_standard_sign_rep": 0.000002923188184033269,
    "logit_restricted_loss_standard_sign_rep": 4.787491705259225,
    "percent_x_embed_standard_sign_rep": 7.95630172856221e-10,
    "percent_y_embed_standard_sign_rep": 1.0547976936337022e-9,
    "percent_unembed_standard_sign_rep": 0.00027903690352104604,
    "percent_hidden_x_standard_sign_rep": 4.272043552244753e-10,
    "percent_hidden_y_standard_sign_rep": 5.205554320930617e-10,
    "percent_hidden_xy_standard_sign_rep": 2.3342685748738157e-13,
    "total_percent_hidden_standard_sign_rep": 9.4799323946404e-10,
    "hidden_excluded_loss_standard_sign_rep": 0.0000029231877416362625,
    "hidden_restricted_loss_standard_sign_rep": 4.787491718292969,
    "logit_s5_5d_a_rep_trace_similarity": -2.331944415345788e-9,
    "logit_excluded_loss_s5_5d_a_rep": 0.000002923188184033269,
    "logit_restricted_loss_s5_5d_a_rep": 4.78749187640498,
    "percent_x_embed_s5_5d_a_rep": 1.6813270775628553e-9,
    "percent_y_embed_s5_5d_a_rep": 1.8430545978276314e-9,
    "percent_unembed_s5_5d_a_rep": 0.0001714541867841035,
    "percent_hidden_x_s5_5d_a_rep": 7.857847150738451e-10,
    "percent_hidden_y_s5_5d_a_rep": 8.927027450589264e-10,
    "percent_hidden_xy_s5_5d_a_rep": 3.461116484561322e-13,
    "total_percent_hidden_s5_5d_a_rep": 1.6788335166495472e-9,
    "hidden_excluded_loss_s5_5d_a_rep": 0.000002923188083908405,
    "hidden_restricted_loss_s5_5d_a_rep": 4.787491754219534,
    "logit_s5_5d_b_rep_trace_similarity": -2.1973391994833946e-9,
    "logit_excluded_loss_s5_5d_b_rep": 0.000002923188184033269,
    "logit_restricted_loss_s5_5d_b_rep": 4.787491868691953,
    "percent_x_embed_s5_5d_b_rep": 1.78841297326926e-9,
    "percent_y_embed_s5_5d_b_rep": 1.9005996776400025e-9,
    "percent_unembed_s5_5d_b_rep": 0.000618359656073153,
    "percent_hidden_x_s5_5d_b_rep": 1.0134328931599157e-9,
    "percent_hidden_y_s5_5d_b_rep": 1.1349008399719196e-9,
    "percent_hidden_xy_s5_5d_b_rep": 1.718816603803186e-12,
    "total_percent_hidden_s5_5d_b_rep": 2.15005258041856e-9,
    "hidden_excluded_loss_s5_5d_b_rep": 0.000002923186951893712,
    "hidden_restricted_loss_s5_5d_b_rep": 4.787491735588629,
    "logit_s5_6d_rep_trace_similarity": 4.907633410766721e-9,
    "logit_excluded_loss_s5_6d_rep": 0.000002923188184033269,
    "logit_restricted_loss_s5_6d_rep": 4.787491405326828,
    "percent_x_embed_s5_6d_rep": 3.6769187694574157e-9,
    "percent_y_embed_s5_6d_rep": 2.5925008806382266e-9,
    "percent_unembed_s5_6d_rep": 0.0009423753363080323,
    "percent_hidden_x_s5_6d_rep": 1.5260183117149495e-9,
    "percent_hidden_y_s5_6d_rep": 1.2137136851109176e-9,
    "percent_hidden_xy_s5_6d_rep": 2.0869707871573606e-12,
    "total_percent_hidden_s5_6d_rep": 2.7418189940675575e-9,
    "hidden_excluded_loss_s5_6d_rep": 0.0000029231897046726307,
    "hidden_restricted_loss_s5_6d_rep": 4.787491680971508,
    "percent_logits_explained": 0.5770172476768494,
    "total_logit_excluded_loss": 17.290785146942905,
    "total_logit_restricted_loss": 2.3959546059174954e-9,
    "total_hidden_excluded_loss": 17.292868601925303,
    "total_hidden_restricted_loss": 4.319905074715013e-9,
    "test_loss_restricted_loss_ratio": 923.1954148140181,
    "sum_of_squared_weights": 5004.88671875,
    "percent_hidden_explained": 0.9008187651634216,
    "percent_hidden_xy_explained": 0.12817519903182983,
    "percent_x_embed_explained": 0.9999999403953552,
    "percent_y_embed_explained": 0.9999998211860657,
    "percent_unembed_explained": 0.8733865022659302,
    "epoch": 500000
}