{"train_loss": 1.1314390581762213e-07, "test_loss": 4.5359757141755184e-07, "train_acc": 1.0, "test_acc": 1.0, "all_loss": 3.5146642662455484e-07, "logit_trivial_rep_trace_similarity": 1.4802026271354407e-10, "logit_excluded_loss_trivial_rep": 1.1314390631162747e-07, "logit_restricted_loss_trivial_rep": 4.770684624465665, "logit_sign_rep_trace_similarity": 6.089515227358788e-05, "logit_excluded_loss_sign_rep": 1.131757255251621e-07, "logit_restricted_loss_sign_rep": 4.769300043044155, "logit_freq_1_rep_trace_similarity": 7.243816799018532e-05, "logit_excluded_loss_freq_1_rep": 1.1354579006925317e-07, "logit_restricted_loss_freq_1_rep": 4.767389625840398, "logit_freq_2_rep_trace_similarity": 7.286189429578371e-07, "logit_excluded_loss_freq_2_rep": 1.1314601340309588e-07, "logit_restricted_loss_freq_2_rep": 4.770651468217084, "logit_freq_3_rep_trace_similarity": 7.111414106475422e-07, "logit_excluded_loss_freq_3_rep": 1.1314813064598554e-07, "logit_restricted_loss_freq_3_rep": 4.770652263538186, "logit_freq_4_rep_trace_similarity": 2.021572527155513e-07, "logit_excluded_loss_freq_4_rep": 1.1314458815474514e-07, "logit_restricted_loss_freq_4_rep": 4.770675425149246, "logit_freq_5_rep_trace_similarity": -6.38101255390211e-06, "logit_excluded_loss_freq_5_rep": 1.1310613945598266e-07, "logit_restricted_loss_freq_5_rep": 4.770975008084502, "logit_freq_6_rep_trace_similarity": -4.455046109796967e-06, "logit_excluded_loss_freq_6_rep": 1.1312200378286228e-07, "logit_restricted_loss_freq_6_rep": 4.7708873600467046, "logit_freq_7_rep_trace_similarity": -0.0005294637521728873, "logit_excluded_loss_freq_7_rep": 1.107377060108862e-07, "logit_restricted_loss_freq_7_rep": 4.794850858329091, "logit_freq_8_rep_trace_similarity": 2.660921381902881e-06, "logit_excluded_loss_freq_8_rep": 1.131643104230724e-07, "logit_restricted_loss_freq_8_rep": 4.770563538946427, "logit_freq_9_rep_trace_similarity": -4.456733222468756e-07, "logit_excluded_loss_freq_9_rep": 1.1314162475445363e-07, "logit_restricted_loss_freq_9_rep": 4.770704905237575, "logit_freq_10_rep_trace_similarity": 1.2172222341177985e-08, "logit_excluded_loss_freq_10_rep": 1.1314390631162747e-07, "logit_restricted_loss_freq_10_rep": 4.770684070559043, "logit_freq_11_rep_trace_similarity": 3.3522610465297475e-08, "logit_excluded_loss_freq_11_rep": 1.1314390621907791e-07, "logit_restricted_loss_freq_11_rep": 4.770683098992778, "logit_freq_12_rep_trace_similarity": -2.2515723685501143e-07, "logit_excluded_loss_freq_12_rep": 1.1314186192281613e-07, "logit_restricted_loss_freq_12_rep": 4.770694870438622, "logit_freq_13_rep_trace_similarity": -9.851419235928915e-06, "logit_excluded_loss_freq_13_rep": 1.1311519037980692e-07, "logit_restricted_loss_freq_13_rep": 4.771132946306392, "logit_freq_14_rep_trace_similarity": -1.1081921911682002e-05, "logit_excluded_loss_freq_14_rep": 1.130680835917222e-07, "logit_restricted_loss_freq_14_rep": 4.771188947986474, "logit_freq_15_rep_trace_similarity": 0.000762684503570199, "logit_excluded_loss_freq_15_rep": 1.1628786150718227e-07, "logit_restricted_loss_freq_15_rep": 4.736128626191354, "logit_freq_16_rep_trace_similarity": -6.323843990685418e-07, "logit_excluded_loss_freq_16_rep": 1.1314000168053049e-07, "logit_restricted_loss_freq_16_rep": 4.770713401725531, "logit_freq_17_rep_trace_similarity": 6.044047040631995e-08, "logit_excluded_loss_freq_17_rep": 1.1314439401134453e-07, "logit_restricted_loss_freq_17_rep": 4.770681874074599, "logit_freq_18_rep_trace_similarity": 9.537921869195998e-06, "logit_excluded_loss_freq_18_rep": 1.1318246114512955e-07, "logit_restricted_loss_freq_18_rep": 4.770250617263792, "logit_freq_19_rep_trace_similarity": 0.0008153663366101682, "logit_excluded_loss_freq_19_rep": 1.1630777963681156e-07, "logit_restricted_loss_freq_19_rep": 4.733752813168831, "logit_freq_20_rep_trace_similarity": 0.7510865330696106, "logit_excluded_loss_freq_20_rep": 14.174969516925538, "logit_restricted_loss_freq_20_rep": 1.3965104917848794, "logit_freq_21_rep_trace_similarity": 1.5010402421467006e-05, "logit_excluded_loss_freq_21_rep": 1.1322675676938231e-07, "logit_restricted_loss_freq_21_rep": 4.7700016224651005, "logit_freq_22_rep_trace_similarity": 0.22652825713157654, "logit_excluded_loss_freq_22_rep": 0.23231871791195613, "logit_restricted_loss_freq_22_rep": 2.0051723401645862, "logit_freq_23_rep_trace_similarity": 1.825652361731045e-06, "logit_excluded_loss_freq_23_rep": 1.1315680442418868e-07, "logit_restricted_loss_freq_23_rep": 4.770601547556691, "logit_freq_24_rep_trace_similarity": 9.655195754021406e-08, "logit_excluded_loss_freq_24_rep": 1.13144243443011e-07, "logit_restricted_loss_freq_24_rep": 4.770680230794226, "logit_freq_25_rep_trace_similarity": 1.2806349332095124e-06, "logit_excluded_loss_freq_25_rep": 1.1315306065010456e-07, "logit_restricted_loss_freq_25_rep": 4.770626348569656, "logit_freq_26_rep_trace_similarity": 0.24846738576889038, "logit_excluded_loss_freq_26_rep": 0.27585266010439, "logit_restricted_loss_freq_26_rep": 1.9576007715267778, "logit_freq_27_rep_trace_similarity": 7.267912224051543e-06, "logit_excluded_loss_freq_27_rep": 1.1319467126496526e-07, "logit_restricted_loss_freq_27_rep": 4.770353905965154, "logit_freq_28_rep_trace_similarity": 1.0721742000896484e-06, "logit_excluded_loss_freq_28_rep": 1.1315034889212568e-07, "logit_restricted_loss_freq_28_rep": 4.77063583462168, "logit_freq_29_rep_trace_similarity": -0.0003537586017046124, "logit_excluded_loss_freq_29_rep": 1.1058113806182051e-07, "logit_restricted_loss_freq_29_rep": 4.78681508508751, "percent_logits_explained": 0.6771837472915649, "total_logit_excluded_loss": 35.78859038047636, "total_logit_restricted_loss": 6.93516268556294e-08, "epoch": 50000.0}