{"train_loss": 1.088094787468562e-07, "test_loss": 4.2123772156632673e-07, "train_acc": 1.0, "test_acc": 1.0, "all_loss": 3.2751367024444087e-07, "percent_x_embed_trivial_rep": 1.583916491654236e-05, "percent_y_embed_trivial_rep": 1.583916491654236e-05, "percent_unembed_trivial_rep": 1.2857784668085515e-06, "percent_hidden_trivial_rep": 0.33075347542762756, "hidden_excluded_loss_trivial_rep": 1.8084204881884707e-05, "hidden_restricted_loss_trivial_rep": 6.176925103402388, "logit_sign_rep_trace_similarity": 0.00015043362509459257, "logit_excluded_loss_sign_rep": 1.0887409307154136e-07, "logit_restricted_loss_sign_rep": 4.767268234256601, "percent_x_embed_sign_rep": 4.198278838885017e-05, "percent_y_embed_sign_rep": 4.198278838885017e-05, "percent_unembed_sign_rep": 0.000274887919658795, "percent_hidden_sign_rep": 7.664271834073588e-06, "hidden_excluded_loss_sign_rep": 4.5167676280478266e-07, "hidden_restricted_loss_sign_rep": 4.777882403371, "logit_freq_1_rep_trace_similarity": 0.0004479693016037345, "logit_excluded_loss_freq_1_rep": 1.1122757559936671e-07, "logit_restricted_loss_freq_1_rep": 4.750354656297859, "percent_x_embed_freq_1_rep": 0.00031194870825856924, "percent_y_embed_freq_1_rep": 0.00031194870825856924, "percent_unembed_freq_1_rep": 0.0004111485031899065, "percent_hidden_freq_1_rep": 0.0003614656161516905, "hidden_excluded_loss_freq_1_rep": 4.862515738419729e-07, "hidden_restricted_loss_freq_1_rep": 4.835646556417902, "logit_freq_2_rep_trace_similarity": 6.401473910955247e-07, "logit_excluded_loss_freq_2_rep": 1.0881117257878302e-07, "logit_restricted_loss_freq_2_rep": 4.7706554988770575, "percent_x_embed_freq_2_rep": 5.374821921577677e-05, "percent_y_embed_freq_2_rep": 5.374821921577677e-05, "percent_unembed_freq_2_rep": 1.720932596072089e-05, "percent_hidden_freq_2_rep": 1.7471222236054018e-05, "hidden_excluded_loss_freq_2_rep": 4.4414116610951797e-07, "hidden_restricted_loss_freq_2_rep": 4.772163470231949, "logit_freq_3_rep_trace_similarity": 2.407609372312436e-06, "logit_excluded_loss_freq_3_rep": 1.0882425995476262e-07, "logit_restricted_loss_freq_3_rep": 4.7705750835354905, "percent_x_embed_freq_3_rep": 0.00012058208085363731, "percent_y_embed_freq_3_rep": 0.00012058208085363731, "percent_unembed_freq_3_rep": 2.1812662453157827e-05, "percent_hidden_freq_3_rep": 2.9764992177661043e-06, "hidden_excluded_loss_freq_3_rep": 4.4187476059471484e-07, "hidden_restricted_loss_freq_3_rep": 4.771041601518434, "logit_freq_4_rep_trace_similarity": -3.7309837352950126e-07, "logit_excluded_loss_freq_4_rep": 1.0880811770882993e-07, "logit_restricted_loss_freq_4_rep": 4.770701599889222, "percent_x_embed_freq_4_rep": 2.5379074941156432e-05, "percent_y_embed_freq_4_rep": 2.5379074941156432e-05, "percent_unembed_freq_4_rep": 8.67618655320257e-05, "percent_hidden_freq_4_rep": 7.870235663176572e-07, "hidden_excluded_loss_freq_4_rep": 4.4092907048678494e-07, "hidden_restricted_loss_freq_4_rep": 4.7708494906573575, "logit_freq_5_rep_trace_similarity": -2.687007963686483e-06, "logit_excluded_loss_freq_5_rep": 1.0879417281463e-07, "logit_restricted_loss_freq_5_rep": 4.770806880946466, "percent_x_embed_freq_5_rep": 9.4178321887739e-05, "percent_y_embed_freq_5_rep": 9.4178321887739e-05, "percent_unembed_freq_5_rep": 3.51984090229962e-05, "percent_hidden_freq_5_rep": 9.727741598908324e-07, "hidden_excluded_loss_freq_5_rep": 4.416870979002226e-07, "hidden_restricted_loss_freq_5_rep": 4.770992641895835, "logit_freq_6_rep_trace_similarity": -8.346496542799287e-07, "logit_excluded_loss_freq_6_rep": 1.0880564428175461e-07, "logit_restricted_loss_freq_6_rep": 4.770722599887812, "percent_x_embed_freq_6_rep": 6.571862468263134e-05, "percent_y_embed_freq_6_rep": 6.571862468263134e-05, "percent_unembed_freq_6_rep": 9.053043322637677e-05, "percent_hidden_freq_6_rep": 4.3639255409289035e-07, "hidden_excluded_loss_freq_6_rep": 4.4081629768503987e-07, "hidden_restricted_loss_freq_6_rep": 4.770789914378551, "logit_freq_7_rep_trace_similarity": -0.0001769326045177877, "logit_excluded_loss_freq_7_rep": 1.080401246729783e-07, "logit_restricted_loss_freq_7_rep": 4.7787428790497355, "percent_x_embed_freq_7_rep": 0.00023981762933544815, "percent_y_embed_freq_7_rep": 0.00023981762933544815, "percent_unembed_freq_7_rep": 0.0005695659201592207, "percent_hidden_freq_7_rep": 0.0004530911974143237, "hidden_excluded_loss_freq_7_rep": 6.372102723588759e-07, "hidden_restricted_loss_freq_7_rep": 5.059182591392529, "logit_freq_8_rep_trace_similarity": 3.678685061458964e-06, "logit_excluded_loss_freq_8_rep": 1.088365046854193e-07, "logit_restricted_loss_freq_8_rep": 4.770517253599456, "percent_x_embed_freq_8_rep": 5.882374171051197e-05, "percent_y_embed_freq_8_rep": 5.882374171051197e-05, "percent_unembed_freq_8_rep": 3.0345112463692203e-05, "percent_hidden_freq_8_rep": 1.0101450243382715e-05, "hidden_excluded_loss_freq_8_rep": 4.423284251633798e-07, "hidden_restricted_loss_freq_8_rep": 4.771084915659455, "logit_freq_9_rep_trace_similarity": -3.116433617833536e-07, "logit_excluded_loss_freq_9_rep": 1.0880769084178562e-07, "logit_restricted_loss_freq_9_rep": 4.770698803771453, "percent_x_embed_freq_9_rep": 9.197239705827087e-05, "percent_y_embed_freq_9_rep": 9.197239705827087e-05, "percent_unembed_freq_9_rep": 2.7668653274304233e-05, "percent_hidden_freq_9_rep": 2.1542922468142933e-07, "hidden_excluded_loss_freq_9_rep": 4.410965785039685e-07, "hidden_restricted_loss_freq_9_rep": 4.770712642888573, "logit_freq_10_rep_trace_similarity": 4.5161027628637385e-07, "logit_excluded_loss_freq_10_rep": 1.088132424095272e-07, "logit_restricted_loss_freq_10_rep": 4.770664076963158, "percent_x_embed_freq_10_rep": 4.3758820538641885e-05, "percent_y_embed_freq_10_rep": 4.3758820538641885e-05, "percent_unembed_freq_10_rep": 2.8244263376109302e-05, "percent_hidden_freq_10_rep": 4.3236347835318156e-08, "hidden_excluded_loss_freq_10_rep": 4.412173132250983e-07, "hidden_restricted_loss_freq_10_rep": 4.770667078500789, "logit_freq_11_rep_trace_similarity": 1.6720468920539133e-07, "logit_excluded_loss_freq_11_rep": 1.0881027380240236e-07, "logit_restricted_loss_freq_11_rep": 4.770677016923528, "percent_x_embed_freq_11_rep": 6.580141052836552e-05, "percent_y_embed_freq_11_rep": 6.580141052836552e-05, "percent_unembed_freq_11_rep": 9.981394396163523e-05, "percent_hidden_freq_11_rep": 2.5561291749909287e-08, "hidden_excluded_loss_freq_11_rep": 4.410194574523222e-07, "hidden_restricted_loss_freq_11_rep": 4.770680265020369, "logit_freq_12_rep_trace_similarity": 3.1285967452276964e-06, "logit_excluded_loss_freq_12_rep": 1.0883408231500629e-07, "logit_restricted_loss_freq_12_rep": 4.770542280789593, "percent_x_embed_freq_12_rep": 0.00015950224769767374, "percent_y_embed_freq_12_rep": 0.00015950224769767374, "percent_unembed_freq_12_rep": 1.792237162590027e-05, "percent_hidden_freq_12_rep": 4.096329575986601e-06, "hidden_excluded_loss_freq_12_rep": 4.4300437001799416e-07, "hidden_restricted_loss_freq_12_rep": 4.77134069875978, "logit_freq_13_rep_trace_similarity": 6.3187762862071395e-06, "logit_excluded_loss_freq_13_rep": 1.0882639101104168e-07, "logit_restricted_loss_freq_13_rep": 4.7703971404364225, "percent_x_embed_freq_13_rep": 0.00011417486530262977, "percent_y_embed_freq_13_rep": 0.00011417486530262977, "percent_unembed_freq_13_rep": 0.000361245300155133, "percent_hidden_freq_13_rep": 1.7681520603218814e-07, "hidden_excluded_loss_freq_13_rep": 4.4034767597138425e-07, "hidden_restricted_loss_freq_13_rep": 4.770428052610655, "logit_freq_14_rep_trace_similarity": 2.4203534849220887e-05, "logit_excluded_loss_freq_14_rep": 1.0896901526513975e-07, "logit_restricted_loss_freq_14_rep": 4.769583553466738, "percent_x_embed_freq_14_rep": 0.00015566867659799755, "percent_y_embed_freq_14_rep": 0.00015566867659799755, "percent_unembed_freq_14_rep": 0.00014646720956079662, "percent_hidden_freq_14_rep": 1.7726284568198025e-05, "hidden_excluded_loss_freq_14_rep": 4.4407630942870645e-07,