{"train_loss": 1.5983875764379769e-06, "test_loss": 3.0694180222099186e-06, "train_acc": 1.0, "test_acc": 1.0, "all_loss": 2.4810058979295367e-06, "percent_x_embed_trivial_rep": 5.31056310038025e-10, "percent_y_embed_trivial_rep": 1.2222629575120436e-09, "percent_unembed_trivial_rep": 0.055329352617263794, "percent_hidden_x_trivial_rep": 2.405550912070874e-15, "percent_hidden_y_trivial_rep": 2.405550912070874e-15, "percent_hidden_xy_trivial_rep": 2.405550912070874e-15, "total_percent_hidden_trivial_rep": 7.216652947970859e-15, "hidden_excluded_loss_trivial_rep": 1.625498530158053e-06, "hidden_restricted_loss_trivial_rep": 4.799807218347915, "logit_sign_rep_trace_similarity": 0.5011451244354248, "logit_excluded_loss_sign_rep": 0.0005680913830321855, "logit_restricted_loss_sign_rep": 4.094866883110474, "percent_x_embed_sign_rep": 0.06705816835165024, "percent_y_embed_sign_rep": 0.0670914575457573, "percent_unembed_sign_rep": 0.09555044025182724, "percent_hidden_x_sign_rep": 0.024292027577757835, "percent_hidden_y_sign_rep": 0.02429131045937538, "percent_hidden_xy_sign_rep": 0.024289822205901146, "total_percent_hidden_sign_rep": 0.07287316024303436, "hidden_excluded_loss_sign_rep": 0.0005698900938358033, "hidden_restricted_loss_sign_rep": 4.095498414549512, "logit_standard_rep_trace_similarity": 0.7707384824752808, "logit_excluded_loss_standard_rep": 7.297544906491024, "logit_restricted_loss_standard_rep": 9.01781829913051e-05, "percent_x_embed_standard_rep": 0.9329418540000916, "percent_y_embed_standard_rep": 0.9329085350036621, "percent_unembed_standard_rep": 0.8415936231613159, "percent_hidden_x_standard_rep": 0.3515968918800354, "percent_hidden_y_standard_rep": 0.36212560534477234, "percent_hidden_xy_standard_rep": 0.10545802116394043, "total_percent_hidden_standard_rep": 0.8191804885864258, "hidden_excluded_loss_standard_rep": 7.29172008797338, "hidden_restricted_loss_standard_rep": 9.467431948427544e-05, "logit_standard_sign_rep_trace_similarity": 5.129550117999315e-09, "logit_excluded_loss_standard_sign_rep": 1.5983876972173008e-06, "logit_restricted_loss_standard_sign_rep": 4.787491588080991, "percent_x_embed_standard_sign_rep": 1.0495889712913709e-09, "percent_y_embed_standard_sign_rep": 9.147803070597149e-10, "percent_unembed_standard_sign_rep": 0.000610423507168889, "percent_hidden_x_standard_sign_rep": 3.707214446535545e-08, "percent_hidden_y_standard_sign_rep": 4.586961477315299e-09, "percent_hidden_xy_standard_sign_rep": 4.143665879169367e-12, "total_percent_hidden_standard_sign_rep": 4.166324885090944e-08, "hidden_excluded_loss_standard_sign_rep": 1.5983879063665541e-06, "hidden_restricted_loss_standard_sign_rep": 4.787491588931211, "logit_s5_5d_a_rep_trace_similarity": 2.4519977159798145e-08, "logit_excluded_loss_s5_5d_a_rep": 1.598387697208396e-06, "logit_restricted_loss_s5_5d_a_rep": 4.787490818415814, "percent_x_embed_s5_5d_a_rep": 4.864270763960121e-09, "percent_y_embed_s5_5d_a_rep": 5.110127432317313e-09, "percent_unembed_s5_5d_a_rep": 0.0012770460452884436, "percent_hidden_x_s5_5d_a_rep": 2.0280507939673953e-08, "percent_hidden_y_s5_5d_a_rep": 6.049921452699891e-09, "percent_hidden_xy_s5_5d_a_rep": 4.301000181006209e-11, "total_percent_hidden_s5_5d_a_rep": 2.6373438544169403e-08, "hidden_excluded_loss_s5_5d_a_rep": 1.5983896066730793e-06, "hidden_restricted_loss_s5_5d_a_rep": 4.787490724339575, "logit_s5_5d_b_rep_trace_similarity": 0.0007968881400302052, "logit_excluded_loss_s5_5d_b_rep": 1.6525930376659412e-06, "logit_restricted_loss_s5_5d_b_rep": 4.757468344734995, "percent_x_embed_s5_5d_b_rep": 7.68568497733213e-09, "percent_y_embed_s5_5d_b_rep": 5.934241986693678e-09, "percent_unembed_s5_5d_b_rep": 0.00381456152535975, "percent_hidden_x_s5_5d_b_rep": 0.00023578609398100525, "percent_hidden_y_s5_5d_b_rep": 0.00023355257872026414, "percent_hidden_xy_s5_5d_b_rep": 6.348152965074405e-05, "total_percent_hidden_s5_5d_b_rep": 0.0005328201805241406, "hidden_excluded_loss_s5_5d_b_rep": 1.6529464304560527e-06, "hidden_restricted_loss_s5_5d_b_rep": 4.757750917141952, "logit_s5_6d_rep_trace_similarity": -1.0095391189679503e-08, "logit_excluded_loss_s5_6d_rep": 1.5983876972021895e-06, "logit_restricted_loss_s5_6d_rep": 4.787492199479328, "percent_x_embed_s5_6d_rep": 4.476877979442406e-09, "percent_y_embed_s5_6d_rep": 3.6551945914453654e-09, "percent_unembed_s5_6d_rep": 0.0018246584804728627, "percent_hidden_x_s5_6d_rep": 1.3711672863792046e-07, "percent_hidden_y_s5_6d_rep": 1.4896720301749156e-07, "percent_hidden_xy_s5_6d_rep": 1.5103418515849398e-10, "total_percent_hidden_s5_6d_rep": 2.862349788301799e-07, "hidden_excluded_loss_s5_6d_rep": 1.5983865427723144e-06, "hidden_restricted_loss_s5_6d_rep": 4.787492388968286, "percent_logits_explained": 0.8451849222183228, "total_logit_excluded_loss": 7.652009324696674, "total_logit_restricted_loss": 5.848257657451736e-07, "total_hidden_excluded_loss": 7.644585413235107, "total_hidden_restricted_loss": 6.151848311249406e-07, "test_loss_restricted_loss_ratio": 4.989424099741069, "sum_of_squared_weights": 5050.67529296875, "percent_hidden_explained": 0.8920536637306213, "percent_hidden_xy_explained": 0.12974783778190613, "percent_x_embed_explained": 1.0, "percent_y_embed_explained": 1.0, "percent_unembed_explained": 0.9371440410614014, "epoch": 250000.0}