{
    "train_loss": 0.0017593563454269367,
    "test_loss": 1.5600803277047954,
    "train_acc": 1,
    "test_acc": 0.675115704536438,
    "all_loss": 0.9367518833197508,
    "percent_x_embed_trivial_rep": 0.008043041452765465,
    "percent_y_embed_trivial_rep": 0.024042077362537384,
    "percent_unembed_trivial_rep": 0.0706900954246521,
    "percent_hidden_x_trivial_rep": 1.3141805115109931e-15,
    "percent_hidden_y_trivial_rep": 1.3141805115109931e-15,
    "percent_hidden_xy_trivial_rep": 1.3141805115109931e-15,
    "total_percent_hidden_trivial_rep": 3.9425415345329794e-15,
    "hidden_excluded_loss_trivial_rep": 1.1892487771002955,
    "hidden_restricted_loss_trivial_rep": 16.677159250105355,
    "logit_sign_rep_trace_similarity": 0.33006173372268677,
    "logit_excluded_loss_sign_rep": 1.0906744435721127,
    "logit_restricted_loss_sign_rep": 4.094349969712557,
    "percent_x_embed_sign_rep": 0.062785804271698,
    "percent_y_embed_sign_rep": 0.05931543931365013,
    "percent_unembed_sign_rep": 0.074970543384552,
    "percent_hidden_x_sign_rep": 0.0229963231831789,
    "percent_hidden_y_sign_rep": 0.02222341299057007,
    "percent_hidden_xy_sign_rep": 0.01665361225605011,
    "total_percent_hidden_sign_rep": 0.06187334656715393,
    "hidden_excluded_loss_sign_rep": 0.9037408064738611,
    "hidden_restricted_loss_sign_rep": 4.789700291625593,
    "logit_standard_rep_trace_similarity": 0.4042821526527405,
    "logit_excluded_loss_standard_rep": 22.31345555466151,
    "logit_restricted_loss_standard_rep": 0.000003541041962192022,
    "percent_x_embed_standard_rep": 0.8349202871322632,
    "percent_y_embed_standard_rep": 0.7647780179977417,
    "percent_unembed_standard_rep": 0.6537845134735107,
    "percent_hidden_x_standard_rep": 0.3362709581851959,
    "percent_hidden_y_standard_rep": 0.31454354524612427,
    "percent_hidden_xy_standard_rep": 0.05330182984471321,
    "total_percent_hidden_standard_rep": 0.7041163444519043,
    "hidden_excluded_loss_standard_rep": 18.159996996501157,
    "hidden_restricted_loss_standard_rep": 0.8827171947256155,
    "logit_standard_sign_rep_trace_similarity": 0.00004500161958276294,
    "logit_excluded_loss_standard_sign_rep": 0.0017643124637031682,
    "logit_restricted_loss_standard_sign_rep": 4.7841850235154135,
    "percent_x_embed_standard_sign_rep": 0.0036826180294156075,
    "percent_y_embed_standard_sign_rep": 0.01552633848041296,
    "percent_unembed_standard_sign_rep": 0.005025130230933428,
    "percent_hidden_x_standard_sign_rep": 0.0019312165677547455,
    "percent_hidden_y_standard_sign_rep": 0.008861605077981949,
    "percent_hidden_xy_standard_sign_rep": 0.0000021442806428240146,
    "total_percent_hidden_standard_sign_rep": 0.01079496555030346,
    "hidden_excluded_loss_standard_sign_rep": 0.001773312052162275,
    "hidden_restricted_loss_standard_sign_rep": 4.785341024130219,
    "logit_s5_5d_a_rep_trace_similarity": 0.027851097285747528,
    "logit_excluded_loss_s5_5d_a_rep": 0.031524918327054216,
    "logit_restricted_loss_s5_5d_a_rep": 2.3971105362833853,
    "percent_x_embed_s5_5d_a_rep": 0.06675547361373901,
    "percent_y_embed_s5_5d_a_rep": 0.0591844879090786,
    "percent_unembed_s5_5d_a_rep": 0.16524338722229004,
    "percent_hidden_x_s5_5d_a_rep": 0.02902529016137123,
    "percent_hidden_y_s5_5d_a_rep": 0.025965258479118347,
    "percent_hidden_xy_s5_5d_a_rep": 0.0017455618362873793,
    "total_percent_hidden_s5_5d_a_rep": 0.056736111640930176,
    "hidden_excluded_loss_s5_5d_a_rep": 0.11129396872882023,
    "hidden_restricted_loss_s5_5d_a_rep": 3.9543224194383177,
    "logit_s5_5d_b_rep_trace_similarity": 0.00016883820353541523,
    "logit_excluded_loss_s5_5d_b_rep": 0.0017896107766781238,
    "logit_restricted_loss_s5_5d_b_rep": 4.7719871645964105,
    "percent_x_embed_s5_5d_b_rep": 0.012436330318450928,
    "percent_y_embed_s5_5d_b_rep": 0.03176456689834595,
    "percent_unembed_s5_5d_b_rep": 0.012448154389858246,
    "percent_hidden_x_s5_5d_b_rep": 0.006418630480766296,
    "percent_hidden_y_s5_5d_b_rep": 0.018642034381628036,
    "percent_hidden_xy_s5_5d_b_rep": 0.00002315055826329626,
    "total_percent_hidden_s5_5d_b_rep": 0.025083815678954124,
    "hidden_excluded_loss_s5_5d_b_rep": 0.0018149114885304743,
    "hidden_restricted_loss_s5_5d_b_rep": 4.777110531267366,
    "logit_s5_6d_rep_trace_similarity": 0.000056368789955740795,
    "logit_excluded_loss_s5_6d_rep": 0.0017708753475122762,
    "logit_restricted_loss_s5_6d_rep": 4.781278668211377,
    "percent_x_embed_s5_6d_rep": 0.011376447975635529,
    "percent_y_embed_s5_6d_rep": 0.04538915678858757,
    "percent_unembed_s5_6d_rep": 0.01783819869160652,
    "percent_hidden_x_s5_6d_rep": 0.00593603728339076,
    "percent_hidden_y_s5_6d_rep": 0.025899851694703102,
    "percent_hidden_xy_s5_6d_rep": 0.000010334103535569739,
    "total_percent_hidden_s5_6d_rep": 0.031846221536397934,
    "hidden_excluded_loss_s5_6d_rep": 0.0018122118818712644,
    "hidden_restricted_loss_s5_6d_rep": 4.786774744253758,
    "percent_logits_explained": 0.27316054701805115,
    "total_logit_excluded_loss": 28.419792664311444,
    "total_logit_restricted_loss": 1.964024035804992e-10,
    "total_hidden_excluded_loss": 22.852554946975992,
    "total_hidden_restricted_loss": 0.2304898663888759,
    "test_loss_restricted_loss_ratio": 6.7685419413306125,
    "sum_of_squared_weights": 12230.9560546875,
    "percent_hidden_explained": 0.822725772857666,
    "percent_hidden_xy_explained": 0.07170099765062332,
    "percent_x_embed_explained": 0.9644615650177002,
    "percent_y_embed_explained": 0.883277952671051,
    "percent_unembed_explained": 0.8939984440803528,
    "epoch": 1000000
}