{"train_loss": 1.744012769469894e-05, "test_loss": 46.4651017547751, "train_acc": 1.0, "test_acc": 0.0032407406251877546, "all_loss": 27.87906807882728, "percent_x_embed_trivial_rep": 0.010676877573132515, "percent_y_embed_trivial_rep": 0.012653406709432602, "percent_unembed_trivial_rep": 0.005247464869171381, "percent_hidden_x_trivial_rep": 1.3934914886150839e-15, "percent_hidden_y_trivial_rep": 1.3934914886150839e-15, "percent_hidden_xy_trivial_rep": 1.3934914886150839e-15, "total_percent_hidden_trivial_rep": 4.180474359966133e-15, "hidden_excluded_loss_trivial_rep": 0.0022697581298857456, "hidden_restricted_loss_trivial_rep": 6.415664727545751, "logit_sign_rep_trace_similarity": 0.41589778661727905, "logit_excluded_loss_sign_rep": 1.2705247324983215, "logit_restricted_loss_sign_rep": 4.094344592294838, "percent_x_embed_sign_rep": 0.10198382288217545, "percent_y_embed_sign_rep": 0.10556740313768387, "percent_unembed_sign_rep": 0.047176964581012726, "percent_hidden_x_sign_rep": 0.03459800034761429, "percent_hidden_y_sign_rep": 0.03577058017253876, "percent_hidden_xy_sign_rep": 0.028828365728259087, "total_percent_hidden_sign_rep": 0.09919694811105728, "hidden_excluded_loss_sign_rep": 1.2738207959310972, "hidden_restricted_loss_sign_rep": 4.341873797461723, "logit_standard_rep_trace_similarity": 0.018311796709895134, "logit_excluded_loss_standard_rep": 8.612796386084564e-05, "logit_restricted_loss_standard_rep": 3.345210806424609, "percent_x_embed_standard_rep": 0.11567699909210205, "percent_y_embed_standard_rep": 0.11967471241950989, "percent_unembed_standard_rep": 0.1298510730266571, "percent_hidden_x_standard_rep": 0.049278732389211655, "percent_hidden_y_standard_rep": 0.0524224117398262, "percent_hidden_xy_standard_rep": 0.0005487434682436287, "total_percent_hidden_standard_rep": 0.1022498831152916, "hidden_excluded_loss_standard_rep": 0.00012051492851104295, "hidden_restricted_loss_standard_rep": 3.5523075007183937, "logit_standard_sign_rep_trace_similarity": 0.01990208588540554, "logit_excluded_loss_standard_sign_rep": 9.944870017952275e-05, "logit_restricted_loss_standard_sign_rep": 3.217658621532688, "percent_x_embed_standard_sign_rep": 0.1259581744670868, "percent_y_embed_standard_sign_rep": 0.1266072541475296, "percent_unembed_standard_sign_rep": 0.13325998187065125, "percent_hidden_x_standard_sign_rep": 0.05317503213882446, "percent_hidden_y_standard_sign_rep": 0.0533793605864048, "percent_hidden_xy_standard_sign_rep": 0.0006667390116490424, "total_percent_hidden_standard_sign_rep": 0.10722112655639648, "hidden_excluded_loss_standard_sign_rep": 0.00015279592268124857, "hidden_restricted_loss_standard_sign_rep": 3.485555964240825, "logit_s5_5d_a_rep_trace_similarity": 0.01718849688768387, "logit_excluded_loss_s5_5d_a_rep": 0.00011286538311319507, "logit_restricted_loss_s5_5d_a_rep": 3.072703206919802, "percent_x_embed_s5_5d_a_rep": 0.17923593521118164, "percent_y_embed_s5_5d_a_rep": 0.16995081305503845, "percent_unembed_s5_5d_a_rep": 0.18464666604995728, "percent_hidden_x_s5_5d_a_rep": 0.07772097736597061, "percent_hidden_y_s5_5d_a_rep": 0.07408048957586288, "percent_hidden_xy_s5_5d_a_rep": 0.0005796150071546435, "total_percent_hidden_s5_5d_a_rep": 0.1523810774087906, "hidden_excluded_loss_s5_5d_a_rep": 0.00018008607552514659, "hidden_restricted_loss_s5_5d_a_rep": 3.312687779430669, "logit_s5_5d_b_rep_trace_similarity": 0.02142450585961342, "logit_excluded_loss_s5_5d_b_rep": 0.00018020236896253183, "logit_restricted_loss_s5_5d_b_rep": 2.679277450042465, "percent_x_embed_s5_5d_b_rep": 0.1854085475206375, "percent_y_embed_s5_5d_b_rep": 0.19596147537231445, "percent_unembed_s5_5d_b_rep": 0.19865308701992035, "percent_hidden_x_s5_5d_b_rep": 0.08145678788423538, "percent_hidden_y_s5_5d_b_rep": 0.08462559431791306, "percent_hidden_xy_s5_5d_b_rep": 0.0008110720082186162, "total_percent_hidden_s5_5d_b_rep": 0.16689345240592957, "hidden_excluded_loss_s5_5d_b_rep": 0.00032957514543635873, "hidden_restricted_loss_s5_5d_b_rep": 3.0103571852234556, "logit_s5_6d_rep_trace_similarity": 0.02669030986726284, "logit_excluded_loss_s5_6d_rep": 0.0006405165828252153, "logit_restricted_loss_s5_6d_rep": 1.7079016867422188, "percent_x_embed_s5_6d_rep": 0.281059592962265, "percent_y_embed_s5_6d_rep": 0.2695849537849426, "percent_unembed_s5_6d_rep": 0.301164835691452, "percent_hidden_x_s5_6d_rep": 0.1210770234465599, "percent_hidden_y_s5_6d_rep": 0.11932747066020966, "percent_hidden_xy_s5_6d_rep": 0.0011253455886617303, "total_percent_hidden_s5_6d_rep": 0.24152983725070953, "hidden_excluded_loss_s5_6d_rep": 0.0012374010205274929, "hidden_restricted_loss_s5_6d_rep": 2.145818742119217, "percent_logits_explained": 0.1751692146062851, "total_logit_excluded_loss": 8.458687622219468, "total_logit_restricted_loss": 0.0013188397914710888, "total_hidden_excluded_loss": 8.049877354835854, "total_hidden_restricted_loss": 0.03505386610258868, "test_loss_restricted_loss_ratio": 1325.5342968102375, "sum_of_squared_weights": 19741.3359375, "percent_hidden_explained": 0.8694722652435303, "percent_hidden_xy_explained": 0.03255987912416458, "percent_x_embed_explained": 0.9893230199813843, "percent_y_embed_explained": 0.9873465895652771, "percent_unembed_explained": 0.9947526454925537, "epoch": 250000.0}