{"train_loss": 8.625503376471531e-08, "test_loss": 1.5825550043742507e-07, "train_acc": 1.0, "test_acc": 1.0, "all_loss": 1.3665932449462896e-07, "logit_trivial_rep_trace_similarity": 6.775735528208315e-11, "logit_excluded_loss_trivial_rep": 1.3665932941950848e-07, "logit_restricted_loss_trivial_rep": 4.727387818712341, "logit_freq_1_rep_trace_similarity": 1.991350291064009e-05, "logit_excluded_loss_freq_1_rep": 1.3678401675971179e-07, "logit_restricted_loss_freq_1_rep": 4.726458347039645, "logit_freq_2_rep_trace_similarity": 1.4977877071942203e-06, "logit_excluded_loss_freq_2_rep": 1.3666535662496244e-07, "logit_restricted_loss_freq_2_rep": 4.727317893769512, "logit_freq_3_rep_trace_similarity": -1.0572748578852043e-06, "logit_excluded_loss_freq_3_rep": 1.366543975665467e-07, "logit_restricted_loss_freq_3_rep": 4.727437179570696, "logit_freq_4_rep_trace_similarity": -2.4540076992707327e-07, "logit_excluded_loss_freq_4_rep": 1.3665678338531202e-07, "logit_restricted_loss_freq_4_rep": 4.727399275598919, "logit_freq_5_rep_trace_similarity": 1.9752769730985165e-07, "logit_excluded_loss_freq_5_rep": 1.3666016688291157e-07, "logit_restricted_loss_freq_5_rep": 4.727378596896647, "logit_freq_6_rep_trace_similarity": -3.3042852010112256e-08, "logit_excluded_loss_freq_6_rep": 1.366593293010871e-07, "logit_restricted_loss_freq_6_rep": 4.727389361361342, "logit_freq_7_rep_trace_similarity": 4.2526007746346295e-06, "logit_excluded_loss_freq_7_rep": 1.3669984241613356e-07, "logit_restricted_loss_freq_7_rep": 4.7271892903700286, "logit_freq_8_rep_trace_similarity": 2.932565621449612e-07, "logit_excluded_loss_freq_8_rep": 1.3666186762482696e-07, "logit_restricted_loss_freq_8_rep": 4.727374127695259, "logit_freq_9_rep_trace_similarity": -3.250784175179433e-07, "logit_excluded_loss_freq_9_rep": 1.3665658303754098e-07, "logit_restricted_loss_freq_9_rep": 4.727402995478833, "logit_freq_10_rep_trace_similarity": -3.8754478737246245e-08, "logit_excluded_loss_freq_10_rep": 1.366593294585997e-07, "logit_restricted_loss_freq_10_rep": 4.727389628016435, "logit_freq_11_rep_trace_similarity": -9.881114237941802e-08, "logit_excluded_loss_freq_11_rep": 1.3665867252010455e-07, "logit_restricted_loss_freq_11_rep": 4.727392431843919, "logit_freq_12_rep_trace_similarity": 7.535982149420306e-08, "logit_excluded_loss_freq_12_rep": 1.366594963314042e-07, "logit_restricted_loss_freq_12_rep": 4.727384300444338, "logit_freq_13_rep_trace_similarity": -6.038408173481002e-08, "logit_excluded_loss_freq_13_rep": 1.3665929432743476e-07, "logit_restricted_loss_freq_13_rep": 4.727390637823891, "logit_freq_14_rep_trace_similarity": 1.8762366380542517e-06, "logit_excluded_loss_freq_14_rep": 1.366628190300061e-07, "logit_restricted_loss_freq_14_rep": 4.727300226082675, "logit_freq_15_rep_trace_similarity": 1.990238160942681e-06, "logit_excluded_loss_freq_15_rep": 1.366721437151037e-07, "logit_restricted_loss_freq_15_rep": 4.727294904010868, "logit_freq_16_rep_trace_similarity": 0.7243435382843018, "logit_excluded_loss_freq_16_rep": 17.324645136018717, "logit_restricted_loss_freq_16_rep": 2.0517226392768997, "logit_freq_17_rep_trace_similarity": 5.213712574914098e-05, "logit_excluded_loss_freq_17_rep": 1.3704078237052892e-07, "logit_restricted_loss_freq_17_rep": 4.7249552103732215, "logit_freq_18_rep_trace_similarity": 1.037646143231541e-06, "logit_excluded_loss_freq_18_rep": 1.3666691272931973e-07, "logit_restricted_loss_freq_18_rep": 4.727339375438691, "logit_freq_19_rep_trace_similarity": 5.245947249932215e-07, "logit_excluded_loss_freq_19_rep": 1.3666248247651812e-07, "logit_restricted_loss_freq_19_rep": 4.7273633274743885, "logit_freq_20_rep_trace_similarity": -2.467641024850309e-08, "logit_excluded_loss_freq_20_rep": 1.366593290682267e-07, "logit_restricted_loss_freq_20_rep": 4.7273889707629, "logit_freq_21_rep_trace_similarity": 6.907066563144326e-08, "logit_excluded_loss_freq_21_rep": 1.3665965193956027e-07, "logit_restricted_loss_freq_21_rep": 4.727384594061014, "logit_freq_22_rep_trace_similarity": 3.503191692288965e-08, "logit_excluded_loss_freq_22_rep": 1.3665932953031328e-07, "logit_restricted_loss_freq_22_rep": 4.727386183202461, "logit_freq_23_rep_trace_similarity": 0.0002984362072311342, "logit_excluded_loss_freq_23_rep": 1.3939789646388933e-07, "logit_restricted_loss_freq_23_rep": 4.713503466664575, "logit_freq_24_rep_trace_similarity": -3.0521878215949982e-06, "logit_excluded_loss_freq_24_rep": 1.3663929024766696e-07, "logit_restricted_loss_freq_24_rep": 4.727530319139462, "logit_freq_25_rep_trace_similarity": 6.39084646536503e-07, "logit_excluded_loss_freq_25_rep": 1.366630685061815e-07, "logit_restricted_loss_freq_25_rep": 4.727357982439174, "logit_freq_26_rep_trace_similarity": -3.1800671422388405e-05, "logit_excluded_loss_freq_26_rep": 1.364762966433058e-07, "logit_restricted_loss_freq_26_rep": 4.728873025531137, "logit_freq_27_rep_trace_similarity": -1.4370039934874512e-05, "logit_excluded_loss_freq_27_rep": 1.3662248929961137e-07, "logit_restricted_loss_freq_27_rep": 4.728058815267765, "logit_freq_28_rep_trace_similarity": 7.11785105522722e-07, "logit_excluded_loss_freq_28_rep": 1.3666263825482157e-07, "logit_restricted_loss_freq_28_rep": 4.727354588373296, "logit_freq_29_rep_trace_similarity": -5.305000740918331e-07, "logit_excluded_loss_freq_29_rep": 1.3665693810516133e-07, "logit_restricted_loss_freq_29_rep": 4.727412585952539, "logit_freq_30_rep_trace_similarity": 0.4155941605567932, "logit_excluded_loss_freq_30_rep": 2.4353009071164986, "logit_restricted_loss_freq_30_rep": 2.33236663050707, "logit_freq_31_rep_trace_similarity": 1.084664290829096e-06, "logit_excluded_loss_freq_31_rep": 1.3666823569177593e-07, "logit_restricted_loss_freq_31_rep": 4.727337180390993, "logit_freq_32_rep_trace_similarity": 0.021438144147396088, "logit_excluded_loss_freq_32_rep": 2.869908482414395e-07, "logit_restricted_loss_freq_32_rep": 3.962822035950949, "logit_freq_33_rep_trace_similarity": 0.00022608533618040383, "logit_excluded_loss_freq_33_rep": 1.386007904344868e-07, "logit_restricted_loss_freq_33_rep": 4.716860583412747, "logit_freq_34_rep_trace_similarity": -5.602487362921238e-07, "logit_excluded_loss_freq_34_rep": 1.366539692864637e-07, "logit_restricted_loss_freq_34_rep": 4.727413974825002, "logit_freq_35_rep_trace_similarity": -9.424284144188277e-07, "logit_excluded_loss_freq_35_rep": 1.3665304833891238e-07, "logit_restricted_loss_freq_35_rep": 4.72743181769043, "logit_freq_36_rep_trace_similarity": -1.456910467823036e-07, "logit_excluded_loss_freq_36_rep": 1.3665760600913814e-07, "logit_restricted_loss_freq_36_rep": 4.727394620500065, "logit_freq_37_rep_trace_similarity": 5.140286702953745e-06, "logit_excluded_loss_freq_37_rep": 1.3669597047886607e-07, "logit_restricted_loss_freq_37_rep": 4.727147852136681, "logit_freq_38_rep_trace_similarity": -3.656714397948235e-08, "logit_excluded_loss_freq_38_rep": 1.366593294437143e-07, "logit_restricted_loss_freq_38_rep": 4.727389525897713, "logit_freq_39_rep_trace_similarity": -2.5539884518366307e-07, "logit_excluded_loss_freq_39_rep": 1.3665721777501622e-07, "logit_restricted_loss_freq_39_rep": 4.727399742375251, "logit_freq_40_rep_trace_similarity": 8.385077308048494e-07, "logit_excluded_loss_freq_40_rep": 1.366627666845011e-07, "logit_restricted_loss_freq_40_rep": 4.727348672271675, "logit_freq_41_rep_trace_similarity": 2.1557316358666867e-06, "logit_excluded_loss_freq_41_rep": 1.3666645842304733e-07, "logit_restricted_loss_freq_41_rep": 4.727287178111032, "logit_freq_42_rep_trace_similarity": -3.5955963539890945e-08, "logit_excluded_loss_freq_42_rep": 1.366593293474993e-07, "logit_restricted_loss_freq_42_rep": 4.727389497363891, "logit_freq_43_rep_trace_similarity": 1.2684267858276144e-07, "logit_excluded_loss_freq_43_rep": 1.3665996287929776e-07, "logit_restricted_loss_freq_43_rep": 4.7273818969056505, "logit_freq_44_rep_trace_similarity": 1.1023494153050706e-06, "logit_excluded_loss_freq_44_rep": 1.3666470657062622e-07,