{
  "train_loss": 9.087112252620373e-7,
  "test_loss": 0.000005458861982732354,
  "train_acc": 1,
  "test_acc": 1,
  "all_loss": 0.000003183787026609251,
  "logit_trivial_rep_trace_similarity": -7.078924824099886e-8,
  "percent_x_embed_trivial_rep": 1.3847170521330554e-7,
  "percent_y_embed_trivial_rep": 1.1702027791216096e-7,
  "percent_unembed_trivial_rep": 0.03611476346850395,
  "percent_hidden_trivial_rep": 0.31242460012435913,
  "excluded_loss_trivial_rep": 0.0000031838938906109617,
  "logit_sign_rep_trace_similarity": -7.078924824099886e-8,
  "percent_x_embed_sign_rep": 1.3847170521330554e-7,
  "percent_y_embed_sign_rep": 1.1702027791216096e-7,
  "percent_unembed_sign_rep": 0.03611476346850395,
  "percent_hidden_sign_rep": 0.31242460012435913,
  "excluded_loss_sign_rep": 0.0000031838938906109617,
  "logit_standard_rep_trace_similarity": 0.5489511489868164,
  "percent_x_embed_standard_rep": 0.6300168037414551,
  "percent_y_embed_standard_rep": 0.629714846611023,
  "percent_unembed_standard_rep": 0.4311416447162628,
  "percent_hidden_standard_rep": 0.050232745707035065,
  "excluded_loss_standard_rep": 1.2853111797984562,
  "logit_standard_sign_rep_trace_similarity": 0.5489511489868164,
  "percent_x_embed_standard_sign_rep": 0.6300168037414551,
  "percent_y_embed_standard_sign_rep": 0.629714846611023,
  "percent_unembed_standard_sign_rep": 0.4311416447162628,
  "percent_hidden_standard_sign_rep": 0.050232745707035065,
  "excluded_loss_standard_sign_rep": 1.2853111797984562,
  "logit_a5_5d_a_rep_trace_similarity": 0.002251857426017523,
  "percent_x_embed_a5_5d_a_rep": 0.000005083647010906134,
  "percent_y_embed_a5_5d_a_rep": 0.0000043057430048065726,
  "percent_unembed_a5_5d_a_rep": 0.007715900894254446,
  "percent_hidden_a5_5d_a_rep": 0.0002566492184996605,
  "excluded_loss_a5_5d_a_rep": 0.0000031744364049078456,
  "logit_a5_5d_b_rep_trace_similarity": 0.002251857426017523,
  "percent_x_embed_a5_5d_b_rep": 0.000005083658379589906,
  "percent_y_embed_a5_5d_b_rep": 0.00000430574164056452,
  "percent_unembed_a5_5d_b_rep": 0.007715900894254446,
  "percent_hidden_a5_5d_b_rep": 0.00025664924760349095,
  "excluded_loss_a5_5d_b_rep": 0.0000031744366729903425,
  "logit_a5_3d_a_rep_trace_similarity": 0.041774917393922806,
  "percent_x_embed_a5_3d_a_rep": 0.15747979283332825,
  "percent_y_embed_a5_3d_a_rep": 0.15899991989135742,
  "percent_unembed_a5_3d_a_rep": 0.1467219889163971,
  "percent_hidden_a5_3d_a_rep": 0.06913848966360092,
  "excluded_loss_a5_3d_a_rep": 1.2680606064049396,
  "logit_a5_3d_b_rep_trace_similarity": 0.009149004705250263,
  "percent_x_embed_a5_3d_b_rep": 0.1334204375743866,
  "percent_y_embed_a5_3d_b_rep": 0.13911393284797668,
  "percent_unembed_a5_3d_b_rep": 0.14850842952728271,
  "percent_hidden_a5_3d_b_rep": 0.06946658343076706,
  "excluded_loss_a5_3d_b_rep": 0.8263396989708294,
  "restricted_loss": 0.13107685509627306,
  "total_excluded_loss": 2.1836782452320893,
  "test_loss_restricted_loss_ratio": 0.00004164626911992159,
  "sum_of_squared_weights": 3091.0634765625,
  "epoch": 100000
}