{"train_loss": 1.1319423393284154e-07, "test_loss": 5.021986053794931e-07, "train_acc": 1.0, "test_acc": 1.0, "all_loss": 3.8550268984033627e-07, "logit_trivial_rep_trace_similarity": 2.3283064365386963e-10, "logit_excluded_loss_trivial_rep": 1.1319422428725634e-07, "logit_restricted_loss_trivial_rep": 4.804021044733257, "logit_sign_rep_trace_similarity": 0.20504778623580933, "logit_excluded_loss_sign_rep": 0.010739874906118455, "logit_restricted_loss_sign_rep": 4.1108750861970265, "logit_freq_1_rep_trace_similarity": -1.8103946786141023e-07, "logit_excluded_loss_freq_1_rep": 1.1319230679812015e-07, "logit_restricted_loss_freq_1_rep": 4.804033065620983, "logit_freq_2_rep_trace_similarity": -3.7766612877021544e-06, "logit_excluded_loss_freq_2_rep": 1.131580991975083e-07, "logit_restricted_loss_freq_2_rep": 4.804271819752167, "logit_freq_3_rep_trace_similarity": 7.056523827486672e-07, "logit_excluded_loss_freq_3_rep": 1.1319949814147118e-07, "logit_restricted_loss_freq_3_rep": 4.803974190278069, "logit_freq_4_rep_trace_similarity": -6.9258021540008485e-09, "logit_excluded_loss_freq_4_rep": 1.1319422428725634e-07, "logit_restricted_loss_freq_4_rep": 4.8040215046007475, "logit_freq_5_rep_trace_similarity": 1.343857184110675e-05, "logit_excluded_loss_freq_5_rep": 1.1326477068680163e-07, "logit_restricted_loss_freq_5_rep": 4.803128834385161, "logit_freq_6_rep_trace_similarity": 3.550085239112377e-07, "logit_excluded_loss_freq_6_rep": 1.1319824523868925e-07, "logit_restricted_loss_freq_6_rep": 4.803997472531908, "logit_freq_7_rep_trace_similarity": 1.8041046132566407e-06, "logit_excluded_loss_freq_7_rep": 1.1320707500046514e-07, "logit_restricted_loss_freq_7_rep": 4.80390125548834, "logit_freq_8_rep_trace_similarity": 0.64844810962677, "logit_excluded_loss_freq_8_rep": 23.958658298532626, "logit_restricted_loss_freq_8_rep": 1.313616210284288, "logit_freq_9_rep_trace_similarity": 2.6073394110426307e-07, "logit_excluded_loss_freq_9_rep": 1.1319630773739302e-07, "logit_restricted_loss_freq_9_rep": 4.804003732255333, "logit_freq_10_rep_trace_similarity": 5.123987648403272e-06, "logit_excluded_loss_freq_10_rep": 1.1323522917419658e-07, "logit_restricted_loss_freq_10_rep": 4.803680830711211, "logit_freq_11_rep_trace_similarity": 1.678545231698081e-07, "logit_excluded_loss_freq_11_rep": 1.1319560629281072e-07, "logit_restricted_loss_freq_11_rep": 4.804009899348657, "logit_freq_12_rep_trace_similarity": -9.575651347404346e-07, "logit_excluded_loss_freq_12_rep": 1.1318825675753215e-07, "logit_restricted_loss_freq_12_rep": 4.804084626761506, "logit_freq_13_rep_trace_similarity": -9.799303370527923e-05, "logit_excluded_loss_freq_13_rep": 1.1270461001818449e-07, "logit_restricted_loss_freq_13_rep": 4.810532992154086, "logit_freq_14_rep_trace_similarity": -1.287353370571509e-07, "logit_excluded_loss_freq_14_rep": 1.1319282658870435e-07, "logit_restricted_loss_freq_14_rep": 4.804029592661074, "logit_freq_15_rep_trace_similarity": -0.00023455311020370573, "logit_excluded_loss_freq_15_rep": 1.1199434781459286e-07, "logit_restricted_loss_freq_15_rep": 4.819625495023531, "logit_freq_16_rep_trace_similarity": 0.0001582945405971259, "logit_excluded_loss_freq_16_rep": 1.139681132029465e-07, "logit_restricted_loss_freq_16_rep": 4.793524228587234, "logit_freq_17_rep_trace_similarity": 3.3962351153604686e-07, "logit_excluded_loss_freq_17_rep": 1.1319662253622766e-07, "logit_restricted_loss_freq_17_rep": 4.803998494081259, "logit_freq_18_rep_trace_similarity": 0.00020849212887696922, "logit_excluded_loss_freq_18_rep": 1.1492799904653708e-07, "logit_restricted_loss_freq_18_rep": 4.790201297699644, "logit_freq_19_rep_trace_similarity": 7.526587069150992e-07, "logit_excluded_loss_freq_19_rep": 1.1320412395581462e-07, "logit_restricted_loss_freq_19_rep": 4.8039710691339925, "logit_freq_20_rep_trace_similarity": 5.34593709744513e-07, "logit_excluded_loss_freq_20_rep": 1.1319686248799907e-07, "logit_restricted_loss_freq_20_rep": 4.803985548316682, "logit_freq_21_rep_trace_similarity": 9.509531082585454e-07, "logit_excluded_loss_freq_21_rep": 1.1319999278792469e-07, "logit_restricted_loss_freq_21_rep": 4.80395790273991, "logit_freq_22_rep_trace_similarity": 5.69860731047811e-07, "logit_excluded_loss_freq_22_rep": 1.132001731927929e-07, "logit_restricted_loss_freq_22_rep": 4.80398320663678, "logit_freq_23_rep_trace_similarity": 0.1540621817111969, "logit_excluded_loss_freq_23_rep": 0.23783118535712042, "logit_restricted_loss_freq_23_rep": 2.042467560883015, "logit_freq_24_rep_trace_similarity": 3.960809044656344e-05, "logit_excluded_loss_freq_24_rep": 1.1348069179951694e-07, "logit_restricted_loss_freq_24_rep": 4.80139196519218, "logit_freq_25_rep_trace_similarity": -3.565146471373737e-07, "logit_excluded_loss_freq_25_rep": 1.1319263278828133e-07, "logit_restricted_loss_freq_25_rep": 4.80404471707671, "logit_freq_26_rep_trace_similarity": -2.368833520449698e-07, "logit_excluded_loss_freq_26_rep": 1.1319199837281594e-07, "logit_restricted_loss_freq_26_rep": 4.804036773620068, "logit_freq_27_rep_trace_similarity": 1.4597617337130941e-07, "logit_excluded_loss_freq_27_rep": 1.131958391508727e-07, "logit_restricted_loss_freq_27_rep": 4.804011352048978, "logit_freq_28_rep_trace_similarity": 0.17510896921157837, "logit_excluded_loss_freq_28_rep": 0.35165227925555725, "logit_restricted_loss_freq_28_rep": 1.976602844054835, "logit_freq_29_rep_trace_similarity": 2.909667728090426e-06, "logit_excluded_loss_freq_29_rep": 1.1321637050713979e-07, "logit_restricted_loss_freq_29_rep": 4.803827849907652, "logit_freq_30_rep_trace_similarity": -2.1615427613141946e-05, "logit_excluded_loss_freq_30_rep": 1.1303519442428894e-07, "logit_restricted_loss_freq_30_rep": 4.80545654854118, "percent_logits_explained": 0.51692795753479, "total_logit_excluded_loss": 59.430351351251105, "total_logit_restricted_loss": 5.339773158557079e-08, "epoch": 50000.0}