{"train_loss": 1.102713745934909e-07, "test_loss": 4.226925606753883e-07, "train_acc": 1.0, "test_acc": 1.0, "all_loss": 3.2897050739141107e-07, "percent_x_embed_trivial_rep": 4.523167808656581e-05, "percent_y_embed_trivial_rep": 4.523167808656581e-05, "percent_unembed_trivial_rep": 2.408628688499448e-06, "percent_hidden_trivial_rep": 0.3262926936149597, "hidden_excluded_loss_trivial_rep": 5.859284758738129e-07, "hidden_restricted_loss_trivial_rep": 5.175541505677777, "logit_sign_rep_trace_similarity": 0.20481781661510468, "logit_excluded_loss_sign_rep": 0.010445886413012773, "logit_restricted_loss_sign_rep": 4.1108750975222135, "percent_x_embed_sign_rep": 0.09327515214681625, "percent_y_embed_sign_rep": 0.09327515214681625, "percent_unembed_sign_rep": 0.07798552513122559, "percent_hidden_sign_rep": 0.007225677836686373, "hidden_excluded_loss_sign_rep": 0.06864351081586884, "hidden_restricted_loss_sign_rep": 4.152732433412089, "logit_freq_1_rep_trace_similarity": -7.132334758352954e-07, "logit_excluded_loss_freq_1_rep": 1.102652449057529e-07, "logit_restricted_loss_freq_1_rep": 4.8040684241726535, "percent_x_embed_freq_1_rep": 4.7697943955427036e-05, "percent_y_embed_freq_1_rep": 4.7697943955427036e-05, "percent_unembed_freq_1_rep": 1.8968545191455632e-05, "percent_hidden_freq_1_rep": 2.5630248501329334e-07, "hidden_excluded_loss_freq_1_rep": 5.645981605220932e-07, "hidden_restricted_loss_freq_1_rep": 4.804209353890988, "logit_freq_2_rep_trace_similarity": -2.696588126127608e-06, "logit_excluded_loss_freq_2_rep": 1.1024699101861834e-07, "logit_restricted_loss_freq_2_rep": 4.804200179530936, "percent_x_embed_freq_2_rep": 0.0008330444106832147, "percent_y_embed_freq_2_rep": 0.0008330444106832147, "percent_unembed_freq_2_rep": 3.9938429836183786e-05, "percent_hidden_freq_2_rep": 4.988132786820643e-07, "hidden_excluded_loss_freq_2_rep": 5.667480000270901e-07, "hidden_restricted_loss_freq_2_rep": 4.8044170041014915, "logit_freq_3_rep_trace_similarity": -1.232849172083661e-06, "logit_excluded_loss_freq_3_rep": 1.1026203771668673e-07, "logit_restricted_loss_freq_3_rep": 4.804102942113082, "percent_x_embed_freq_3_rep": 0.0007940903306007385, "percent_y_embed_freq_3_rep": 0.0007940903306007385, "percent_unembed_freq_3_rep": 2.8677983209490776e-05, "percent_hidden_freq_3_rep": 6.11088216828648e-06, "hidden_excluded_loss_freq_3_rep": 5.649239399044742e-07, "hidden_restricted_loss_freq_3_rep": 4.8047934422150265, "logit_freq_4_rep_trace_similarity": 1.917942427098751e-08, "logit_excluded_loss_freq_4_rep": 1.1027138662243796e-07, "logit_restricted_loss_freq_4_rep": 4.80401977066963, "percent_x_embed_freq_4_rep": 4.162287223152816e-05, "percent_y_embed_freq_4_rep": 4.162287223152816e-05, "percent_unembed_freq_4_rep": 1.80172391992528e-05, "percent_hidden_freq_4_rep": 3.560431593996327e-08, "hidden_excluded_loss_freq_4_rep": 5.654516078256211e-07, "hidden_restricted_loss_freq_4_rep": 4.804029837404402, "logit_freq_5_rep_trace_similarity": -7.704053859924898e-05, "logit_excluded_loss_freq_5_rep": 1.0988147140730523e-07, "logit_restricted_loss_freq_5_rep": 4.809142019483147, "percent_x_embed_freq_5_rep": 8.79386134329252e-05, "percent_y_embed_freq_5_rep": 8.79386134329252e-05, "percent_unembed_freq_5_rep": 5.22677946719341e-05, "percent_hidden_freq_5_rep": 0.0004650591581594199, "hidden_excluded_loss_freq_5_rep": 5.683285632149137e-07, "hidden_restricted_loss_freq_5_rep": 4.829561586812066, "logit_freq_6_rep_trace_similarity": 3.022942109964788e-07, "logit_excluded_loss_freq_6_rep": 1.1027499901877082e-07, "logit_restricted_loss_freq_6_rep": 4.8040009637792265, "percent_x_embed_freq_6_rep": 3.828732224064879e-05, "percent_y_embed_freq_6_rep": 3.828732224064879e-05, "percent_unembed_freq_6_rep": 1.564847116242163e-05, "percent_hidden_freq_6_rep": 2.9868050432924065e-07, "hidden_excluded_loss_freq_6_rep": 5.653779946707058e-07, "hidden_restricted_loss_freq_6_rep": 4.8040388291644565, "logit_freq_7_rep_trace_similarity": 8.874776540324092e-07, "logit_excluded_loss_freq_7_rep": 1.1027776782559808e-07, "logit_restricted_loss_freq_7_rep": 4.803962091201066, "percent_x_embed_freq_7_rep": 0.001056126900948584, "percent_y_embed_freq_7_rep": 0.001056126900948584, "percent_unembed_freq_7_rep": 7.441900379490107e-05, "percent_hidden_freq_7_rep": 2.6829459329746896e-06, "hidden_excluded_loss_freq_7_rep": 5.81687175693103e-07, "hidden_restricted_loss_freq_7_rep": 4.808849665074644, "logit_freq_8_rep_trace_similarity": 0.6489794254302979, "logit_excluded_loss_freq_8_rep": 24.036617820818606, "logit_restricted_loss_freq_8_rep": 1.3129823266853737, "percent_x_embed_freq_8_rep": 0.45636487007141113, "percent_y_embed_freq_8_rep": 0.45636487007141113, "percent_unembed_freq_8_rep": 0.4404725730419159, "percent_hidden_freq_8_rep": 0.05075585097074509, "hidden_excluded_loss_freq_8_rep": 24.287039250871967, "hidden_restricted_loss_freq_8_rep": 1.4324183472402117, "logit_freq_9_rep_trace_similarity": 1.9235449144616723e-07, "logit_excluded_loss_freq_9_rep": 1.1027334209445326e-07, "logit_restricted_loss_freq_9_rep": 4.8040082668997774, "percent_x_embed_freq_9_rep": 3.570461558410898e-05, "percent_y_embed_freq_9_rep": 3.570461558410898e-05, "percent_unembed_freq_9_rep": 1.2502710887929425e-05, "percent_hidden_freq_9_rep": 1.0389328508608742e-07, "hidden_excluded_loss_freq_9_rep": 5.660665767906599e-07, "hidden_restricted_loss_freq_9_rep": 4.804057751065262, "logit_freq_10_rep_trace_similarity": -1.4981891581555828e-05, "logit_excluded_loss_freq_10_rep": 1.101577307286064e-07, "logit_restricted_loss_freq_10_rep": 4.8050163957926015, "percent_x_embed_freq_10_rep": 7.090302824508399e-05, "percent_y_embed_freq_10_rep": 7.090302824508399e-05, "percent_unembed_freq_10_rep": 5.976668035145849e-05, "percent_hidden_freq_10_rep": 1.5670111679355614e-05, "hidden_excluded_loss_freq_10_rep": 5.713248823718933e-07, "hidden_restricted_loss_freq_10_rep": 4.806079886736284, "logit_freq_11_rep_trace_similarity": 8.629285730421543e-08, "logit_excluded_loss_freq_11_rep": 1.1027245377929806e-07, "logit_restricted_loss_freq_11_rep": 4.804015312416913, "percent_x_embed_freq_11_rep": 4.44200741185341e-05, "percent_y_embed_freq_11_rep": 4.44200741185341e-05, "percent_unembed_freq_11_rep": 1.271400924451882e-05, "percent_hidden_freq_11_rep": 3.5305070014146622e-06, "hidden_excluded_loss_freq_11_rep": 5.655066614469012e-07, "hidden_restricted_loss_freq_11_rep": 4.80418575706705, "logit_freq_12_rep_trace_similarity": -9.839072845352348e-07, "logit_excluded_loss_freq_12_rep": 1.1026470268336184e-07, "logit_restricted_loss_freq_12_rep": 4.804086404932288, "percent_x_embed_freq_12_rep": 0.0001303480821661651, "percent_y_embed_freq_12_rep": 0.0001303480821661651, "percent_unembed_freq_12_rep": 2.0693705664598383e-05, "percent_hidden_freq_12_rep": 5.880842479655257e-08, "hidden_excluded_loss_freq_12_rep": 5.65148742490215e-07, "hidden_restricted_loss_freq_12_rep": 4.804123724717134, "logit_freq_13_rep_trace_similarity": -0.00010140139784198254, "logit_excluded_loss_freq_13_rep": 1.0977908051609739e-07, "logit_restricted_loss_freq_13_rep": 4.810762677308495, "percent_x_embed_freq_13_rep": 0.0030401365365833044, "percent_y_embed_freq_13_rep": 0.0030401365365833044, "percent_unembed_freq_13_rep": 0.0004248323093634099, "percent_hidden_freq_13_rep": 2.1575127902906388e-05, "hidden_excluded_loss_freq_13_rep": 5.606895065757928e-07, "hidden_restricted_loss_freq_13_rep": 4.813383407261022, "logit_freq_14_rep_trace_similarity": -8.955112207331695e-09, "logit_excluded_loss_freq_14_rep": 1.1027138662243796e-07, "logit_restricted_loss_freq_14_rep": 4.804021639609567, "percent_x_embed_freq_14_rep": 4.538837310974486e-05, "percent_y_embed_freq_14_rep": 4.538837310974486e-05, "percent_unembed_freq_14_rep": 1.949187571881339e-05, "percent_hidden_freq_14_rep": 2.9326724870770704e-07, "hidden_excluded_loss_freq_14_rep": 5.654157515960773e-07, "hidden_restricted_loss_freq_14_rep": 4.804139173380164,