{"train_loss": 1.9031620278420554e-06, "test_loss": 6.8942678889329515e-06, "train_acc": 1.0, "test_acc": 1.0, "all_loss": 4.897825679824542e-06, "percent_x_embed_trivial_rep": 8.753584523901736e-08, "percent_y_embed_trivial_rep": 1.7596350687654194e-07, "percent_unembed_trivial_rep": 0.04289291799068451, "percent_hidden_x_trivial_rep": 2.8379110449420694e-15, "percent_hidden_y_trivial_rep": 2.8379110449420694e-15, "percent_hidden_xy_trivial_rep": 2.8379110449420694e-15, "total_percent_hidden_trivial_rep": 8.513733134826208e-15, "hidden_excluded_loss_trivial_rep": 2.131632257549873e-06, "hidden_restricted_loss_trivial_rep": 4.851269211978908, "logit_sign_rep_trace_similarity": 0.4652273952960968, "logit_excluded_loss_sign_rep": 0.00036750902951798004, "logit_restricted_loss_sign_rep": 4.0951895018919515, "percent_x_embed_sign_rep": 0.05837592855095863, "percent_y_embed_sign_rep": 0.05844161659479141, "percent_unembed_sign_rep": 0.07667432725429535, "percent_hidden_x_sign_rep": 0.021235093474388123, "percent_hidden_y_sign_rep": 0.02125091478228569, "percent_hidden_xy_sign_rep": 0.021127823740243912, "total_percent_hidden_sign_rep": 0.06361383199691772, "hidden_excluded_loss_sign_rep": 0.0003744002858053108, "hidden_restricted_loss_sign_rep": 4.0992361226552685, "logit_standard_rep_trace_similarity": 0.5972806811332703, "logit_excluded_loss_standard_rep": 4.568413515487804, "logit_restricted_loss_standard_rep": 0.001158436401334768, "percent_x_embed_standard_rep": 0.7225466966629028, "percent_y_embed_standard_rep": 0.7226572632789612, "percent_unembed_standard_rep": 0.5326213836669922, "percent_hidden_x_standard_rep": 0.2881512939929962, "percent_hidden_y_standard_rep": 0.27547284960746765, "percent_hidden_xy_standard_rep": 0.08310054987668991, "total_percent_hidden_standard_rep": 0.6467247009277344, "hidden_excluded_loss_standard_rep": 4.550959177881394, "hidden_restricted_loss_standard_rep": 0.0013305127265650822, "logit_standard_sign_rep_trace_similarity": -3.2798852771520615e-06, "logit_excluded_loss_standard_sign_rep": 1.9029739826902218e-06, "logit_restricted_loss_standard_sign_rep": 4.787591513177599, "percent_x_embed_standard_sign_rep": 8.84040787241247e-07, "percent_y_embed_standard_sign_rep": 1.2630215451281401e-06, "percent_unembed_standard_sign_rep": 0.0016361504094675183, "percent_hidden_x_standard_sign_rep": 5.297426923789317e-07, "percent_hidden_y_standard_sign_rep": 6.655925517407013e-07, "percent_hidden_xy_standard_sign_rep": 3.156075933929969e-08, "total_percent_hidden_standard_sign_rep": 1.2268959608263685e-06, "hidden_excluded_loss_standard_sign_rep": 1.9029968084170999e-06, "hidden_restricted_loss_standard_sign_rep": 4.787592122233958, "logit_s5_5d_a_rep_trace_similarity": 3.7933863495709375e-05, "logit_excluded_loss_s5_5d_a_rep": 1.9059117324210008e-06, "logit_restricted_loss_s5_5d_a_rep": 4.7860494074054465, "percent_x_embed_s5_5d_a_rep": 2.085397682094481e-06, "percent_y_embed_s5_5d_a_rep": 2.7861610760737676e-06, "percent_unembed_s5_5d_a_rep": 0.0027088422793895006, "percent_hidden_x_s5_5d_a_rep": 0.00011112324864370748, "percent_hidden_y_s5_5d_a_rep": 0.00011927611922146752, "percent_hidden_xy_s5_5d_a_rep": 1.1693738997564651e-05, "total_percent_hidden_s5_5d_a_rep": 0.00024209311231970787, "hidden_excluded_loss_s5_5d_a_rep": 1.9067786537774435e-06, "hidden_restricted_loss_s5_5d_a_rep": 4.786270248879273, "logit_s5_5d_b_rep_trace_similarity": 0.161454975605011, "logit_excluded_loss_s5_5d_b_rep": 0.0011914755474499359, "logit_restricted_loss_s5_5d_b_rep": 0.3469180601587557, "percent_x_embed_s5_5d_b_rep": 0.21906983852386475, "percent_y_embed_s5_5d_b_rep": 0.21889065206050873, "percent_unembed_s5_5d_b_rep": 0.33882442116737366, "percent_hidden_x_s5_5d_b_rep": 0.08233145624399185, "percent_hidden_y_s5_5d_b_rep": 0.07998069375753403, "percent_hidden_xy_s5_5d_b_rep": 0.01602947525680065, "total_percent_hidden_s5_5d_b_rep": 0.17834162712097168, "hidden_excluded_loss_s5_5d_b_rep": 0.0011953784021620814, "hidden_restricted_loss_s5_5d_b_rep": 0.39251656532978385, "logit_s5_6d_rep_trace_similarity": 5.472902557812631e-07, "logit_excluded_loss_s5_6d_rep": 1.9032175451419657e-06, "logit_restricted_loss_s5_6d_rep": 4.787466770942026, "percent_x_embed_s5_6d_rep": 4.451942004379816e-06, "percent_y_embed_s5_6d_rep": 6.218489488674095e-06, "percent_unembed_s5_6d_rep": 0.004641983192414045, "percent_hidden_x_s5_6d_rep": 2.7459971079224488e-06, "percent_hidden_y_s5_6d_rep": 3.55865608980821e-06, "percent_hidden_xy_s5_6d_rep": 2.8064459201004865e-08, "total_percent_hidden_s5_6d_rep": 6.332717475743266e-06, "hidden_excluded_loss_s5_6d_rep": 1.903202460082291e-06, "hidden_restricted_loss_s5_6d_rep": 4.787467489635834, "percent_logits_explained": 0.599248468875885, "total_logit_excluded_loss": 11.084960561056606, "total_logit_restricted_loss": 2.3755922650331938e-08, "total_hidden_excluded_loss": 10.993036383076003, "total_hidden_restricted_loss": 3.099467556156214e-08, "test_loss_restricted_loss_ratio": 222.43394273443653, "sum_of_squared_weights": 5733.6513671875, "percent_hidden_explained": 0.8886801600456238, "percent_hidden_xy_explained": 0.12025785446166992, "percent_x_embed_explained": 0.9999924898147583, "percent_y_embed_explained": 0.9999895691871643, "percent_unembed_explained": 0.9481201171875, "epoch": 250000.0}