{"train_loss": 8.859246219744575e-08, "test_loss": 1.8847545287725484e-07, "train_acc": 1.0, "test_acc": 1.0, "all_loss": 1.5851601308126488e-07, "logit_trivial_rep_trace_similarity": -1.7416823538951576e-10, "logit_excluded_loss_trivial_rep": 8.85924614714819e-08, "logit_restricted_loss_trivial_rep": 4.727387818712341, "logit_freq_1_rep_trace_similarity": 7.116717824828811e-06, "logit_excluded_loss_freq_1_rep": 8.861688450783644e-08, "logit_restricted_loss_freq_1_rep": 4.727073108252271, "logit_freq_2_rep_trace_similarity": 8.05543822934851e-06, "logit_excluded_loss_freq_2_rep": 8.860905340761776e-08, "logit_restricted_loss_freq_2_rep": 4.727031600522906, "logit_freq_3_rep_trace_similarity": 2.102023699990241e-06, "logit_excluded_loss_freq_3_rep": 8.859944648672415e-08, "logit_restricted_loss_freq_3_rep": 4.727294859353091, "logit_freq_4_rep_trace_similarity": 1.6792846508906223e-06, "logit_excluded_loss_freq_4_rep": 8.860114294697218e-08, "logit_restricted_loss_freq_4_rep": 4.727313554108184, "logit_freq_5_rep_trace_similarity": -1.712705852696672e-07, "logit_excluded_loss_freq_5_rep": 8.85917753840211e-08, "logit_restricted_loss_freq_5_rep": 4.727395393129041, "logit_freq_6_rep_trace_similarity": 1.0579151421552524e-07, "logit_excluded_loss_freq_6_rep": 8.859335631232312e-08, "logit_restricted_loss_freq_6_rep": 4.727383140112475, "logit_freq_7_rep_trace_similarity": 1.281301592825912e-05, "logit_excluded_loss_freq_7_rep": 8.866367367713492e-08, "logit_restricted_loss_freq_7_rep": 4.7268212463027055, "logit_freq_8_rep_trace_similarity": -9.80538061412517e-07, "logit_excluded_loss_freq_8_rep": 8.858621726758496e-08, "logit_restricted_loss_freq_8_rep": 4.727431183253004, "logit_freq_9_rep_trace_similarity": 7.415269465127494e-07, "logit_excluded_loss_freq_9_rep": 8.85959252489177e-08, "logit_restricted_loss_freq_9_rep": 4.727355025123428, "logit_freq_10_rep_trace_similarity": -1.309999788645655e-07, "logit_excluded_loss_freq_10_rep": 8.859170798317563e-08, "logit_restricted_loss_freq_10_rep": 4.727393612164689, "logit_freq_11_rep_trace_similarity": 2.0981678972020745e-07, "logit_excluded_loss_freq_11_rep": 8.859300301476764e-08, "logit_restricted_loss_freq_11_rep": 4.7273785396341985, "logit_freq_12_rep_trace_similarity": 2.4603650672361255e-08, "logit_excluded_loss_freq_12_rep": 8.85924614714819e-08, "logit_restricted_loss_freq_12_rep": 4.727386730621826, "logit_freq_13_rep_trace_similarity": 2.6842826628126204e-08, "logit_excluded_loss_freq_13_rep": 8.859246147159786e-08, "logit_restricted_loss_freq_13_rep": 4.727386631594741, "logit_freq_14_rep_trace_similarity": 4.1464636524324305e-06, "logit_excluded_loss_freq_14_rep": 8.859555092043004e-08, "logit_restricted_loss_freq_14_rep": 4.7272044507088395, "logit_freq_15_rep_trace_similarity": -1.7277516235481016e-06, "logit_excluded_loss_freq_15_rep": 8.858641207124464e-08, "logit_restricted_loss_freq_15_rep": 4.7274642295863964, "logit_freq_16_rep_trace_similarity": 0.7779734134674072, "logit_excluded_loss_freq_16_rep": 4.962841235053736, "logit_restricted_loss_freq_16_rep": 2.0430293822045393, "logit_freq_17_rep_trace_similarity": -3.5683087844518013e-06, "logit_excluded_loss_freq_17_rep": 8.857667653540367e-08, "logit_restricted_loss_freq_17_rep": 4.727545632570951, "logit_freq_18_rep_trace_similarity": 1.3175299500289839e-06, "logit_excluded_loss_freq_18_rep": 8.859824105036233e-08, "logit_restricted_loss_freq_18_rep": 4.727329552099435, "logit_freq_19_rep_trace_similarity": 5.977744876872748e-08, "logit_excluded_loss_freq_19_rep": 8.859244047284411e-08, "logit_restricted_loss_freq_19_rep": 4.727385175070158, "logit_freq_20_rep_trace_similarity": 5.134324965183623e-08, "logit_excluded_loss_freq_20_rep": 8.859273249913862e-08, "logit_restricted_loss_freq_20_rep": 4.727385548070066, "logit_freq_21_rep_trace_similarity": 1.0222720447927713e-07, "logit_excluded_loss_freq_21_rep": 8.859317904637449e-08, "logit_restricted_loss_freq_21_rep": 4.727383297743007, "logit_freq_22_rep_trace_similarity": 8.065853762673214e-08, "logit_excluded_loss_freq_22_rep": 8.859276395079507e-08, "logit_restricted_loss_freq_22_rep": 4.727384251610242, "logit_freq_23_rep_trace_similarity": 0.000302671454846859, "logit_excluded_loss_freq_23_rep": 9.0147038957861e-08, "logit_restricted_loss_freq_23_rep": 4.71404703640086, "logit_freq_24_rep_trace_similarity": 5.2962905101594515e-06, "logit_excluded_loss_freq_24_rep": 8.86184206348939e-08, "logit_restricted_loss_freq_24_rep": 4.727153605194417, "logit_freq_25_rep_trace_similarity": 5.058682290837169e-06, "logit_excluded_loss_freq_25_rep": 8.860843184169777e-08, "logit_restricted_loss_freq_25_rep": 4.7271641121621215, "logit_freq_26_rep_trace_similarity": -9.18171281227842e-06, "logit_excluded_loss_freq_26_rep": 8.856327330496948e-08, "logit_restricted_loss_freq_26_rep": 4.727793919078379, "logit_freq_27_rep_trace_similarity": -6.88181899022311e-07, "logit_excluded_loss_freq_27_rep": 8.859127410269731e-08, "logit_restricted_loss_freq_27_rep": 4.727418253628777, "logit_freq_28_rep_trace_similarity": 5.645451892632991e-07, "logit_excluded_loss_freq_28_rep": 8.859328601143435e-08, "logit_restricted_loss_freq_28_rep": 4.727362851987274, "logit_freq_29_rep_trace_similarity": -1.2234395398991182e-06, "logit_excluded_loss_freq_29_rep": 8.858891740662598e-08, "logit_restricted_loss_freq_29_rep": 4.7274419257785345, "logit_freq_30_rep_trace_similarity": 0.5176708102226257, "logit_excluded_loss_freq_30_rep": 3.1118456506583207, "logit_restricted_loss_freq_30_rep": 2.248600271919224, "logit_freq_31_rep_trace_similarity": 7.856715456000529e-08, "logit_excluded_loss_freq_31_rep": 8.859263544502156e-08, "logit_restricted_loss_freq_31_rep": 4.727384344101126, "logit_freq_32_rep_trace_similarity": 0.00031589739955961704, "logit_excluded_loss_freq_32_rep": 8.948794255286044e-08, "logit_restricted_loss_freq_32_rep": 4.71346612231078, "logit_freq_33_rep_trace_similarity": 8.769129635766149e-06, "logit_excluded_loss_freq_33_rep": 8.864100620274638e-08, "logit_restricted_loss_freq_33_rep": 4.727000043581731, "logit_freq_34_rep_trace_similarity": -5.478050297824666e-07, "logit_excluded_loss_freq_34_rep": 8.858926606001142e-08, "logit_restricted_loss_freq_34_rep": 4.727412045411317, "logit_freq_35_rep_trace_similarity": -5.900337782804854e-07, "logit_excluded_loss_freq_35_rep": 8.858985923005212e-08, "logit_restricted_loss_freq_35_rep": 4.727413912991161, "logit_freq_36_rep_trace_similarity": -1.2056989362463355e-07, "logit_excluded_loss_freq_36_rep": 8.859150782570163e-08, "logit_restricted_loss_freq_36_rep": 4.727393150894966, "logit_freq_37_rep_trace_similarity": 2.081263573927572e-06, "logit_excluded_loss_freq_37_rep": 8.860163774037741e-08, "logit_restricted_loss_freq_37_rep": 4.727295777427569, "logit_freq_38_rep_trace_similarity": 5.173478712094948e-08, "logit_excluded_loss_freq_38_rep": 8.859258785640585e-08, "logit_restricted_loss_freq_38_rep": 4.72738553075444, "logit_freq_39_rep_trace_similarity": 1.0356416169088334e-06, "logit_excluded_loss_freq_39_rep": 8.859624660469073e-08, "logit_restricted_loss_freq_39_rep": 4.7273420182261106, "logit_freq_40_rep_trace_similarity": -2.552802470745519e-06, "logit_excluded_loss_freq_40_rep": 8.858473029853653e-08, "logit_restricted_loss_freq_40_rep": 4.727500718996334, "logit_freq_41_rep_trace_similarity": 5.121428330312483e-06, "logit_excluded_loss_freq_41_rep": 8.860214089300287e-08, "logit_restricted_loss_freq_41_rep": 4.72716133754057, "logit_freq_42_rep_trace_similarity": -2.932160896307323e-07, "logit_excluded_loss_freq_42_rep": 8.859161593085573e-08, "logit_restricted_loss_freq_42_rep": 4.7274007861688, "logit_freq_43_rep_trace_similarity": -3.677814675029367e-08, "logit_excluded_loss_freq_43_rep": 8.85924614714819e-08, "logit_restricted_loss_freq_43_rep": 4.727389445218083, "logit_freq_44_rep_trace_similarity": 3.917570211342536e-06, "logit_excluded_loss_freq_44_rep": 8.860046994806935e-08, "logit_restricted_loss_freq_44_rep": 4.727214572569883,