{"train_loss": 1.7596346520252456e-06, "test_loss": 3.953867334059512e-06, "train_acc": 1.0, "test_acc": 1.0, "all_loss": 3.076174291677277e-06, "percent_x_embed_trivial_rep": 4.7105775280442685e-08, "percent_y_embed_trivial_rep": 3.956396454896094e-08, "percent_unembed_trivial_rep": 0.04564623907208443, "percent_hidden_x_trivial_rep": 3.045486209545629e-15, "percent_hidden_y_trivial_rep": 3.045486209545629e-15, "percent_hidden_xy_trivial_rep": 3.045486209545629e-15, "total_percent_hidden_trivial_rep": 9.136458205120414e-15, "hidden_excluded_loss_trivial_rep": 1.8395716057295136e-06, "hidden_restricted_loss_trivial_rep": 4.816213228034534, "logit_sign_rep_trace_similarity": 0.17316225171089172, "logit_excluded_loss_sign_rep": 6.351905508246892e-06, "logit_restricted_loss_sign_rep": 4.175413098100027, "percent_x_embed_sign_rep": 0.01810436323285103, "percent_y_embed_sign_rep": 0.018106551840901375, "percent_unembed_sign_rep": 0.047231219708919525, "percent_hidden_x_sign_rep": 0.0067347255535423756, "percent_hidden_y_sign_rep": 0.006616325117647648, "percent_hidden_xy_sign_rep": 0.0054381852969527245, "total_percent_hidden_sign_rep": 0.01878923550248146, "hidden_excluded_loss_sign_rep": 6.406693788218525e-06, "hidden_restricted_loss_sign_rep": 4.176809170534874, "logit_standard_rep_trace_similarity": 0.5891117453575134, "logit_excluded_loss_standard_rep": 4.196267312210374, "logit_restricted_loss_standard_rep": 0.002295257554042577, "percent_x_embed_standard_rep": 0.6671776175498962, "percent_y_embed_standard_rep": 0.6671440005302429, "percent_unembed_standard_rep": 0.5077281594276428, "percent_hidden_x_standard_rep": 0.24217012524604797, "percent_hidden_y_standard_rep": 0.2720329463481903, "percent_hidden_xy_standard_rep": 0.07677891105413437, "total_percent_hidden_standard_rep": 0.5909819602966309, "hidden_excluded_loss_standard_rep": 4.178474546641059, "hidden_restricted_loss_standard_rep": 0.0026170519731621962, "logit_standard_sign_rep_trace_similarity": 0.29396796226501465, "logit_excluded_loss_standard_sign_rep": 0.08363255504479943, "logit_restricted_loss_standard_sign_rep": 0.08139368277106059, "percent_x_embed_standard_sign_rep": 0.3147179186344147, "percent_y_embed_standard_sign_rep": 0.3147493600845337, "percent_unembed_standard_sign_rep": 0.3916662633419037, "percent_hidden_x_standard_sign_rep": 0.11484380811452866, "percent_hidden_y_standard_sign_rep": 0.11642663180828094, "percent_hidden_xy_standard_sign_rep": 0.025180555880069733, "total_percent_hidden_standard_sign_rep": 0.25645098090171814, "hidden_excluded_loss_standard_sign_rep": 0.08166763760262942, "hidden_restricted_loss_standard_sign_rep": 0.08439848535073095, "logit_s5_5d_a_rep_trace_similarity": 6.3300831243395805e-09, "logit_excluded_loss_s5_5d_a_rep": 1.7596347103992697e-06, "logit_restricted_loss_s5_5d_a_rep": 4.787491516899032, "percent_x_embed_s5_5d_a_rep": 2.5426921013149695e-08, "percent_y_embed_s5_5d_a_rep": 2.6968759669898645e-08, "percent_unembed_s5_5d_a_rep": 0.0018699313513934612, "percent_hidden_x_s5_5d_a_rep": 1.391865378508328e-08, "percent_hidden_y_s5_5d_a_rep": 1.4739593545698426e-08, "percent_hidden_xy_s5_5d_a_rep": 9.354136389083667e-12, "total_percent_hidden_s5_5d_a_rep": 2.8667601625897987e-08, "hidden_excluded_loss_s5_5d_a_rep": 1.759635552568956e-06, "hidden_restricted_loss_s5_5d_a_rep": 4.787491428334915, "logit_s5_5d_b_rep_trace_similarity": 0.0006622849032282829, "logit_excluded_loss_s5_5d_b_rep": 1.8056801212278814e-06, "logit_restricted_loss_s5_5d_b_rep": 4.763869922003388, "percent_x_embed_s5_5d_b_rep": 4.637653461259106e-08, "percent_y_embed_s5_5d_b_rep": 4.054954416687906e-08, "percent_unembed_s5_5d_b_rep": 0.0032563069835305214, "percent_hidden_x_s5_5d_b_rep": 0.0002141073637176305, "percent_hidden_y_s5_5d_b_rep": 0.00021420486154966056, "percent_hidden_xy_s5_5d_b_rep": 5.9858452004846185e-05, "total_percent_hidden_s5_5d_b_rep": 0.00048817068454809487, "hidden_excluded_loss_s5_5d_b_rep": 1.809337538060729e-06, "hidden_restricted_loss_s5_5d_b_rep": 4.764670512022113, "logit_s5_6d_rep_trace_similarity": -2.473912900313735e-06, "logit_excluded_loss_s5_6d_rep": 1.7594427782815358e-06, "logit_restricted_loss_s5_6d_rep": 4.787597678021351, "percent_x_embed_s5_6d_rep": 1.964834339673871e-08, "percent_y_embed_s5_6d_rep": 2.117901942710887e-08, "percent_unembed_s5_6d_rep": 0.002601815154775977, "percent_hidden_x_s5_6d_rep": 1.4125081548854723e-08, "percent_hidden_y_s5_6d_rep": 1.410859251649299e-08, "percent_hidden_xy_s5_6d_rep": 1.037867036757234e-06, "total_percent_hidden_s5_6d_rep": 1.0661007081580465e-06, "hidden_excluded_loss_s5_6d_rep": 1.7594257204854727e-06, "hidden_restricted_loss_s5_6d_rep": 4.787611805597029, "percent_logits_explained": 0.4634554088115692, "total_logit_excluded_loss": 13.071178216005299, "total_logit_restricted_loss": 1.238052999234264e-07, "total_hidden_excluded_loss": 13.044776173580269, "total_hidden_restricted_loss": 1.3935505183422916e-07, "test_loss_restricted_loss_ratio": 28.372615718035572, "sum_of_squared_weights": 5317.8173828125, "percent_hidden_explained": 0.8662221431732178, "percent_hidden_xy_explained": 0.1073976531624794, "percent_x_embed_explained": 0.9999998807907104, "percent_y_embed_explained": 0.9999999403953552, "percent_unembed_explained": 0.9466255903244019, "epoch": 250000.0}