{"train_loss": 1.52178330875894e-06, "test_loss": 2.815573839020078e-06, "train_acc": 1.0, "test_acc": 1.0, "all_loss": 2.2980575275816184e-06, "percent_x_embed_trivial_rep": 7.327594087058742e-10, "percent_y_embed_trivial_rep": 6.146333442202945e-10, "percent_unembed_trivial_rep": 0.047756027430295944, "percent_hidden_x_trivial_rep": 2.9108477814807163e-15, "percent_hidden_y_trivial_rep": 2.9108477814807163e-15, "percent_hidden_xy_trivial_rep": 2.9108477814807163e-15, "total_percent_hidden_trivial_rep": 8.732543767958623e-15, "hidden_excluded_loss_trivial_rep": 1.5344533832129287e-06, "hidden_restricted_loss_trivial_rep": 4.794699030096189, "logit_sign_rep_trace_similarity": 0.5134716033935547, "logit_excluded_loss_sign_rep": 0.0005822307504257547, "logit_restricted_loss_sign_rep": 4.094822666570356, "percent_x_embed_sign_rep": 0.06690438836812973, "percent_y_embed_sign_rep": 0.06690119206905365, "percent_unembed_sign_rep": 0.10212790220975876, "percent_hidden_x_sign_rep": 0.024224070832133293, "percent_hidden_y_sign_rep": 0.024223972111940384, "percent_hidden_xy_sign_rep": 0.02422213926911354, "total_percent_hidden_sign_rep": 0.07267017662525177, "hidden_excluded_loss_sign_rep": 0.0005842611435706916, "hidden_restricted_loss_sign_rep": 4.095538222788585, "logit_standard_rep_trace_similarity": 0.7730824947357178, "logit_excluded_loss_standard_rep": 6.972203113807298, "logit_restricted_loss_standard_rep": 0.00010082919825766089, "percent_x_embed_standard_rep": 0.9330956935882568, "percent_y_embed_standard_rep": 0.9330987930297852, "percent_unembed_standard_rep": 0.8438395857810974, "percent_hidden_x_standard_rep": 0.36114853620529175, "percent_hidden_y_standard_rep": 0.357070654630661, "percent_hidden_xy_standard_rep": 0.10564366728067398, "total_percent_hidden_standard_rep": 0.8238628506660461, "hidden_excluded_loss_standard_rep": 6.967912020349124, "hidden_restricted_loss_standard_rep": 0.00010526996832994963, "logit_standard_sign_rep_trace_similarity": 6.402842700481415e-10, "logit_excluded_loss_standard_sign_rep": 1.5217829745030224e-06, "logit_restricted_loss_standard_sign_rep": 4.787491723714752, "percent_x_embed_standard_sign_rep": 7.868740659056073e-10, "percent_y_embed_standard_sign_rep": 6.906845650966886e-10, "percent_unembed_standard_sign_rep": 0.0005502090789377689, "percent_hidden_x_standard_sign_rep": 4.96374608083272e-10, "percent_hidden_y_standard_sign_rep": 4.567125844179287e-10, "percent_hidden_xy_standard_sign_rep": 5.2026975392791e-13, "total_percent_hidden_standard_sign_rep": 9.536074152549645e-10, "hidden_excluded_loss_standard_sign_rep": 1.5217830610783483e-06, "hidden_restricted_loss_standard_sign_rep": 4.787491741882434, "logit_s5_5d_a_rep_trace_similarity": -1.949956640601158e-09, "logit_excluded_loss_s5_5d_a_rep": 1.5217829745030224e-06, "logit_restricted_loss_s5_5d_a_rep": 4.787491815367766, "percent_x_embed_s5_5d_a_rep": 2.2795543230813564e-09, "percent_y_embed_s5_5d_a_rep": 2.3705140073104758e-09, "percent_unembed_s5_5d_a_rep": 0.0011299543548375368, "percent_hidden_x_s5_5d_a_rep": 1.1210631312152941e-09, "percent_hidden_y_s5_5d_a_rep": 1.1963555701655082e-09, "percent_hidden_xy_s5_5d_a_rep": 2.739140565841819e-13, "total_percent_hidden_s5_5d_a_rep": 2.3176927044232798e-09, "hidden_excluded_loss_s5_5d_a_rep": 1.521783130000054e-06, "hidden_restricted_loss_s5_5d_a_rep": 4.787491757261057, "logit_s5_5d_b_rep_trace_similarity": 0.0006767950253561139, "logit_excluded_loss_s5_5d_b_rep": 1.5649932260815388e-06, "logit_restricted_loss_s5_5d_b_rep": 4.762311256746035, "percent_x_embed_s5_5d_b_rep": 4.148183574415043e-09, "percent_y_embed_s5_5d_b_rep": 4.428831523739518e-09, "percent_unembed_s5_5d_b_rep": 0.0030568083748221397, "percent_hidden_x_s5_5d_b_rep": 0.0002046107838395983, "percent_hidden_y_s5_5d_b_rep": 0.0002050863258773461, "percent_hidden_xy_s5_5d_b_rep": 5.802079977001995e-05, "total_percent_hidden_s5_5d_b_rep": 0.0004677179385907948, "hidden_excluded_loss_s5_5d_b_rep": 1.5658505863467734e-06, "hidden_restricted_loss_s5_5d_b_rep": 4.762568137161462, "logit_s5_6d_rep_trace_similarity": 3.914465196430683e-09, "logit_excluded_loss_s5_6d_rep": 1.5217829745032151e-06, "logit_restricted_loss_s5_6d_rep": 4.787491567926289, "percent_x_embed_s5_6d_rep": 2.514159547217787e-09, "percent_y_embed_s5_6d_rep": 2.4114972241306987e-09, "percent_unembed_s5_6d_rep": 0.0015395241789519787, "percent_hidden_x_s5_6d_rep": 1.4183635377307269e-09, "percent_hidden_y_s5_6d_rep": 1.3833982848154847e-09, "percent_hidden_xy_s5_6d_rep": 1.0216963993586736e-12, "total_percent_hidden_s5_6d_rep": 2.802783560795774e-09, "hidden_excluded_loss_s5_6d_rep": 1.5217835636516711e-06, "hidden_restricted_loss_s5_6d_rep": 4.787491814030561, "percent_logits_explained": 0.8613101243972778, "total_logit_excluded_loss": 7.344895666657632, "total_logit_restricted_loss": 6.837405506641386e-07, "total_hidden_excluded_loss": 7.340541356303224, "total_hidden_restricted_loss": 7.114755542066164e-07, "test_loss_restricted_loss_ratio": 3.957372565189246, "sum_of_squared_weights": 4989.52197265625, "percent_hidden_explained": 0.8965330123901367, "percent_hidden_xy_explained": 0.12986581027507782, "percent_x_embed_explained": 1.0000001192092896, "percent_y_embed_explained": 1.0, "percent_unembed_explained": 0.9459674954414368, "epoch": 250000.0}