{"train_loss": 2.495272136763516e-06, "test_loss": 0.0009175335805078133, "train_acc": 1.0, "test_acc": 0.9998842477798462, "all_loss": 0.000551518257373979, "percent_x_embed_trivial_rep": 0.000266625895164907, "percent_y_embed_trivial_rep": 0.0002651503891684115, "percent_unembed_trivial_rep": 0.03286498785018921, "percent_hidden_x_trivial_rep": 2.8162651179749858e-15, "percent_hidden_y_trivial_rep": 2.8162651179749858e-15, "percent_hidden_xy_trivial_rep": 2.8162651179749858e-15, "total_percent_hidden_trivial_rep": 8.448795353924957e-15, "hidden_excluded_loss_trivial_rep": 2.942380880127736e-06, "hidden_restricted_loss_trivial_rep": 4.882684911224458, "logit_sign_rep_trace_similarity": 0.35814011096954346, "logit_excluded_loss_sign_rep": 3.0107251323785633e-05, "logit_restricted_loss_sign_rep": 4.108392548017207, "percent_x_embed_sign_rep": 0.044655296951532364, "percent_y_embed_sign_rep": 0.04251350089907646, "percent_unembed_sign_rep": 0.043294407427310944, "percent_hidden_x_sign_rep": 0.016253381967544556, "percent_hidden_y_sign_rep": 0.01565801538527012, "percent_hidden_xy_sign_rep": 0.014036636799573898, "total_percent_hidden_sign_rep": 0.04594803228974342, "hidden_excluded_loss_sign_rep": 3.092151171483793e-05, "hidden_restricted_loss_sign_rep": 4.114879715737145, "logit_standard_rep_trace_similarity": 0.20241892337799072, "logit_excluded_loss_standard_rep": 0.0002812301825793136, "logit_restricted_loss_standard_rep": 1.0697645206801631, "percent_x_embed_standard_rep": 0.18610000610351562, "percent_y_embed_standard_rep": 0.18447807431221008, "percent_unembed_standard_rep": 0.1723087728023529, "percent_hidden_x_standard_rep": 0.07763320207595825, "percent_hidden_y_standard_rep": 0.07880216091871262, "percent_hidden_xy_standard_rep": 0.018843138590455055, "total_percent_hidden_standard_rep": 0.17527851462364197, "hidden_excluded_loss_standard_rep": 0.0005064916516215755, "hidden_restricted_loss_standard_rep": 1.8636213748969117, "logit_standard_sign_rep_trace_similarity": 0.34762465953826904, "logit_excluded_loss_standard_sign_rep": 0.010736044053008082, "logit_restricted_loss_standard_sign_rep": 0.08945548102673756, "percent_x_embed_standard_sign_rep": 0.377993106842041, "percent_y_embed_standard_sign_rep": 0.3834909200668335, "percent_unembed_standard_sign_rep": 0.3774569034576416, "percent_hidden_x_standard_sign_rep": 0.13731443881988525, "percent_hidden_y_standard_sign_rep": 0.1417800933122635, "percent_hidden_xy_standard_sign_rep": 0.024786101654171944, "total_percent_hidden_standard_sign_rep": 0.30388063192367554, "hidden_excluded_loss_standard_sign_rep": 0.020821923787692095, "hidden_restricted_loss_standard_sign_rep": 0.14331825407213733, "logit_s5_5d_a_rep_trace_similarity": 0.2572247385978699, "logit_excluded_loss_s5_5d_a_rep": 0.009220000344036717, "logit_restricted_loss_s5_5d_a_rep": 0.10966488711876264, "percent_x_embed_s5_5d_a_rep": 0.34449324011802673, "percent_y_embed_s5_5d_a_rep": 0.34040170907974243, "percent_unembed_s5_5d_a_rep": 0.252516508102417, "percent_hidden_x_s5_5d_a_rep": 0.13221310079097748, "percent_hidden_y_s5_5d_a_rep": 0.13154242932796478, "percent_hidden_xy_s5_5d_a_rep": 0.03165380656719208, "total_percent_hidden_s5_5d_a_rep": 0.29540932178497314, "hidden_excluded_loss_s5_5d_a_rep": 0.01497311400795761, "hidden_restricted_loss_s5_5d_a_rep": 0.547811163886662, "logit_s5_5d_b_rep_trace_similarity": 0.04853329434990883, "logit_excluded_loss_s5_5d_b_rep": 1.0935996920915019e-05, "logit_restricted_loss_s5_5d_b_rep": 3.3916650756729885, "percent_x_embed_s5_5d_b_rep": 0.04434420168399811, "percent_y_embed_s5_5d_b_rep": 0.04696647450327873, "percent_unembed_s5_5d_b_rep": 0.10611192882061005, "percent_hidden_x_s5_5d_b_rep": 0.018871106207370758, "percent_hidden_y_s5_5d_b_rep": 0.02060553804039955, "percent_hidden_xy_s5_5d_b_rep": 0.0028584955725818872, "total_percent_hidden_s5_5d_b_rep": 0.0423351414501667, "hidden_excluded_loss_s5_5d_b_rep": 1.2112259707119212e-05, "hidden_restricted_loss_s5_5d_b_rep": 3.5003088281144272, "logit_s5_6d_rep_trace_similarity": 2.4043882149271667e-05, "logit_excluded_loss_s5_6d_rep": 2.497731597912499e-06, "logit_restricted_loss_s5_6d_rep": 4.786634116084277, "percent_x_embed_s5_6d_rep": 0.0021475048270076513, "percent_y_embed_s5_6d_rep": 0.0018841733690351248, "percent_unembed_s5_6d_rep": 0.015446476638317108, "percent_hidden_x_s5_6d_rep": 0.0009796294616535306, "percent_hidden_y_s5_6d_rep": 0.0009072543471120298, "percent_hidden_xy_s5_6d_rep": 3.4225042782054516e-06, "total_percent_hidden_s5_6d_rep": 0.0018903062446042895, "hidden_excluded_loss_s5_6d_rep": 2.4984646101711985e-06, "hidden_restricted_loss_s5_6d_rep": 4.7867338290316255, "percent_logits_explained": 0.3586007058620453, "total_logit_excluded_loss": 10.603611994018848, "total_logit_restricted_loss": 4.2520350435901854e-08, "total_hidden_excluded_loss": 9.583316167825986, "total_hidden_restricted_loss": 2.618732921299157e-07, "test_loss_restricted_loss_ratio": 3503.7310336046926, "sum_of_squared_weights": 7182.03173828125, "percent_hidden_explained": 0.862851619720459, "percent_hidden_xy_explained": 0.09217818081378937, "percent_x_embed_explained": 0.9975858926773071, "percent_y_embed_explained": 0.9978507161140442, "percent_unembed_explained": 0.9516885280609131, "epoch": 250000.0}