{"train_loss": 1.544886788368381e-06, "test_loss": 2.7890054806340015e-06, "train_acc": 1.0, "test_acc": 1.0, "all_loss": 2.2913579577968717e-06, "percent_x_embed_trivial_rep": 1.4505589263080765e-07, "percent_y_embed_trivial_rep": 1.4131985892618104e-07, "percent_unembed_trivial_rep": 0.05353879556059837, "percent_hidden_x_trivial_rep": 3.2902918603128044e-15, "percent_hidden_y_trivial_rep": 3.2902918603128044e-15, "percent_hidden_xy_trivial_rep": 3.2902918603128044e-15, "total_percent_hidden_trivial_rep": 9.870875580938413e-15, "hidden_excluded_loss_trivial_rep": 1.567450201292332e-06, "hidden_restricted_loss_trivial_rep": 4.795962434699524, "logit_sign_rep_trace_similarity": 0.3908453583717346, "logit_excluded_loss_sign_rep": 2.479075172116053e-05, "logit_restricted_loss_sign_rep": 4.108265619739982, "percent_x_embed_sign_rep": 0.032958585768938065, "percent_y_embed_sign_rep": 0.03295665979385376, "percent_unembed_sign_rep": 0.06978992372751236, "percent_hidden_x_sign_rep": 0.01201104186475277, "percent_hidden_y_sign_rep": 0.01201098132878542, "percent_hidden_xy_sign_rep": 0.012010065838694572, "total_percent_hidden_sign_rep": 0.03603208810091019, "hidden_excluded_loss_sign_rep": 2.4898772797271442e-05, "hidden_restricted_loss_sign_rep": 4.108890517916407, "logit_standard_rep_trace_similarity": 0.5826452970504761, "logit_excluded_loss_standard_rep": 0.28685907442984193, "logit_restricted_loss_standard_rep": 0.018666740309325486, "percent_x_embed_standard_rep": 0.5651226043701172, "percent_y_embed_standard_rep": 0.5651339292526245, "percent_unembed_standard_rep": 0.462096244096756, "percent_hidden_x_standard_rep": 0.22342707216739655, "percent_hidden_y_standard_rep": 0.22227239608764648, "percent_hidden_xy_standard_rep": 0.06526784598827362, "total_percent_hidden_standard_rep": 0.5109673142433167, "hidden_excluded_loss_standard_rep": 0.28736159941036776, "hidden_restricted_loss_standard_rep": 0.019347081670570056, "logit_standard_sign_rep_trace_similarity": 7.60337570682168e-10, "logit_excluded_loss_standard_sign_rep": 1.5448866054458013e-06, "logit_restricted_loss_standard_sign_rep": 4.787491726178792, "percent_x_embed_standard_sign_rep": 1.0993446153406694e-09, "percent_y_embed_standard_sign_rep": 1.082586353895465e-09, "percent_unembed_standard_sign_rep": 0.0006362366257235408, "percent_hidden_x_standard_sign_rep": 6.089418969068561e-10, "percent_hidden_y_standard_sign_rep": 6.293213172803291e-10, "percent_hidden_xy_standard_sign_rep": 5.045894257982297e-13, "total_percent_hidden_standard_sign_rep": 1.2387678660630286e-09, "hidden_excluded_loss_standard_sign_rep": 1.54488658889869e-06, "hidden_restricted_loss_standard_sign_rep": 4.787491737207173, "logit_s5_5d_a_rep_trace_similarity": 0.3294704556465149, "logit_excluded_loss_s5_5d_a_rep": 0.03553225364355448, "logit_restricted_loss_s5_5d_a_rep": 0.0370940778514889, "percent_x_embed_s5_5d_a_rep": 0.4019187390804291, "percent_y_embed_s5_5d_a_rep": 0.4019092321395874, "percent_unembed_s5_5d_a_rep": 0.41073843836784363, "percent_hidden_x_s5_5d_a_rep": 0.17573484778404236, "percent_hidden_y_s5_5d_a_rep": 0.14999379217624664, "percent_hidden_xy_s5_5d_a_rep": 0.03687432035803795, "total_percent_hidden_s5_5d_a_rep": 0.36260297894477844, "hidden_excluded_loss_s5_5d_a_rep": 0.03561241915899044, "hidden_restricted_loss_s5_5d_a_rep": 0.03904530416711948, "logit_s5_5d_b_rep_trace_similarity": 0.00012960645835846663, "logit_excluded_loss_s5_5d_b_rep": 1.5500483128603872e-06, "logit_restricted_loss_s5_5d_b_rep": 4.7839542735466845, "percent_x_embed_s5_5d_b_rep": 2.057281456302462e-09, "percent_y_embed_s5_5d_b_rep": 2.038598845288675e-09, "percent_unembed_s5_5d_b_rep": 0.0012610459234565496, "percent_hidden_x_s5_5d_b_rep": 2.4080400180537254e-05, "percent_hidden_y_s5_5d_b_rep": 2.4017812393140048e-05, "percent_hidden_xy_s5_5d_b_rep": 8.37363586470019e-06, "total_percent_hidden_s5_5d_b_rep": 5.6471850257366896e-05, "hidden_excluded_loss_s5_5d_b_rep": 1.5501586074576276e-06, "hidden_restricted_loss_s5_5d_b_rep": 4.783970771754046, "logit_s5_6d_rep_trace_similarity": 8.11269273981452e-09, "logit_excluded_loss_s5_6d_rep": 1.5448866054543978e-06, "logit_restricted_loss_s5_6d_rep": 4.787491477050517, "percent_x_embed_s5_6d_rep": 2.341949967288315e-09, "percent_y_embed_s5_6d_rep": 2.567939860753654e-09, "percent_unembed_s5_6d_rep": 0.001939340028911829, "percent_hidden_x_s5_6d_rep": 1.2386870418268359e-09, "percent_hidden_y_s5_6d_rep": 1.3969811973879587e-09, "percent_hidden_xy_s5_6d_rep": 1.1828550292025675e-12, "total_percent_hidden_s5_6d_rep": 2.6368509598029277e-09, "hidden_excluded_loss_s5_6d_rep": 1.5448869899522956e-06, "hidden_restricted_loss_s5_6d_rep": 4.787491680104633, "percent_logits_explained": 0.6007863879203796, "total_logit_excluded_loss": 8.944838563250538, "total_logit_restricted_loss": 6.937829306303924e-08, "total_hidden_excluded_loss": 8.947468542885863, "total_hidden_restricted_loss": 7.535768508178733e-08, "test_loss_restricted_loss_ratio": 37.01023296571588, "sum_of_squared_weights": 4975.80078125, "percent_hidden_explained": 0.9096024036407471, "percent_hidden_xy_explained": 0.11415223777294159, "percent_x_embed_explained": 0.9999998807907104, "percent_y_embed_explained": 0.9999998211860657, "percent_unembed_explained": 0.942624568939209, "epoch": 250000.0}