{"train_loss": 1.682662195279917e-06, "test_loss": 3.1279903970938887e-06, "train_acc": 1.0, "test_acc": 1.0, "all_loss": 2.5498592238314636e-06, "percent_x_embed_trivial_rep": 1.1527986343295993e-09, "percent_y_embed_trivial_rep": 2.8156008635704666e-09, "percent_unembed_trivial_rep": 0.06176010146737099, "percent_hidden_x_trivial_rep": 1.5203823180696984e-15, "percent_hidden_y_trivial_rep": 1.5203823180696984e-15, "percent_hidden_xy_trivial_rep": 1.5203823180696984e-15, "total_percent_hidden_trivial_rep": 4.561147060088214e-15, "hidden_excluded_loss_trivial_rep": 1.7184665241572881e-06, "hidden_restricted_loss_trivial_rep": 4.802377587528145, "logit_sign_rep_trace_similarity": 0.5069842338562012, "logit_excluded_loss_sign_rep": 0.0006920182649947351, "logit_restricted_loss_sign_rep": 4.09478655493313, "percent_x_embed_sign_rep": 0.06821907311677933, "percent_y_embed_sign_rep": 0.06821702420711517, "percent_unembed_sign_rep": 0.09810687601566315, "percent_hidden_x_sign_rep": 0.0246830303221941, "percent_hidden_y_sign_rep": 0.024681800976395607, "percent_hidden_xy_sign_rep": 0.024680545553565025, "total_percent_hidden_sign_rep": 0.07404537498950958, "hidden_excluded_loss_sign_rep": 0.0006930324295768314, "hidden_restricted_loss_sign_rep": 4.095290110949376, "logit_standard_rep_trace_similarity": 0.7552036046981812, "logit_excluded_loss_standard_rep": 7.861712860707677, "logit_restricted_loss_standard_rep": 0.00010136762651878524, "percent_x_embed_standard_rep": 0.9317809343338013, "percent_y_embed_standard_rep": 0.9317830204963684, "percent_unembed_standard_rep": 0.8308707475662231, "percent_hidden_x_standard_rep": 0.3486039340496063, "percent_hidden_y_standard_rep": 0.35087043046951294, "percent_hidden_xy_standard_rep": 0.10477717965841293, "total_percent_hidden_standard_rep": 0.804251492023468, "hidden_excluded_loss_standard_rep": 7.863214807329314, "hidden_restricted_loss_standard_rep": 0.00010731632149650822, "logit_standard_sign_rep_trace_similarity": 8.913048077374697e-10, "logit_excluded_loss_standard_sign_rep": 1.682662348767721e-06, "logit_restricted_loss_standard_sign_rep": 4.787491715623667, "percent_x_embed_standard_sign_rep": 3.4958747008317914e-09, "percent_y_embed_standard_sign_rep": 3.633363832022951e-09, "percent_unembed_standard_sign_rep": 0.0005099106347188354, "percent_hidden_x_standard_sign_rep": 2.425900147429161e-09, "percent_hidden_y_standard_sign_rep": 2.1662973637148752e-09, "percent_hidden_xy_standard_sign_rep": 4.1103207534635977e-13, "total_percent_hidden_standard_sign_rep": 4.592608959796962e-09, "hidden_excluded_loss_standard_sign_rep": 1.6826619780958578e-06, "hidden_restricted_loss_standard_sign_rep": 4.7874917148202565, "logit_s5_5d_a_rep_trace_similarity": -2.291926648467779e-09, "logit_excluded_loss_s5_5d_a_rep": 1.682662348767721e-06, "logit_restricted_loss_s5_5d_a_rep": 4.787491830076839, "percent_x_embed_s5_5d_a_rep": 8.484116520435236e-09, "percent_y_embed_s5_5d_a_rep": 9.429120595427776e-09, "percent_unembed_s5_5d_a_rep": 0.0012802621349692345, "percent_hidden_x_s5_5d_a_rep": 4.804421305237838e-09, "percent_hidden_y_s5_5d_a_rep": 4.867921177265089e-09, "percent_hidden_xy_s5_5d_a_rep": 6.278895047125144e-13, "total_percent_hidden_s5_5d_a_rep": 9.672970868734865e-09, "hidden_excluded_loss_s5_5d_a_rep": 1.6826626450935829e-06, "hidden_restricted_loss_s5_5d_a_rep": 4.78749173601178, "logit_s5_5d_b_rep_trace_similarity": 0.0015958440490067005, "logit_excluded_loss_s5_5d_b_rep": 1.7991454636900844e-06, "logit_restricted_loss_s5_5d_b_rep": 4.726783502488183, "percent_x_embed_s5_5d_b_rep": 1.8774798604681564e-08, "percent_y_embed_s5_5d_b_rep": 1.843772601262117e-08, "percent_unembed_s5_5d_b_rep": 0.00564724113792181, "percent_hidden_x_s5_5d_b_rep": 0.0005616476992145181, "percent_hidden_y_s5_5d_b_rep": 0.000561901309993118, "percent_hidden_xy_s5_5d_b_rep": 0.00014521660341415554, "total_percent_hidden_s5_5d_b_rep": 0.0012687655398622155, "hidden_excluded_loss_s5_5d_b_rep": 1.8003472969994821e-06, "hidden_restricted_loss_s5_5d_b_rep": 4.72818450242028, "logit_s5_6d_rep_trace_similarity": -5.820766091346741e-10, "logit_excluded_loss_s5_6d_rep": 1.6826623487676825e-06, "logit_restricted_loss_s5_6d_rep": 4.787491769386173, "percent_x_embed_s5_6d_rep": 1.1281887424274828e-08, "percent_y_embed_s5_6d_rep": 1.0562766661337264e-08, "percent_unembed_s5_6d_rep": 0.0018248583655804396, "percent_hidden_x_s5_6d_rep": 6.902958205046161e-09, "percent_hidden_y_s5_6d_rep": 5.788694412700579e-09, "percent_hidden_xy_s5_6d_rep": 2.8465385430720413e-12, "total_percent_hidden_s5_6d_rep": 1.269449878549267e-08, "hidden_excluded_loss_s5_6d_rep": 1.6826625258883115e-06, "hidden_restricted_loss_s5_6d_rep": 4.7874919637233075, "percent_logits_explained": 0.8273680806159973, "total_logit_excluded_loss": 8.138345816624582, "total_logit_restricted_loss": 6.854444889852901e-07, "total_hidden_excluded_loss": 8.137733271692865, "total_hidden_restricted_loss": 7.356081428141465e-07, "test_loss_restricted_loss_ratio": 4.2522509132748745, "sum_of_squared_weights": 5064.61279296875, "percent_hidden_explained": 0.8782968521118164, "percent_hidden_xy_explained": 0.1294577270746231, "percent_x_embed_explained": 1.0, "percent_y_embed_explained": 1.0, "percent_unembed_explained": 0.9289776086807251, "epoch": 250000.0}