{"train_loss": 1.8860184137225128e-06, "test_loss": 8.569289400295143e-06, "train_acc": 1.0, "test_acc": 1.0, "all_loss": 5.895980982630119e-06, "percent_x_embed_trivial_rep": 1.0137975436919078e-07, "percent_y_embed_trivial_rep": 3.6163792174193077e-06, "percent_unembed_trivial_rep": 0.05687287077307701, "percent_hidden_x_trivial_rep": 2.695819573974266e-15, "percent_hidden_y_trivial_rep": 2.695819573974266e-15, "percent_hidden_xy_trivial_rep": 2.695819573974266e-15, "total_percent_hidden_trivial_rep": 8.087458721922798e-15, "hidden_excluded_loss_trivial_rep": 2.0160816178037104e-06, "hidden_restricted_loss_trivial_rep": 4.823201205012267, "logit_sign_rep_trace_similarity": 0.41536179184913635, "logit_excluded_loss_sign_rep": 5.435933754009305e-05, "logit_restricted_loss_sign_rep": 4.100534064377009, "percent_x_embed_sign_rep": 0.03813804313540459, "percent_y_embed_sign_rep": 0.03716567903757095, "percent_unembed_sign_rep": 0.07003600895404816, "percent_hidden_x_sign_rep": 0.013889370486140251, "percent_hidden_y_sign_rep": 0.013502995483577251, "percent_hidden_xy_sign_rep": 0.013311543501913548, "total_percent_hidden_sign_rep": 0.0407039076089859, "hidden_excluded_loss_sign_rep": 5.533905031044667e-05, "hidden_restricted_loss_sign_rep": 4.104207893269875, "logit_standard_rep_trace_similarity": 0.27808722853660583, "logit_excluded_loss_standard_rep": 0.0016572852525696118, "logit_restricted_loss_standard_rep": 0.41427492258143683, "percent_x_embed_standard_rep": 0.22788545489311218, "percent_y_embed_standard_rep": 0.22792115807533264, "percent_unembed_standard_rep": 0.255013644695282, "percent_hidden_x_standard_rep": 0.09032154083251953, "percent_hidden_y_standard_rep": 0.08960132300853729, "percent_hidden_xy_standard_rep": 0.026108425110578537, "total_percent_hidden_standard_rep": 0.20603129267692566, "hidden_excluded_loss_standard_rep": 0.002531346469662954, "hidden_restricted_loss_standard_rep": 1.3396333521465522, "logit_standard_sign_rep_trace_similarity": 0.05221697688102722, "logit_excluded_loss_standard_sign_rep": 7.118288913491677e-06, "logit_restricted_loss_standard_sign_rep": 3.561411207475069, "percent_x_embed_standard_sign_rep": 0.03143422305583954, "percent_y_embed_standard_sign_rep": 0.0313035249710083, "percent_unembed_standard_sign_rep": 0.09372212737798691, "percent_hidden_x_standard_sign_rep": 0.011448552832007408, "percent_hidden_y_standard_sign_rep": 0.011378590017557144, "percent_hidden_xy_standard_sign_rep": 0.0025552287697792053, "total_percent_hidden_standard_sign_rep": 0.025382371619343758, "hidden_excluded_loss_standard_sign_rep": 8.3748177583255e-06, "hidden_restricted_loss_standard_sign_rep": 3.6695617412779002, "logit_s5_5d_a_rep_trace_similarity": 0.49235546588897705, "logit_excluded_loss_s5_5d_a_rep": 2.580177449345603, "logit_restricted_loss_s5_5d_a_rep": 0.00027122996247737574, "percent_x_embed_s5_5d_a_rep": 0.7025310397148132, "percent_y_embed_s5_5d_a_rep": 0.7033488750457764, "percent_unembed_s5_5d_a_rep": 0.516485333442688, "percent_hidden_x_s5_5d_a_rep": 0.29213184118270874, "percent_hidden_y_s5_5d_a_rep": 0.2756946384906769, "percent_hidden_xy_s5_5d_a_rep": 0.06441967189311981, "total_percent_hidden_s5_5d_a_rep": 0.632246196269989, "hidden_excluded_loss_s5_5d_a_rep": 2.506189976239347, "hidden_restricted_loss_s5_5d_a_rep": 0.00034676177612604647, "logit_s5_5d_b_rep_trace_similarity": 9.769567986950278e-05, "logit_excluded_loss_s5_5d_b_rep": 1.8909685944239976e-06, "logit_restricted_loss_s5_5d_b_rep": 4.7845037417201155, "percent_x_embed_s5_5d_b_rep": 4.2481665332161356e-06, "percent_y_embed_s5_5d_b_rep": 0.00010307240881957114, "percent_unembed_s5_5d_b_rep": 0.0029105739668011665, "percent_hidden_x_s5_5d_b_rep": 2.3061975298332982e-05, "percent_hidden_y_s5_5d_b_rep": 6.0151152865728363e-05, "percent_hidden_xy_s5_5d_b_rep": 4.920570063404739e-06, "total_percent_hidden_s5_5d_b_rep": 8.813369640847668e-05, "hidden_excluded_loss_s5_5d_b_rep": 1.8919337366736538e-06, "hidden_restricted_loss_s5_5d_b_rep": 4.784522550392251, "logit_s5_6d_rep_trace_similarity": 1.3785756891593337e-07, "logit_excluded_loss_s5_6d_rep": 1.8860317453980217e-06, "logit_restricted_loss_s5_6d_rep": 4.787486682867291, "percent_x_embed_s5_6d_rep": 6.953481715754606e-06, "percent_y_embed_s5_6d_rep": 0.00015402106510009617, "percent_unembed_s5_6d_rep": 0.004959361627697945, "percent_hidden_x_s5_6d_rep": 3.3430719668103848e-06, "percent_hidden_y_s5_6d_rep": 5.666066863341257e-05, "percent_hidden_xy_s5_6d_rep": 4.767549022233197e-09, "total_percent_hidden_s5_6d_rep": 6.00085077167023e-05, "hidden_excluded_loss_s5_6d_rep": 1.8860378398969678e-06, "hidden_restricted_loss_s5_6d_rep": 4.787486936308536, "percent_logits_explained": 0.4949984550476074, "total_logit_excluded_loss": 12.027609587296148, "total_logit_restricted_loss": 2.8436984956593483e-08, "total_hidden_excluded_loss": 11.867762990459626, "total_hidden_restricted_loss": 5.107042022406809e-08, "test_loss_restricted_loss_ratio": 167.7935948578052, "sum_of_squared_weights": 5589.1025390625, "percent_hidden_explained": 0.904363751411438, "percent_hidden_xy_explained": 0.10639487206935883, "percent_x_embed_explained": 0.9999887347221375, "percent_y_embed_explained": 0.9997392296791077, "percent_unembed_explained": 0.935257077217102, "epoch": 250000.0}