{"train_loss": 1.6022870403924347e-06, "test_loss": 3.0939979268502447e-06, "train_acc": 1.0, "test_acc": 1.0, "all_loss": 2.49731351223709e-06, "percent_x_embed_trivial_rep": 9.67031787979522e-10, "percent_y_embed_trivial_rep": 4.762065741736876e-10, "percent_unembed_trivial_rep": 0.056864894926548004, "percent_hidden_x_trivial_rep": 2.8353095950028146e-15, "percent_hidden_y_trivial_rep": 2.8353095950028146e-15, "percent_hidden_xy_trivial_rep": 2.8353095950028146e-15, "total_percent_hidden_trivial_rep": 8.505928573250207e-15, "hidden_excluded_loss_trivial_rep": 1.633790250757755e-06, "hidden_restricted_loss_trivial_rep": 4.799801933069369, "logit_sign_rep_trace_similarity": 0.5070041418075562, "logit_excluded_loss_sign_rep": 0.0005824592148497691, "logit_restricted_loss_sign_rep": 4.094854627840616, "percent_x_embed_sign_rep": 0.06760793924331665, "percent_y_embed_sign_rep": 0.06759796291589737, "percent_unembed_sign_rep": 0.09526760876178741, "percent_hidden_x_sign_rep": 0.02447870559990406, "percent_hidden_y_sign_rep": 0.02447531372308731, "percent_hidden_xy_sign_rep": 0.024474799633026123, "total_percent_hidden_sign_rep": 0.07342881709337234, "hidden_excluded_loss_sign_rep": 0.0005843371261876027, "hidden_restricted_loss_sign_rep": 4.0955950728777895, "logit_standard_rep_trace_similarity": 0.769929051399231, "logit_excluded_loss_standard_rep": 7.024912132159074, "logit_restricted_loss_standard_rep": 0.00010072902605320952, "percent_x_embed_standard_rep": 0.9323921203613281, "percent_y_embed_standard_rep": 0.9324021339416504, "percent_unembed_standard_rep": 0.8338245153427124, "percent_hidden_x_standard_rep": 0.36617395281791687, "percent_hidden_y_standard_rep": 0.34999626874923706, "percent_hidden_xy_standard_rep": 0.10433019697666168, "total_percent_hidden_standard_rep": 0.820500373840332, "hidden_excluded_loss_standard_rep": 7.028830879694787, "hidden_restricted_loss_standard_rep": 0.00010636998024360113, "logit_standard_sign_rep_trace_similarity": 7.275957614183426e-11, "logit_excluded_loss_standard_sign_rep": 1.6022868733588648e-06, "logit_restricted_loss_standard_sign_rep": 4.787491740606246, "percent_x_embed_standard_sign_rep": 8.848963783947283e-10, "percent_y_embed_standard_sign_rep": 9.51351886158136e-10, "percent_unembed_standard_sign_rep": 0.0005954847438260913, "percent_hidden_x_standard_sign_rep": 5.538433600627002e-10, "percent_hidden_y_standard_sign_rep": 5.483170584241748e-10, "percent_hidden_xy_standard_sign_rep": 2.552273171453623e-13, "total_percent_hidden_standard_sign_rep": 1.102415603249085e-09, "hidden_excluded_loss_standard_sign_rep": 1.6022871612408507e-06, "hidden_restricted_loss_standard_sign_rep": 4.787491737112725, "logit_s5_5d_a_rep_trace_similarity": -6.766640581190586e-10, "logit_excluded_loss_s5_5d_a_rep": 1.6022868733589033e-06, "logit_restricted_loss_s5_5d_a_rep": 4.787491768075714, "percent_x_embed_s5_5d_a_rep": 3.11689718479613e-09, "percent_y_embed_s5_5d_a_rep": 2.9674520618527822e-09, "percent_unembed_s5_5d_a_rep": 0.001350769423879683, "percent_hidden_x_s5_5d_a_rep": 1.6156619375706782e-09, "percent_hidden_y_s5_5d_a_rep": 1.5086318860824122e-09, "percent_hidden_xy_s5_5d_a_rep": 3.3617694131932163e-13, "total_percent_hidden_s5_5d_a_rep": 3.1246298881626444e-09, "hidden_excluded_loss_s5_5d_a_rep": 1.6022874906724633e-06, "hidden_restricted_loss_s5_5d_a_rep": 4.787491698432564, "logit_s5_5d_b_rep_trace_similarity": 0.003126070834696293, "logit_excluded_loss_s5_5d_b_rep": 1.8244669454498104e-06, "logit_restricted_loss_s5_5d_b_rep": 4.6709146324622, "percent_x_embed_s5_5d_b_rep": 1.721131503984452e-08, "percent_y_embed_s5_5d_b_rep": 1.5973167677429956e-08, "percent_unembed_s5_5d_b_rep": 0.010192289017140865, "percent_hidden_x_s5_5d_b_rep": 0.0009850276401266456, "percent_hidden_y_s5_5d_b_rep": 0.0009828924667090178, "percent_hidden_xy_s5_5d_b_rep": 0.00026468964642845094, "total_percent_hidden_s5_5d_b_rep": 0.002232609549537301, "hidden_excluded_loss_s5_5d_b_rep": 1.827134720021673e-06, "hidden_restricted_loss_s5_5d_b_rep": 4.672209511496807, "logit_s5_6d_rep_trace_similarity": 6.133632268756628e-09, "logit_excluded_loss_s5_6d_rep": 1.6022868733600595e-06, "logit_restricted_loss_s5_6d_rep": 4.787491467652196, "percent_x_embed_s5_6d_rep": 3.814458970907708e-09, "percent_y_embed_s5_6d_rep": 3.2611557898576393e-09, "percent_unembed_s5_6d_rep": 0.0019044405780732632, "percent_hidden_x_s5_6d_rep": 2.0884651785735286e-09, "percent_hidden_y_s5_6d_rep": 1.7861803147667388e-09, "percent_hidden_xy_s5_6d_rep": 1.173256045268467e-12, "total_percent_hidden_s5_6d_rep": 3.875818777032691e-09, "hidden_excluded_loss_s5_6d_rep": 1.6022870533848253e-06, "hidden_restricted_loss_s5_6d_rep": 4.787491678428758, "percent_logits_explained": 0.8498536944389343, "total_logit_excluded_loss": 7.412649232131613, "total_logit_restricted_loss": 6.859492451424414e-07, "total_hidden_excluded_loss": 7.415836427488638, "total_hidden_restricted_loss": 7.279889667538322e-07, "test_loss_restricted_loss_ratio": 4.250061564321033, "sum_of_squared_weights": 5054.876953125, "percent_hidden_explained": 0.8939291834831238, "percent_hidden_xy_explained": 0.1288049966096878, "percent_x_embed_explained": 1.0, "percent_y_embed_explained": 1.0000001192092896, "percent_unembed_explained": 0.9290921092033386, "epoch": 250000.0}