{"train_loss": 8.940983108416126e-08, "test_loss": 3.889907151955137e-07, "train_acc": 1.0, "test_acc": 1.0, "all_loss": 2.9913326328659136e-07, "logit_trivial_rep_trace_similarity": -1.2960299500264227e-10, "logit_excluded_loss_trivial_rep": 8.940983263731418e-08, "logit_restricted_loss_trivial_rep": 4.727387818712341, "logit_freq_1_rep_trace_similarity": -1.8463988453731872e-06, "logit_excluded_loss_freq_1_rep": 8.940759307403373e-08, "logit_restricted_loss_freq_1_rep": 4.727431521421374, "logit_freq_2_rep_trace_similarity": 1.4187844499247149e-07, "logit_excluded_loss_freq_2_rep": 8.941019802092167e-08, "logit_restricted_loss_freq_2_rep": 4.727384460608125, "logit_freq_3_rep_trace_similarity": -2.22567450691713e-06, "logit_excluded_loss_freq_3_rep": 8.940528965018415e-08, "logit_restricted_loss_freq_3_rep": 4.727440498677857, "logit_freq_4_rep_trace_similarity": -2.5055524019990116e-06, "logit_excluded_loss_freq_4_rep": 8.940524105317259e-08, "logit_restricted_loss_freq_4_rep": 4.7274471232660895, "logit_freq_5_rep_trace_similarity": 2.4504111024725717e-06, "logit_excluded_loss_freq_5_rep": 8.94136809760232e-08, "logit_restricted_loss_freq_5_rep": 4.727329821014335, "logit_freq_6_rep_trace_similarity": 1.4098919564276002e-05, "logit_excluded_loss_freq_6_rep": 8.942480033578608e-08, "logit_restricted_loss_freq_6_rep": 4.727054140605983, "logit_freq_7_rep_trace_similarity": 6.264184776227921e-05, "logit_excluded_loss_freq_7_rep": 8.952287574165749e-08, "logit_restricted_loss_freq_7_rep": 4.725905704497092, "logit_freq_8_rep_trace_similarity": -2.835765826603165e-06, "logit_excluded_loss_freq_8_rep": 8.940301495236207e-08, "logit_restricted_loss_freq_8_rep": 4.727454939303235, "logit_freq_9_rep_trace_similarity": -1.2626544958038721e-05, "logit_excluded_loss_freq_9_rep": 8.938810775750398e-08, "logit_restricted_loss_freq_9_rep": 4.727686697478148, "logit_freq_10_rep_trace_similarity": 5.5004697969707195e-06, "logit_excluded_loss_freq_10_rep": 8.941679417130526e-08, "logit_restricted_loss_freq_10_rep": 4.727257632872696, "logit_freq_11_rep_trace_similarity": 8.295683073811233e-08, "logit_excluded_loss_freq_11_rep": 8.941013044859503e-08, "logit_restricted_loss_freq_11_rep": 4.727385855216339, "logit_freq_12_rep_trace_similarity": -9.276929631596431e-06, "logit_excluded_loss_freq_12_rep": 8.939111928952827e-08, "logit_restricted_loss_freq_12_rep": 4.727607405500417, "logit_freq_13_rep_trace_similarity": 2.238748493255116e-07, "logit_excluded_loss_freq_13_rep": 8.941035032227812e-08, "logit_restricted_loss_freq_13_rep": 4.72738251984728, "logit_freq_14_rep_trace_similarity": 5.343831617210526e-06, "logit_excluded_loss_freq_14_rep": 8.942500732719019e-08, "logit_restricted_loss_freq_14_rep": 4.727261340084033, "logit_freq_15_rep_trace_similarity": 0.0006648713024333119, "logit_excluded_loss_freq_15_rep": 9.067046936742583e-08, "logit_restricted_loss_freq_15_rep": 4.711712955747826, "logit_freq_16_rep_trace_similarity": 1.3467988537740894e-05, "logit_excluded_loss_freq_16_rep": 8.943307921436846e-08, "logit_restricted_loss_freq_16_rep": 4.7270690716079145, "logit_freq_17_rep_trace_similarity": 5.131350008014124e-06, "logit_excluded_loss_freq_17_rep": 8.94187754325848e-08, "logit_restricted_loss_freq_17_rep": 4.727266368980003, "logit_freq_18_rep_trace_similarity": -1.4386447219294496e-05, "logit_excluded_loss_freq_18_rep": 8.937942099878656e-08, "logit_restricted_loss_freq_18_rep": 4.727728359081767, "logit_freq_19_rep_trace_similarity": 1.060598879121244e-05, "logit_excluded_loss_freq_19_rep": 8.944312548071006e-08, "logit_restricted_loss_freq_19_rep": 4.727136802375937, "logit_freq_20_rep_trace_similarity": 9.173800208372995e-08, "logit_excluded_loss_freq_20_rep": 8.941025571662925e-08, "logit_restricted_loss_freq_20_rep": 4.727385647375648, "logit_freq_21_rep_trace_similarity": -8.613298996351659e-05, "logit_excluded_loss_freq_21_rep": 8.925860594988767e-08, "logit_restricted_loss_freq_21_rep": 4.729427531016548, "logit_freq_22_rep_trace_similarity": -6.028837560734246e-06, "logit_excluded_loss_freq_22_rep": 8.939720305175044e-08, "logit_restricted_loss_freq_22_rep": 4.727530519766533, "logit_freq_23_rep_trace_similarity": -1.5757814253447577e-07, "logit_excluded_loss_freq_23_rep": 8.940930935554305e-08, "logit_restricted_loss_freq_23_rep": 4.7273915484173825, "logit_freq_24_rep_trace_similarity": 1.221337697643321e-07, "logit_excluded_loss_freq_24_rep": 8.941027285214646e-08, "logit_restricted_loss_freq_24_rep": 4.727384927942381, "logit_freq_25_rep_trace_similarity": 4.708374945039395e-06, "logit_excluded_loss_freq_25_rep": 8.942226186506554e-08, "logit_restricted_loss_freq_25_rep": 4.7272763797512445, "logit_freq_26_rep_trace_similarity": -4.317008006182732e-06, "logit_excluded_loss_freq_26_rep": 8.939953680861322e-08, "logit_restricted_loss_freq_26_rep": 4.72749000015595, "logit_freq_27_rep_trace_similarity": 7.092523446772248e-05, "logit_excluded_loss_freq_27_rep": 8.953871259652968e-08, "logit_restricted_loss_freq_27_rep": 4.725709800802434, "logit_freq_28_rep_trace_similarity": -4.661605998990126e-07, "logit_excluded_loss_freq_28_rep": 8.940876553023938e-08, "logit_restricted_loss_freq_28_rep": 4.727398852252247, "logit_freq_29_rep_trace_similarity": 6.730260793119669e-11, "logit_excluded_loss_freq_29_rep": 8.940983263731418e-08, "logit_restricted_loss_freq_29_rep": 4.727387817119361, "logit_freq_30_rep_trace_similarity": -2.980633325933013e-06, "logit_excluded_loss_freq_30_rep": 8.939940624177361e-08, "logit_restricted_loss_freq_30_rep": 4.727458368274188, "logit_freq_31_rep_trace_similarity": -9.5581344794482e-07, "logit_excluded_loss_freq_31_rep": 8.940729536753052e-08, "logit_restricted_loss_freq_31_rep": 4.72741044189518, "logit_freq_32_rep_trace_similarity": 2.6526686269789934e-07, "logit_excluded_loss_freq_32_rep": 8.941051934297438e-08, "logit_restricted_loss_freq_32_rep": 4.727381540146497, "logit_freq_33_rep_trace_similarity": 1.0892497812164947e-05, "logit_excluded_loss_freq_33_rep": 8.943405004617197e-08, "logit_restricted_loss_freq_33_rep": 4.727130021871879, "logit_freq_34_rep_trace_similarity": 6.83497783029452e-05, "logit_excluded_loss_freq_34_rep": 8.9586333936409e-08, "logit_restricted_loss_freq_34_rep": 4.725770708770556, "logit_freq_35_rep_trace_similarity": 6.82293830323033e-07, "logit_excluded_loss_freq_35_rep": 8.941173725437514e-08, "logit_restricted_loss_freq_35_rep": 4.727371669631425, "logit_freq_36_rep_trace_similarity": 3.699387889355421e-07, "logit_excluded_loss_freq_36_rep": 8.94106668158505e-08, "logit_restricted_loss_freq_36_rep": 4.727379062686796, "logit_freq_37_rep_trace_similarity": 1.8740091036306694e-05, "logit_excluded_loss_freq_37_rep": 8.944820488699789e-08, "logit_restricted_loss_freq_37_rep": 4.726944310506288, "logit_freq_38_rep_trace_similarity": -1.9582648747018538e-07, "logit_excluded_loss_freq_38_rep": 8.940947489967577e-08, "logit_restricted_loss_freq_38_rep": 4.727392453715509, "logit_freq_39_rep_trace_similarity": 1.646614691708237e-06, "logit_excluded_loss_freq_39_rep": 8.941354684512341e-08, "logit_restricted_loss_freq_39_rep": 4.727348845530663, "logit_freq_40_rep_trace_similarity": -4.965397693013074e-07, "logit_excluded_loss_freq_40_rep": 8.94083596231208e-08, "logit_restricted_loss_freq_40_rep": 4.727399571298334, "logit_freq_41_rep_trace_similarity": 3.3278092814725824e-07, "logit_excluded_loss_freq_41_rep": 8.941087866242732e-08, "logit_restricted_loss_freq_41_rep": 4.727379942169049, "logit_freq_42_rep_trace_similarity": 1.83377051143907e-06, "logit_excluded_loss_freq_42_rep": 8.941284863808522e-08, "logit_restricted_loss_freq_42_rep": 4.727344415847961, "logit_freq_43_rep_trace_similarity": 0.6318755745887756, "logit_excluded_loss_freq_43_rep": 0.15053074509122105, "logit_restricted_loss_freq_43_rep": 2.46455989194438, "logit_freq_44_rep_trace_similarity": 9.982140909414738e-07, "logit_excluded_loss_freq_44_rep": 8.941164312680391e-08,