{"train_loss": 1.5682400089644943e-06, "test_loss": 7.413711045956006e-06, "train_acc": 1.0, "test_acc": 1.0, "all_loss": 5.660390797856962e-06, "logit_trivial_rep_trace_similarity": 1.917930703143611e-09, "percent_x_embed_trivial_rep": 2.3241491362568922e-05, "percent_y_embed_trivial_rep": 4.016099774162285e-05, "percent_unembed_trivial_rep": 0.00600106967613101, "percent_hidden_trivial_rep": 0.3232937753200531, "excluded_loss_trivial_rep": 5.696464086213382e-06, "logit_freq_1_rep_trace_similarity": 8.424256520811468e-06, "percent_x_embed_freq_1_rep": 0.018050402402877808, "percent_y_embed_freq_1_rep": 0.01880573481321335, "percent_unembed_freq_1_rep": 0.02004236727952957, "percent_hidden_freq_1_rep": 0.0003466678608674556, "excluded_loss_freq_1_rep": 0.09915505349636078, "logit_freq_2_rep_trace_similarity": 1.773058647813741e-05, "percent_x_embed_freq_2_rep": 0.018413208425045013, "percent_y_embed_freq_2_rep": 0.01907915435731411, "percent_unembed_freq_2_rep": 0.019128957763314247, "percent_hidden_freq_2_rep": 0.00016998073260765523, "excluded_loss_freq_2_rep": 0.18982385098934174, "logit_freq_3_rep_trace_similarity": 9.403792500961572e-05, "percent_x_embed_freq_3_rep": 0.017828531563282013, "percent_y_embed_freq_3_rep": 0.018211524933576584, "percent_unembed_freq_3_rep": 0.01881597563624382, "percent_hidden_freq_3_rep": 0.0001720197033137083, "excluded_loss_freq_3_rep": 0.16545669734477997, "logit_freq_4_rep_trace_similarity": 3.001123559442931e-06, "percent_x_embed_freq_4_rep": 0.017327040433883667, "percent_y_embed_freq_4_rep": 0.017989708110690117, "percent_unembed_freq_4_rep": 0.018485821783542633, "percent_hidden_freq_4_rep": 0.0005605476326309144, "excluded_loss_freq_4_rep": 0.16238552331924438, "logit_freq_5_rep_trace_similarity": 2.0024540390295442e-06, "percent_x_embed_freq_5_rep": 0.023978043347597122, "percent_y_embed_freq_5_rep": 0.02476399764418602, "percent_unembed_freq_5_rep": 0.023868786171078682, "percent_hidden_freq_5_rep": 0.0003311796172056347, "excluded_loss_freq_5_rep": 0.22311851382255554, "logit_freq_6_rep_trace_similarity": 0.00011318001634208485, "percent_x_embed_freq_6_rep": 0.018302740529179573, "percent_y_embed_freq_6_rep": 0.019253309816122055, "percent_unembed_freq_6_rep": 0.018032990396022797, "percent_hidden_freq_6_rep": 0.0004238536930643022, "excluded_loss_freq_6_rep": 0.16478011012077332, "logit_freq_7_rep_trace_similarity": 0.48025962710380554, "percent_x_embed_freq_7_rep": 0.24657270312309265, "percent_y_embed_freq_7_rep": 0.249083012342453, "percent_unembed_freq_7_rep": 0.1639804244041443, "percent_hidden_freq_7_rep": 0.017515132203698158, "excluded_loss_freq_7_rep": 0.09704559296369553, "logit_freq_8_rep_trace_similarity": -3.0603337108914275e-07, "percent_x_embed_freq_8_rep": 0.017183242365717888, "percent_y_embed_freq_8_rep": 0.017747050151228905, "percent_unembed_freq_8_rep": 0.018093541264533997, "percent_hidden_freq_8_rep": 0.00024883990408852696, "excluded_loss_freq_8_rep": 0.14270007610321045, "logit_freq_9_rep_trace_similarity": -6.638173999817809e-06, "percent_x_embed_freq_9_rep": 0.01818353682756424, "percent_y_embed_freq_9_rep": 0.018664183095097542, "percent_unembed_freq_9_rep": 0.01880515180528164, "percent_hidden_freq_9_rep": 0.0002622119209263474, "excluded_loss_freq_9_rep": 0.17715808749198914, "logit_freq_10_rep_trace_similarity": -3.5564983136282535e-06, "percent_x_embed_freq_10_rep": 0.01822517439723015, "percent_y_embed_freq_10_rep": 0.018864817917346954, "percent_unembed_freq_10_rep": 0.018169838935136795, "percent_hidden_freq_10_rep": 0.0004402387421578169, "excluded_loss_freq_10_rep": 0.12908026576042175, "logit_freq_11_rep_trace_similarity": 0.00020054414926562458, "percent_x_embed_freq_11_rep": 0.017565296962857246, "percent_y_embed_freq_11_rep": 0.018202098086476326, "percent_unembed_freq_11_rep": 0.018708691000938416, "percent_hidden_freq_11_rep": 0.0002798865607473999, "excluded_loss_freq_11_rep": 0.1658892035484314, "logit_freq_12_rep_trace_similarity": 6.284742539719446e-06, "percent_x_embed_freq_12_rep": 0.01339071337133646, "percent_y_embed_freq_12_rep": 0.013669069856405258, "percent_unembed_freq_12_rep": 0.013973572291433811, "percent_hidden_freq_12_rep": 0.0007671070634387434, "excluded_loss_freq_12_rep": 0.0716647058725357, "logit_freq_13_rep_trace_similarity": 0.01984204538166523, "percent_x_embed_freq_13_rep": 0.01533044409006834, "percent_y_embed_freq_13_rep": 0.01649213768541813, "percent_unembed_freq_13_rep": 0.024677973240613937, "percent_hidden_freq_13_rep": 0.0006325754802674055, "excluded_loss_freq_13_rep": 0.08550170063972473, "logit_freq_14_rep_trace_similarity": 0.03451692312955856, "percent_x_embed_freq_14_rep": 0.018840450793504715, "percent_y_embed_freq_14_rep": 0.019207198172807693, "percent_unembed_freq_14_rep": 0.03897334635257721, "percent_hidden_freq_14_rep": 0.0009410703787580132, "excluded_loss_freq_14_rep": 0.19999495148658752, "logit_freq_15_rep_trace_similarity": 0.00015076613635756075, "percent_x_embed_freq_15_rep": 0.018525131046772003, "percent_y_embed_freq_15_rep": 0.01924203522503376, "percent_unembed_freq_15_rep": 0.019096825271844864, "percent_hidden_freq_15_rep": 0.00026089479797519743, "excluded_loss_freq_15_rep": 0.1933957189321518, "logit_freq_16_rep_trace_similarity": 0.2905365526676178, "percent_x_embed_freq_16_rep": 0.11118686944246292, "percent_y_embed_freq_16_rep": 0.11695826053619385, "percent_unembed_freq_16_rep": 0.13956353068351746, "percent_hidden_freq_16_rep": 0.008051329292356968, "excluded_loss_freq_16_rep": 0.19314877688884735, "logit_freq_17_rep_trace_similarity": 0.4511815011501312, "percent_x_embed_freq_17_rep": 0.2049316018819809, "percent_y_embed_freq_17_rep": 0.2039598673582077, "percent_unembed_freq_17_rep": 0.18153075873851776, "percent_hidden_freq_17_rep": 0.014165462926030159, "excluded_loss_freq_17_rep": 0.13953574001789093, "logit_freq_18_rep_trace_similarity": 8.229139893956017e-06, "percent_x_embed_freq_18_rep": 0.01816352643072605, "percent_y_embed_freq_18_rep": 0.018559278920292854, "percent_unembed_freq_18_rep": 0.016348324716091156, "percent_hidden_freq_18_rep": 0.00019756965048145503, "excluded_loss_freq_18_rep": 0.1064169779419899, "logit_freq_19_rep_trace_similarity": -3.346527955727652e-05, "percent_x_embed_freq_19_rep": 0.018548527732491493, "percent_y_embed_freq_19_rep": 0.019013261422514915, "percent_unembed_freq_19_rep": 0.01908103935420513, "percent_hidden_freq_19_rep": 0.0008986992761492729, "excluded_loss_freq_19_rep": 0.1818206012248993, "logit_freq_20_rep_trace_similarity": -1.639258471186622e-06, "percent_x_embed_freq_20_rep": 0.01659730076789856, "percent_y_embed_freq_20_rep": 0.017308903858065605, "percent_unembed_freq_20_rep": 0.018430115655064583, "percent_hidden_freq_20_rep": 0.000494607025757432, "excluded_loss_freq_20_rep": 0.08692388981580734, "logit_freq_21_rep_trace_similarity": 0.0014953023055568337, "percent_x_embed_freq_21_rep": 0.016801312565803528, "percent_y_embed_freq_21_rep": 0.01818130724132061, "percent_unembed_freq_21_rep": 0.016681600362062454, "percent_hidden_freq_21_rep": 0.0008034852216951549, "excluded_loss_freq_21_rep": 0.08152136951684952, "logit_freq_22_rep_trace_similarity": 0.15911611914634705, "percent_x_embed_freq_22_rep": 0.0564521849155426, "percent_y_embed_freq_22_rep": 0.056695371866226196, "percent_unembed_freq_22_rep": 0.0957459956407547, "percent_hidden_freq_22_rep": 0.003772879019379616, "excluded_loss_freq_22_rep": 0.16430239379405975, "logit_freq_23_rep_trace_similarity": 4.320339940022677e-06, "percent_x_embed_freq_23_rep": 0.016668081283569336, "percent_y_embed_freq_23_rep": 0.01735064387321472, "percent_unembed_freq_23_rep": 0.017859051004052162, "percent_hidden_freq_23_rep": 0.0002021519758272916, "excluded_loss_freq_23_rep": 0.1499447524547577, "logit_freq_24_rep_trace_similarity": 1.93620564914454e-07, "percent_x_embed_freq_24_rep": 0.015430652536451817, "percent_y_embed_freq_24_rep": 0.016422906890511513,