{"train_loss": 1.981221247823961e-06, "test_loss": 2.6467111437205644e-06, "train_acc": 1.0, "test_acc": 1.0, "all_loss": 2.3805150774286887e-06, "percent_x_embed_trivial_rep": 4.1739425804543373e-10, "percent_y_embed_trivial_rep": 2.6537760877687333e-10, "percent_unembed_trivial_rep": 0.09591051936149597, "percent_hidden_x_trivial_rep": 2.221072006598334e-15, "percent_hidden_y_trivial_rep": 2.221072006598334e-15, "percent_hidden_xy_trivial_rep": 2.221072006598334e-15, "total_percent_hidden_trivial_rep": 6.663216019795002e-15, "hidden_excluded_loss_trivial_rep": 2.540976723403733e-06, "hidden_restricted_loss_trivial_rep": 4.94837283685365, "logit_sign_rep_trace_similarity": 0.3686043322086334, "logit_excluded_loss_sign_rep": 0.0016409394269242404, "logit_restricted_loss_sign_rep": 4.0945367790594815, "percent_x_embed_sign_rep": 0.04004847630858421, "percent_y_embed_sign_rep": 0.04006054997444153, "percent_unembed_sign_rep": 0.1099332869052887, "percent_hidden_x_sign_rep": 0.014664893038570881, "percent_hidden_y_sign_rep": 0.014666065573692322, "percent_hidden_xy_sign_rep": 0.01466398686170578, "total_percent_hidden_sign_rep": 0.04399494454264641, "hidden_excluded_loss_sign_rep": 0.0016426785107490787, "hidden_restricted_loss_sign_rep": 4.09523487051993, "logit_standard_rep_trace_similarity": 0.671908974647522, "logit_excluded_loss_standard_rep": 16.474512870002542, "logit_restricted_loss_standard_rep": 1.684052549429832e-06, "percent_x_embed_standard_rep": 0.9599501490592957, "percent_y_embed_standard_rep": 0.9599380493164062, "percent_unembed_standard_rep": 0.7888739109039307, "percent_hidden_x_standard_rep": 0.37188947200775146, "percent_hidden_y_standard_rep": 0.37177324295043945, "percent_hidden_xy_standard_rep": 0.11210295557975769, "total_percent_hidden_standard_rep": 0.855765700340271, "hidden_excluded_loss_standard_rep": 16.555679316700886, "hidden_restricted_loss_standard_rep": 2.255842070146363e-06, "logit_standard_sign_rep_trace_similarity": 7.494236342608929e-09, "logit_excluded_loss_standard_sign_rep": 1.9812209612743983e-06, "logit_restricted_loss_standard_sign_rep": 4.787491394839249, "percent_x_embed_standard_sign_rep": 1.1698698676454455e-09, "percent_y_embed_standard_sign_rep": 1.2701559803929285e-09, "percent_unembed_standard_sign_rep": 0.00013537294580601156, "percent_hidden_x_standard_sign_rep": 1.1803673594101838e-09, "percent_hidden_y_standard_sign_rep": 1.0827858609729901e-09, "percent_hidden_xy_standard_sign_rep": 2.438478030608593e-10, "total_percent_hidden_standard_sign_rep": 2.507001051199609e-09, "hidden_excluded_loss_standard_sign_rep": 1.9812212735066466e-06, "hidden_restricted_loss_standard_sign_rep": 4.787491415009238, "logit_s5_5d_a_rep_trace_similarity": 2.4625242076581344e-05, "logit_excluded_loss_s5_5d_a_rep": 1.984361215093215e-06, "logit_restricted_loss_s5_5d_a_rep": 4.786062656105508, "percent_x_embed_s5_5d_a_rep": 1.3822952951159095e-06, "percent_y_embed_s5_5d_a_rep": 1.3800397482555127e-06, "percent_unembed_s5_5d_a_rep": 0.0016702483408153057, "percent_hidden_x_s5_5d_a_rep": 5.400436862146307e-07, "percent_hidden_y_s5_5d_a_rep": 5.698289555766678e-07, "percent_hidden_xy_s5_5d_a_rep": 1.2518418657236907e-07, "total_percent_hidden_s5_5d_a_rep": 1.235056856785377e-06, "hidden_excluded_loss_s5_5d_a_rep": 1.984395491201776e-06, "hidden_restricted_loss_s5_5d_a_rep": 4.786062902122465, "logit_s5_5d_b_rep_trace_similarity": 0.0006272674072533846, "logit_excluded_loss_s5_5d_b_rep": 2.057975676981825e-06, "logit_restricted_loss_s5_5d_b_rep": 4.7511148084846795, "percent_x_embed_s5_5d_b_rep": 4.651208485029201e-08, "percent_y_embed_s5_5d_b_rep": 4.6889688576357e-08, "percent_unembed_s5_5d_b_rep": 0.0026575117371976376, "percent_hidden_x_s5_5d_b_rep": 0.00018671753059607, "percent_hidden_y_s5_5d_b_rep": 0.00018667086260393262, "percent_hidden_xy_s5_5d_b_rep": 6.104094791226089e-05, "total_percent_hidden_s5_5d_b_rep": 0.00043442935566417873, "hidden_excluded_loss_s5_5d_b_rep": 2.0642764972448616e-06, "hidden_restricted_loss_s5_5d_b_rep": 4.752623364474235, "logit_s5_6d_rep_trace_similarity": 4.230969352647662e-09, "logit_excluded_loss_s5_6d_rep": 1.9812209612743983e-06, "logit_restricted_loss_s5_6d_rep": 4.787491448128531, "percent_x_embed_s5_6d_rep": 3.4918963276453496e-09, "percent_y_embed_s5_6d_rep": 3.466364528748045e-09, "percent_unembed_s5_6d_rep": 0.0008192253881134093, "percent_hidden_x_s5_6d_rep": 1.7131642771062161e-09, "percent_hidden_y_s5_6d_rep": 1.4491776667568956e-09, "percent_hidden_xy_s5_6d_rep": 1.6807937420343366e-12, "total_percent_hidden_s5_6d_rep": 3.1640228215223942e-09, "hidden_excluded_loss_s5_6d_rep": 1.981221207644572e-06, "hidden_restricted_loss_s5_6d_rep": 4.787491831266095, "percent_logits_explained": 0.587331235408783, "total_logit_excluded_loss": 17.35094988209467, "total_logit_restricted_loss": 1.7043723084994643e-09, "total_hidden_excluded_loss": 17.39127845584767, "total_hidden_restricted_loss": 2.440416993411338e-09, "test_loss_restricted_loss_ratio": 1084.5323364270046, "sum_of_squared_weights": 5056.7001953125, "percent_hidden_explained": 0.8997606635093689, "percent_hidden_xy_explained": 0.12676694989204407, "percent_x_embed_explained": 0.9999986290931702, "percent_y_embed_explained": 0.9999985694885254, "percent_unembed_explained": 0.898807168006897, "epoch": 250000.0}