{"train_loss": 1.4212131638025947e-06, "test_loss": 4.295250920607698e-06, "train_acc": 1.0, "test_acc": 1.0, "all_loss": 3.4330808753495167e-06, "percent_x_embed_trivial_rep": 1.0101071893586777e-05, "percent_y_embed_trivial_rep": 1.1138843547087163e-05, "percent_unembed_trivial_rep": 0.006404695566743612, "percent_hidden_trivial_rep": 0.32135850191116333, "hidden_excluded_loss_trivial_rep": 1.4390863610127102e-06, "hidden_restricted_loss_trivial_rep": 4.776748703570972, "logit_sign_rep_trace_similarity": 0.3279299736022949, "logit_excluded_loss_sign_rep": 4.5377697514082845e-05, "logit_restricted_loss_sign_rep": 4.084821482707703, "percent_x_embed_sign_rep": 0.04629944637417793, "percent_y_embed_sign_rep": 0.0467347651720047, "percent_unembed_sign_rep": 0.06677478551864624, "percent_hidden_sign_rep": 0.011614247225224972, "hidden_excluded_loss_sign_rep": 4.562178670651798e-05, "hidden_restricted_loss_sign_rep": 4.085699295399746, "logit_freq_1_rep_trace_similarity": 7.71597697166726e-05, "logit_excluded_loss_freq_1_rep": 1.4228794897923095e-06, "logit_restricted_loss_freq_1_rep": 4.769527518690051, "percent_x_embed_freq_1_rep": 1.006083402899094e-05, "percent_y_embed_freq_1_rep": 1.6253648936981335e-05, "percent_unembed_freq_1_rep": 0.0002564482856541872, "percent_hidden_freq_1_rep": 4.5521305764850695e-06, "hidden_excluded_loss_freq_1_rep": 1.42273506797538e-06, "hidden_restricted_loss_freq_1_rep": 4.769604534495571, "logit_freq_2_rep_trace_similarity": 0.001073201885446906, "logit_excluded_loss_freq_2_rep": 1.4461786508640321e-06, "logit_restricted_loss_freq_2_rep": 4.754620698396542, "percent_x_embed_freq_2_rep": 8.386646368307993e-05, "percent_y_embed_freq_2_rep": 1.109873664972838e-05, "percent_unembed_freq_2_rep": 0.0005322288488969207, "percent_hidden_freq_2_rep": 0.00012643921945709735, "hidden_excluded_loss_freq_2_rep": 1.446387150698037e-06, "hidden_restricted_loss_freq_2_rep": 4.754948602944254, "logit_freq_3_rep_trace_similarity": 5.788677299278788e-06, "logit_excluded_loss_freq_3_rep": 1.4213695316214477e-06, "logit_restricted_loss_freq_3_rep": 4.770597804505267, "percent_x_embed_freq_3_rep": 1.2187349057057872e-05, "percent_y_embed_freq_3_rep": 1.2667493137996644e-05, "percent_unembed_freq_3_rep": 0.0002552718506194651, "percent_hidden_freq_3_rep": 7.462099347321782e-07, "hidden_excluded_loss_freq_3_rep": 1.4213817787466918e-06, "hidden_restricted_loss_freq_3_rep": 4.770611278368727, "logit_freq_4_rep_trace_similarity": 5.9322053857613355e-05, "logit_excluded_loss_freq_4_rep": 1.4224840987817873e-06, "logit_restricted_loss_freq_4_rep": 4.769794987483173, "percent_x_embed_freq_4_rep": 1.0093637683894485e-05, "percent_y_embed_freq_4_rep": 9.04991065908689e-06, "percent_unembed_freq_4_rep": 0.0002517518005333841, "percent_hidden_freq_4_rep": 7.117387212929316e-06, "hidden_excluded_loss_freq_4_rep": 1.4225106748640688e-06, "hidden_restricted_loss_freq_4_rep": 4.769865275358696, "logit_freq_5_rep_trace_similarity": 0.0019673516508191824, "logit_excluded_loss_freq_5_rep": 1.4802614010022043e-06, "logit_restricted_loss_freq_5_rep": 4.741286327978392, "percent_x_embed_freq_5_rep": 0.0001227679313160479, "percent_y_embed_freq_5_rep": 3.335900328238495e-05, "percent_unembed_freq_5_rep": 0.0013768903445452452, "percent_hidden_freq_5_rep": 0.00012006428733002394, "hidden_excluded_loss_freq_5_rep": 1.4799310831764238e-06, "hidden_restricted_loss_freq_5_rep": 4.741795396785382, "logit_freq_6_rep_trace_similarity": 0.24446478486061096, "logit_excluded_loss_freq_6_rep": 0.00019191974702768375, "logit_restricted_loss_freq_6_rep": 2.661600097722514, "percent_x_embed_freq_6_rep": 0.12333348393440247, "percent_y_embed_freq_6_rep": 0.12506356835365295, "percent_unembed_freq_6_rep": 0.15825212001800537, "percent_hidden_freq_6_rep": 0.01089817937463522, "hidden_excluded_loss_freq_6_rep": 0.00019274527475591545, "hidden_restricted_loss_freq_6_rep": 2.6637429540781223, "logit_freq_7_rep_trace_similarity": 0.0069529348984360695, "logit_excluded_loss_freq_7_rep": 1.5784627054814033e-06, "logit_restricted_loss_freq_7_rep": 4.667761089355573, "percent_x_embed_freq_7_rep": 3.1536081223748624e-05, "percent_y_embed_freq_7_rep": 1.8859573174268007e-05, "percent_unembed_freq_7_rep": 0.005654158070683479, "percent_hidden_freq_7_rep": 0.00026535626966506243, "hidden_excluded_loss_freq_7_rep": 1.578581856647622e-06, "hidden_restricted_loss_freq_7_rep": 4.668165686292015, "logit_freq_8_rep_trace_similarity": 3.4748667530948296e-05, "logit_excluded_loss_freq_8_rep": 1.421809431476402e-06, "logit_restricted_loss_freq_8_rep": 4.7701634839614675, "percent_x_embed_freq_8_rep": 2.0080775357200764e-05, "percent_y_embed_freq_8_rep": 3.0214843718567863e-05, "percent_unembed_freq_8_rep": 0.0001462939690100029, "percent_hidden_freq_8_rep": 4.005036771559389e-06, "hidden_excluded_loss_freq_8_rep": 1.4217471168244778e-06, "hidden_restricted_loss_freq_8_rep": 4.770278768098156, "logit_freq_9_rep_trace_similarity": 4.8052475904114544e-05, "logit_excluded_loss_freq_9_rep": 1.4223260448700178e-06, "logit_restricted_loss_freq_9_rep": 4.7699639790736015, "percent_x_embed_freq_9_rep": 3.1596948247170076e-05, "percent_y_embed_freq_9_rep": 8.323791553266346e-05, "percent_unembed_freq_9_rep": 0.0002209639351349324, "percent_hidden_freq_9_rep": 9.452352969674394e-06, "hidden_excluded_loss_freq_9_rep": 1.4222764453730783e-06, "hidden_restricted_loss_freq_9_rep": 4.77007225098717, "logit_freq_10_rep_trace_similarity": 0.26380693912506104, "logit_excluded_loss_freq_10_rep": 0.0005489202306094268, "logit_restricted_loss_freq_10_rep": 2.5963318055589024, "percent_x_embed_freq_10_rep": 0.16488778591156006, "percent_y_embed_freq_10_rep": 0.16902294754981995, "percent_unembed_freq_10_rep": 0.16269546747207642, "percent_hidden_freq_10_rep": 0.01235111616551876, "hidden_excluded_loss_freq_10_rep": 0.0005527079028203542, "hidden_restricted_loss_freq_10_rep": 2.59886763504525, "logit_freq_11_rep_trace_similarity": 3.9000042306724936e-05, "logit_excluded_loss_freq_11_rep": 1.4222224825206616e-06, "logit_restricted_loss_freq_11_rep": 4.770099728963169, "percent_x_embed_freq_11_rep": 3.550967085175216e-05, "percent_y_embed_freq_11_rep": 1.6470439732074738e-05, "percent_unembed_freq_11_rep": 0.00026490772143006325, "percent_hidden_freq_11_rep": 3.339230261190096e-06, "hidden_excluded_loss_freq_11_rep": 1.4217248370899798e-06, "hidden_restricted_loss_freq_11_rep": 4.770298362258684, "logit_freq_12_rep_trace_similarity": 0.002691942499950528, "logit_excluded_loss_freq_12_rep": 1.470607850512451e-06, "logit_restricted_loss_freq_12_rep": 4.730513556381582, "percent_x_embed_freq_12_rep": 5.826269625686109e-05, "percent_y_embed_freq_12_rep": 3.2372656278312206e-05, "percent_unembed_freq_12_rep": 0.0018229989800602198, "percent_hidden_freq_12_rep": 0.00012790539767593145, "hidden_excluded_loss_freq_12_rep": 1.4703323790402122e-06, "hidden_restricted_loss_freq_12_rep": 4.730813885448937, "logit_freq_13_rep_trace_similarity": -0.00016529839194845408, "logit_excluded_loss_freq_13_rep": 1.4174018717408e-06, "logit_restricted_loss_freq_13_rep": 4.7731646044360225, "percent_x_embed_freq_13_rep": 1.4132438082015142e-05, "percent_y_embed_freq_13_rep": 1.709214848233387e-05, "percent_unembed_freq_13_rep": 0.00025934676523320377, "percent_hidden_freq_13_rep": 3.593358997022733e-05, "hidden_excluded_loss_freq_13_rep": 1.4171825487053595e-06, "hidden_restricted_loss_freq_13_rep": 4.773518059667825, "logit_freq_14_rep_trace_similarity": 4.458765033632517e-05, "logit_excluded_loss_freq_14_rep": 1.4221279651809927e-06, "logit_restricted_loss_freq_14_rep": 4.770015936919826, "percent_x_embed_freq_14_rep": 1.2971471733180806e-05, "percent_y_embed_freq_14_rep": 1.0902869689743966e-05, "percent_unembed_freq_14_rep": 0.00019011329277418554, "percent_hidden_freq_14_rep": 1.974723272724077e-05, "hidden_excluded_loss_freq_14_rep": 1.4220159038749214e-06, "hidden_restricted_loss_freq_14_rep": 4.770234206401659,