{"train_loss": 1.7891141562028604e-06, "test_loss": 5.162478074679782e-06, "train_acc": 1.0, "test_acc": 1.0, "all_loss": 3.8131325868950985e-06, "percent_x_embed_trivial_rep": 2.0982750470466272e-07, "percent_y_embed_trivial_rep": 2.0018961777168442e-07, "percent_unembed_trivial_rep": 0.04264988377690315, "percent_hidden_x_trivial_rep": 3.844248866718275e-15, "percent_hidden_y_trivial_rep": 3.844248866718275e-15, "percent_hidden_xy_trivial_rep": 3.844248866718275e-15, "total_percent_hidden_trivial_rep": 1.1532746600154825e-14, "hidden_excluded_loss_trivial_rep": 1.9015974301211095e-06, "hidden_restricted_loss_trivial_rep": 4.820835900978776, "logit_sign_rep_trace_similarity": 0.5096140503883362, "logit_excluded_loss_sign_rep": 0.0002519252500024834, "logit_restricted_loss_sign_rep": 4.095617540983415, "percent_x_embed_sign_rep": 0.055613379925489426, "percent_y_embed_sign_rep": 0.055606815963983536, "percent_unembed_sign_rep": 0.07664801925420761, "percent_hidden_x_sign_rep": 0.020278092473745346, "percent_hidden_y_sign_rep": 0.020276876166462898, "percent_hidden_xy_sign_rep": 0.020275896415114403, "total_percent_hidden_sign_rep": 0.060830868780612946, "hidden_excluded_loss_sign_rep": 0.00025571956840661784, "hidden_restricted_loss_sign_rep": 4.098480681918793, "logit_standard_rep_trace_similarity": 0.5197014808654785, "logit_excluded_loss_standard_rep": 0.5776110961724943, "logit_restricted_loss_standard_rep": 0.011896209164083562, "percent_x_embed_standard_rep": 0.574161171913147, "percent_y_embed_standard_rep": 0.5741819739341736, "percent_unembed_standard_rep": 0.4098992347717285, "percent_hidden_x_standard_rep": 0.23875389993190765, "percent_hidden_y_standard_rep": 0.22133871912956238, "percent_hidden_xy_standard_rep": 0.06543420255184174, "total_percent_hidden_standard_rep": 0.5255268216133118, "hidden_excluded_loss_standard_rep": 0.6087071736821882, "hidden_restricted_loss_standard_rep": 0.01389297411721282, "logit_standard_sign_rep_trace_similarity": 1.1968950275331736e-08, "logit_excluded_loss_standard_sign_rep": 1.7891142922270462e-06, "logit_restricted_loss_standard_sign_rep": 4.787491429673974, "percent_x_embed_standard_sign_rep": 1.843710428772738e-08, "percent_y_embed_standard_sign_rep": 1.4723505969982398e-08, "percent_unembed_standard_sign_rep": 0.0014367157127708197, "percent_hidden_x_standard_sign_rep": 9.170893378041e-09, "percent_hidden_y_standard_sign_rep": 7.846960414781279e-09, "percent_hidden_xy_standard_sign_rep": 2.6610989887349e-12, "total_percent_hidden_standard_sign_rep": 1.70205147753677e-08, "hidden_excluded_loss_standard_sign_rep": 1.7891152468594278e-06, "hidden_restricted_loss_standard_sign_rep": 4.787491437703316, "logit_s5_5d_a_rep_trace_similarity": -6.437039701268077e-08, "logit_excluded_loss_s5_5d_a_rep": 1.7891108707431198e-06, "logit_restricted_loss_s5_5d_a_rep": 4.78749384769621, "percent_x_embed_s5_5d_a_rep": 3.231894751820619e-08, "percent_y_embed_s5_5d_a_rep": 3.007637872087798e-08, "percent_unembed_s5_5d_a_rep": 0.002547026611864567, "percent_hidden_x_s5_5d_a_rep": 2.1614331657815455e-08, "percent_hidden_y_s5_5d_a_rep": 2.0608011297440498e-08, "percent_hidden_xy_s5_5d_a_rep": 5.338793296338906e-11, "total_percent_hidden_s5_5d_a_rep": 4.227572958370729e-08, "hidden_excluded_loss_s5_5d_a_rep": 1.7891135863971834e-06, "hidden_restricted_loss_s5_5d_a_rep": 4.78749377385279, "logit_s5_5d_b_rep_trace_similarity": 0.28459852933883667, "logit_excluded_loss_s5_5d_b_rep": 0.039697559567743464, "logit_restricted_loss_s5_5d_b_rep": 0.02876202730935647, "percent_x_embed_s5_5d_b_rep": 0.370225191116333, "percent_y_embed_s5_5d_b_rep": 0.37021100521087646, "percent_unembed_s5_5d_b_rep": 0.4623945653438568, "percent_hidden_x_s5_5d_b_rep": 0.14024348556995392, "percent_hidden_y_s5_5d_b_rep": 0.14273428916931152, "percent_hidden_xy_s5_5d_b_rep": 0.02792145311832428, "total_percent_hidden_s5_5d_b_rep": 0.31089919805526733, "hidden_excluded_loss_s5_5d_b_rep": 0.036505710389563795, "hidden_restricted_loss_s5_5d_b_rep": 0.034185790298528654, "logit_s5_6d_rep_trace_similarity": 5.326728569343686e-08, "logit_excluded_loss_s5_6d_rep": 1.7891185767556074e-06, "logit_restricted_loss_s5_6d_rep": 4.787489652571606, "percent_x_embed_s5_6d_rep": 3.170267603991306e-08, "percent_y_embed_s5_6d_rep": 3.4422804162659304e-08, "percent_unembed_s5_6d_rep": 0.004424471408128738, "percent_hidden_x_s5_6d_rep": 1.8034343796102803e-08, "percent_hidden_y_s5_6d_rep": 1.910576230557126e-08, "percent_hidden_xy_s5_6d_rep": 6.296050486520599e-11, "total_percent_hidden_s5_6d_rep": 3.720306551713293e-08, "hidden_excluded_loss_s5_6d_rep": 1.789117204702675e-06, "hidden_restricted_loss_s5_6d_rep": 4.78748988962186, "percent_logits_explained": 0.6107924580574036, "total_logit_excluded_loss": 8.543421348600221, "total_logit_restricted_loss": 2.9858707937796517e-08, "total_hidden_excluded_loss": 8.457954302069199, "total_hidden_restricted_loss": 4.243377025610212e-08, "test_loss_restricted_loss_ratio": 121.65966030174752, "sum_of_squared_weights": 5462.3525390625, "percent_hidden_explained": 0.8972569108009338, "percent_hidden_xy_explained": 0.11363155394792557, "percent_x_embed_explained": 0.9999997615814209, "percent_y_embed_explained": 0.9999998211860657, "percent_unembed_explained": 0.9489418268203735, "epoch": 250000.0}