{"train_loss": 9.689628694414679e-06, "test_loss": 1.363389499262706e-05, "train_acc": 1.0, "test_acc": 1.0, "all_loss": 1.2647828418073964e-05, "logit_trivial_rep_trace_similarity": -5.215485998633085e-08, "logit_excluded_loss_trivial_rep": 9.689628709752955e-06, "logit_restricted_loss_trivial_rep": 6.579251212010101, "percent_x_embed_trivial_rep": 7.607170005030639e-08, "percent_y_embed_trivial_rep": 1.5214924076190073e-07, "percent_unembed_trivial_rep": 0.057318828999996185, "percent_hidden_trivial_rep": 0.314569890499115, "embed_excluded_loss_trivial_rep": 1.2661536891831276e-05, "embed_restricted_loss_trivial_rep": 6.5792641632993645, "logit_sign_rep_trace_similarity": 0.4162358045578003, "logit_excluded_loss_sign_rep": 0.0009353461762713754, "logit_restricted_loss_sign_rep": 5.887123382212422, "percent_x_embed_sign_rep": 0.03748629242181778, "percent_y_embed_sign_rep": 0.0374784879386425, "percent_unembed_sign_rep": 0.06752700358629227, "percent_hidden_sign_rep": 0.009369292296469212, "embed_excluded_loss_sign_rep": 0.0012131702680821528, "embed_restricted_loss_sign_rep": 5.915694168376445, "logit_standard_rep_trace_similarity": 0.6818584203720093, "logit_excluded_loss_standard_rep": 10.825259852815979, "logit_restricted_loss_standard_rep": 0.00019042369349448957, "percent_x_embed_standard_rep": 0.915911853313446, "percent_y_embed_standard_rep": 0.9158574938774109, "percent_unembed_standard_rep": 0.7652936577796936, "percent_hidden_standard_rep": 0.0579981654882431, "embed_excluded_loss_standard_rep": 5.1923567410426905, "embed_restricted_loss_standard_rep": 0.014538860670702487, "logit_standard_sign_rep_trace_similarity": 4.322714630689006e-09, "logit_excluded_loss_standard_sign_rep": 9.689628709667596e-06, "logit_restricted_loss_standard_sign_rep": 6.579251033173955, "percent_x_embed_standard_sign_rep": 2.1221967472229153e-06, "percent_y_embed_standard_sign_rep": 6.312585298928752e-08, "percent_unembed_standard_sign_rep": 0.00010849075624719262, "percent_hidden_standard_sign_rep": 4.735227238528844e-14, "embed_excluded_loss_standard_sign_rep": 1.2709673049390241e-05, "embed_restricted_loss_standard_sign_rep": 6.579320123435907, "logit_s6_5d_a_rep_trace_similarity": -1.7687398212729022e-09, "logit_excluded_loss_s6_5d_a_rep": 9.689628709667591e-06, "logit_restricted_loss_s6_5d_a_rep": 6.579251285185096, "percent_x_embed_s6_5d_a_rep": 8.569605824959581e-07, "percent_y_embed_s6_5d_a_rep": 7.200350182756665e-08, "percent_unembed_s6_5d_a_rep": 0.0002068139729090035, "percent_hidden_s6_5d_a_rep": 7.974191782150059e-14, "embed_excluded_loss_s6_5d_a_rep": 1.2690026828862213e-05, "embed_restricted_loss_s6_5d_a_rep": 6.579282361463779, "logit_s6_5d_b_rep_trace_similarity": 0.0571759007871151, "logit_excluded_loss_s6_5d_b_rep": 0.0001482556428106024, "logit_restricted_loss_s6_5d_b_rep": 4.345663058319207, "percent_x_embed_s6_5d_b_rep": 0.04656744748353958, "percent_y_embed_s6_5d_b_rep": 0.04666205868124962, "percent_unembed_s6_5d_b_rep": 0.10141436755657196, "percent_hidden_s6_5d_b_rep": 0.002998701063916087, "embed_excluded_loss_s6_5d_b_rep": 0.000331587388486052, "embed_restricted_loss_s6_5d_b_rep": 5.934224151066367, "percent_logits_explained": 0.6414521932601929, "total_logit_excluded_loss": 13.774885346727578, "total_logit_restricted_loss": 1.167163469692672e-07, "total_embed_restricted_loss": 1.2687108639176926e-05, "total_embed_excluded_loss": 6.580314968416398, "test_loss_restricted_loss_ratio": 1.0746258568738445, "sum_of_squared_weights": 23868.291015625, "epoch": 100000.0}