{"train_loss": 9.689628694414679e-06, "test_loss": 1.363389499262706e-05, "train_acc": 1.0, "test_acc": 1.0, "all_loss": 1.2647828418073964e-05, "percent_x_embed_trivial_rep": 7.607170005030639e-08, "percent_y_embed_trivial_rep": 1.5214924076190073e-07, "percent_unembed_trivial_rep": 0.057318828999996185, "percent_hidden_trivial_rep": 0.314569890499115, "hidden_excluded_loss_trivial_rep": 1.7357283880623676e-05, "hidden_restricted_loss_trivial_rep": 6.862774514390925, "logit_sign_rep_trace_similarity": 0.4162358045578003, "logit_excluded_loss_sign_rep": 0.0009353461762713754, "logit_restricted_loss_sign_rep": 5.887123382212422, "percent_x_embed_sign_rep": 0.03748629242181778, "percent_y_embed_sign_rep": 0.0374784879386425, "percent_unembed_sign_rep": 0.06752700358629227, "percent_hidden_sign_rep": 0.009369292296469212, "hidden_excluded_loss_sign_rep": 0.000986083572560158, "hidden_restricted_loss_sign_rep": 5.895053869090709, "logit_standard_rep_trace_similarity": 0.6818584203720093, "logit_excluded_loss_standard_rep": 10.825259852815979, "logit_restricted_loss_standard_rep": 0.00019042369349448957, "percent_x_embed_standard_rep": 0.915911853313446, "percent_y_embed_standard_rep": 0.9158574938774109, "percent_unembed_standard_rep": 0.7652936577796936, "percent_hidden_standard_rep": 0.0579981654882431, "hidden_excluded_loss_standard_rep": 10.736338344674055, "hidden_restricted_loss_standard_rep": 0.0010759561574323134, "logit_standard_sign_rep_trace_similarity": 4.322714630689006e-09, "logit_excluded_loss_standard_sign_rep": 9.689628709667596e-06, "logit_restricted_loss_standard_sign_rep": 6.579251033173955, "percent_x_embed_standard_sign_rep": 2.1221967472229153e-06, "percent_y_embed_standard_sign_rep": 6.312585298928752e-08, "percent_unembed_standard_sign_rep": 0.00010849075624719262, "percent_hidden_standard_sign_rep": 4.735227238528844e-14, "hidden_excluded_loss_standard_sign_rep": 9.689629147327057e-06, "hidden_restricted_loss_standard_sign_rep": 6.579251209813978, "logit_s6_5d_a_rep_trace_similarity": -1.7687398212729022e-09, "logit_excluded_loss_s6_5d_a_rep": 9.689628709667591e-06, "logit_restricted_loss_s6_5d_a_rep": 6.579251285185096, "percent_x_embed_s6_5d_a_rep": 8.569605824959581e-07, "percent_y_embed_s6_5d_a_rep": 7.200350182756665e-08, "percent_unembed_s6_5d_a_rep": 0.0002068139729090035, "percent_hidden_s6_5d_a_rep": 7.974191782150059e-14, "hidden_excluded_loss_s6_5d_a_rep": 9.689630155588717e-06, "hidden_restricted_loss_s6_5d_a_rep": 6.579251200940549, "logit_s6_5d_b_rep_trace_similarity": 0.0571759007871151, "logit_excluded_loss_s6_5d_b_rep": 0.0001482556428106024, "logit_restricted_loss_s6_5d_b_rep": 4.345663058319207, "percent_x_embed_s6_5d_b_rep": 0.04656744748353958, "percent_y_embed_s6_5d_b_rep": 0.04666205868124962, "percent_unembed_s6_5d_b_rep": 0.10141436755657196, "percent_hidden_s6_5d_b_rep": 0.002998701063916087, "hidden_excluded_loss_s6_5d_b_rep": 0.00020998780413773895, "hidden_restricted_loss_s6_5d_b_rep": 4.932891314669244, "percent_logits_explained": 0.6414521932601929, "total_logit_excluded_loss": 13.774885346727578, "total_logit_restricted_loss": 1.167163469692672e-07, "total_hidden_excluded_loss": 13.420699068160582, "total_hidden_restricted_loss": 2.516649423870671e-07, "test_loss_restricted_loss_ratio": 54.174788364673304, "sum_of_squared_weights": 23868.291015625, "epoch": 100000.0}