{"train_loss": 1.5717059936898772e-06, "test_loss": 3.2156453841071417e-06, "train_acc": 1.0, "test_acc": 1.0, "all_loss": 2.558069526206129e-06, "percent_x_embed_trivial_rep": 8.354856251280296e-10, "percent_y_embed_trivial_rep": 5.515198853167647e-10, "percent_unembed_trivial_rep": 0.05348822474479675, "percent_hidden_x_trivial_rep": 2.4956874996364667e-15, "percent_hidden_y_trivial_rep": 2.4956874996364667e-15, "percent_hidden_xy_trivial_rep": 2.4956874996364667e-15, "total_percent_hidden_trivial_rep": 7.487062287151163e-15, "hidden_excluded_loss_trivial_rep": 1.600895125678026e-06, "hidden_restricted_loss_trivial_rep": 4.802245300548778, "logit_sign_rep_trace_similarity": 0.5112547874450684, "logit_excluded_loss_sign_rep": 0.0006699679240807509, "logit_restricted_loss_sign_rep": 4.0947529297752085, "percent_x_embed_sign_rep": 0.06574998050928116, "percent_y_embed_sign_rep": 0.06574690341949463, "percent_unembed_sign_rep": 0.10514459013938904, "percent_hidden_x_sign_rep": 0.023802194744348526, "percent_hidden_y_sign_rep": 0.023800941184163094, "percent_hidden_xy_sign_rep": 0.023799574002623558, "total_percent_hidden_sign_rep": 0.07140271365642548, "hidden_excluded_loss_sign_rep": 0.000672470787300589, "hidden_restricted_loss_sign_rep": 4.095710591540984, "logit_standard_rep_trace_similarity": 0.7537645697593689, "logit_excluded_loss_standard_rep": 7.76560438899779, "logit_restricted_loss_standard_rep": 0.00010148629771732898, "percent_x_embed_standard_rep": 0.9342501163482666, "percent_y_embed_standard_rep": 0.9342529773712158, "percent_unembed_standard_rep": 0.8305039405822754, "percent_hidden_x_standard_rep": 0.3538248836994171, "percent_hidden_y_standard_rep": 0.3484755754470825, "percent_hidden_xy_standard_rep": 0.10506628453731537, "total_percent_hidden_standard_rep": 0.8073667287826538, "hidden_excluded_loss_standard_rep": 7.768536265096509, "hidden_restricted_loss_standard_rep": 0.00010822762854915038, "logit_standard_sign_rep_trace_similarity": -1.5643308870494366e-10, "logit_excluded_loss_standard_sign_rep": 1.5717056870742514e-06, "logit_restricted_loss_standard_sign_rep": 4.787491747557234, "percent_x_embed_standard_sign_rep": 1.2263590143390957e-09, "percent_y_embed_standard_sign_rep": 1.1070311334293592e-09, "percent_unembed_standard_sign_rep": 0.0006288101430982351, "percent_hidden_x_standard_sign_rep": 7.720735717420268e-10, "percent_hidden_y_standard_sign_rep": 6.457253065583757e-10, "percent_hidden_xy_standard_sign_rep": 3.548931168471242e-13, "total_percent_hidden_standard_sign_rep": 1.4181538166013752e-09, "hidden_excluded_loss_standard_sign_rep": 1.5717056238688359e-06, "hidden_restricted_loss_standard_sign_rep": 4.787491761372475, "logit_s5_5d_a_rep_trace_similarity": -6.693881005048752e-10, "logit_excluded_loss_s5_5d_a_rep": 1.5717056870742514e-06, "logit_restricted_loss_s5_5d_a_rep": 4.787491768323754, "percent_x_embed_s5_5d_a_rep": 2.9999565054339428e-09, "percent_y_embed_s5_5d_a_rep": 3.245784307992494e-09, "percent_unembed_s5_5d_a_rep": 0.0014863947872072458, "percent_hidden_x_s5_5d_a_rep": 1.6689065684971638e-09, "percent_hidden_y_s5_5d_a_rep": 1.6871947172703017e-09, "percent_hidden_xy_s5_5d_a_rep": 3.2133524357005894e-13, "total_percent_hidden_s5_5d_a_rep": 3.3564224732884895e-09, "hidden_excluded_loss_s5_5d_a_rep": 1.5717057180403987e-06, "hidden_restricted_loss_s5_5d_a_rep": 4.787491693990127, "logit_s5_5d_b_rep_trace_similarity": 0.001869662432000041, "logit_excluded_loss_s5_5d_b_rep": 1.7005603962590286e-06, "logit_restricted_loss_s5_5d_b_rep": 4.716253691037935, "percent_x_embed_s5_5d_b_rep": 8.086308511678908e-09, "percent_y_embed_s5_5d_b_rep": 7.582595884514376e-09, "percent_unembed_s5_5d_b_rep": 0.006742790807038546, "percent_hidden_x_s5_5d_b_rep": 0.0006490866653621197, "percent_hidden_y_s5_5d_b_rep": 0.0006498793372884393, "percent_hidden_xy_s5_5d_b_rep": 0.00016542758385185152, "total_percent_hidden_s5_5d_b_rep": 0.0014643935719504952, "hidden_excluded_loss_s5_5d_b_rep": 1.7019329997706686e-06, "hidden_restricted_loss_s5_5d_b_rep": 4.717303573903008, "logit_s5_6d_rep_trace_similarity": 5.955371307209134e-09, "logit_excluded_loss_s5_6d_rep": 1.571705687074097e-06, "logit_restricted_loss_s5_6d_rep": 4.78749147009655, "percent_x_embed_s5_6d_rep": 4.105806361565101e-09, "percent_y_embed_s5_6d_rep": 3.891840183456452e-09, "percent_unembed_s5_6d_rep": 0.0020052832551300526, "percent_hidden_x_s5_6d_rep": 2.392501752268572e-09, "percent_hidden_y_s5_6d_rep": 2.128252907240835e-09, "percent_hidden_xy_s5_6d_rep": 8.261856910413146e-13, "total_percent_hidden_s5_6d_rep": 4.5215804433951234e-09, "hidden_excluded_loss_s5_6d_rep": 1.5717061931030513e-06, "hidden_restricted_loss_s5_6d_rep": 4.787491709034747, "percent_logits_explained": 0.8295459747314453, "total_logit_excluded_loss": 8.050913273916704, "total_logit_restricted_loss": 6.832267812626244e-07, "total_hidden_excluded_loss": 8.051706947103616, "total_hidden_restricted_loss": 7.317264903633718e-07, "test_loss_restricted_loss_ratio": 4.394600204388211, "sum_of_squared_weights": 5051.22509765625, "percent_hidden_explained": 0.8787694573402405, "percent_hidden_xy_explained": 0.12886585295200348, "percent_x_embed_explained": 1.0000001192092896, "percent_y_embed_explained": 0.9999998807907104, "percent_unembed_explained": 0.9356485605239868, "epoch": 250000.0}