{"train_loss": 2.235060860733011e-06, "test_loss": 6.066641768568578e-05, "train_acc": 1.0, "test_acc": 1.0, "all_loss": 3.7293874810732606e-05, "percent_x_embed_trivial_rep": 6.514173946925439e-06, "percent_y_embed_trivial_rep": 2.1511027625820134e-06, "percent_unembed_trivial_rep": 0.020503848791122437, "percent_hidden_x_trivial_rep": 3.191325589546796e-15, "percent_hidden_y_trivial_rep": 3.191325589546796e-15, "percent_hidden_xy_trivial_rep": 3.191325589546796e-15, "total_percent_hidden_trivial_rep": 9.573976980398625e-15, "hidden_excluded_loss_trivial_rep": 2.5284955008716738e-06, "hidden_restricted_loss_trivial_rep": 4.8697476251941945, "logit_sign_rep_trace_similarity": 0.3557839095592499, "logit_excluded_loss_sign_rep": 2.1572158042953998e-05, "logit_restricted_loss_sign_rep": 4.113956795204853, "percent_x_embed_sign_rep": 0.04707315191626549, "percent_y_embed_sign_rep": 0.046910595148801804, "percent_unembed_sign_rep": 0.04917703941464424, "percent_hidden_x_sign_rep": 0.017176834866404533, "percent_hidden_y_sign_rep": 0.017224637791514397, "percent_hidden_xy_sign_rep": 0.013614216819405556, "total_percent_hidden_sign_rep": 0.048015691339969635, "hidden_excluded_loss_sign_rep": 2.192461107041498e-05, "hidden_restricted_loss_sign_rep": 4.11765938114174, "logit_standard_rep_trace_similarity": 0.24471020698547363, "logit_excluded_loss_standard_rep": 0.000570539338423139, "logit_restricted_loss_standard_rep": 0.8240592923481197, "percent_x_embed_standard_rep": 0.21982133388519287, "percent_y_embed_standard_rep": 0.219375342130661, "percent_unembed_standard_rep": 0.184916689991951, "percent_hidden_x_standard_rep": 0.09112179279327393, "percent_hidden_y_standard_rep": 0.08958055824041367, "percent_hidden_xy_standard_rep": 0.024696730077266693, "total_percent_hidden_standard_rep": 0.20539909601211548, "hidden_excluded_loss_standard_rep": 0.0011733123489335905, "hidden_restricted_loss_standard_rep": 1.7181759337158726, "logit_standard_sign_rep_trace_similarity": 0.4060207009315491, "logit_excluded_loss_standard_sign_rep": 0.05786677862881913, "logit_restricted_loss_standard_sign_rep": 0.05331734633716878, "percent_x_embed_standard_sign_rep": 0.4007415175437927, "percent_y_embed_standard_sign_rep": 0.40252289175987244, "percent_unembed_standard_sign_rep": 0.39957261085510254, "percent_hidden_x_standard_sign_rep": 0.14762534201145172, "percent_hidden_y_standard_sign_rep": 0.14662206172943115, "percent_hidden_xy_standard_sign_rep": 0.030016232281923294, "total_percent_hidden_standard_sign_rep": 0.32426363229751587, "hidden_excluded_loss_standard_sign_rep": 0.042622143094649435, "hidden_restricted_loss_standard_sign_rep": 0.07886124662462303, "logit_s5_5d_a_rep_trace_similarity": -1.7510443285573274e-05, "logit_excluded_loss_s5_5d_a_rep": 2.2339921679504635e-06, "logit_restricted_loss_s5_5d_a_rep": 4.787974288220186, "percent_x_embed_s5_5d_a_rep": 0.0001872602733783424, "percent_y_embed_s5_5d_a_rep": 4.508388519752771e-05, "percent_unembed_s5_5d_a_rep": 0.006435290910303593, "percent_hidden_x_s5_5d_a_rep": 0.00015191297279670835, "percent_hidden_y_s5_5d_a_rep": 8.197604620363563e-05, "percent_hidden_xy_s5_5d_a_rep": 8.11068730399711e-06, "total_percent_hidden_s5_5d_a_rep": 0.00024199970357585698, "hidden_excluded_loss_s5_5d_a_rep": 2.2355335020367254e-06, "hidden_restricted_loss_s5_5d_a_rep": 4.788133628021122, "logit_s5_5d_b_rep_trace_similarity": 0.261817991733551, "logit_excluded_loss_s5_5d_b_rep": 0.004723977937296315, "logit_restricted_loss_s5_5d_b_rep": 0.1539618423761251, "percent_x_embed_s5_5d_b_rep": 0.3318603038787842, "percent_y_embed_s5_5d_b_rep": 0.3310748338699341, "percent_unembed_s5_5d_b_rep": 0.32810890674591064, "percent_hidden_x_s5_5d_b_rep": 0.12924721837043762, "percent_hidden_y_s5_5d_b_rep": 0.1280890703201294, "percent_hidden_xy_s5_5d_b_rep": 0.024770312011241913, "total_percent_hidden_s5_5d_b_rep": 0.2821066081523895, "hidden_excluded_loss_s5_5d_b_rep": 0.0048982041677747765, "hidden_restricted_loss_s5_5d_b_rep": 0.2167603343653684, "logit_s5_6d_rep_trace_similarity": 3.060995368286967e-08, "logit_excluded_loss_s5_6d_rep": 2.235064861721596e-06, "logit_restricted_loss_s5_6d_rep": 4.787490730548222, "percent_x_embed_s5_6d_rep": 0.00030996312852948904, "percent_y_embed_s5_6d_rep": 6.906931230332702e-05, "percent_unembed_s5_6d_rep": 0.011285686865448952, "percent_hidden_x_s5_6d_rep": 0.00017907886649481952, "percent_hidden_y_s5_6d_rep": 6.019061038387008e-05, "percent_hidden_xy_s5_6d_rep": 3.844681941700401e-06, "total_percent_hidden_s5_6d_rep": 0.00024311416200362146, "hidden_excluded_loss_s5_6d_rep": 2.236315155649551e-06, "hidden_restricted_loss_s5_6d_rep": 4.787574759338291, "percent_logits_explained": 0.41986674070358276, "total_logit_excluded_loss": 9.940417900894046, "total_logit_restricted_loss": 1.0346826813880926e-07, "total_hidden_excluded_loss": 9.158082773436913, "total_hidden_restricted_loss": 2.393585397154181e-07, "test_loss_restricted_loss_ratio": 253.45416026440606, "sum_of_squared_weights": 6675.134765625, "percent_hidden_explained": 0.8597850799560547, "percent_hidden_xy_explained": 0.09309748560190201, "percent_x_embed_explained": 0.999496340751648, "percent_y_embed_explained": 0.9998836517333984, "percent_unembed_explained": 0.9617752432823181, "epoch": 250000.0}