{"train_loss": 1.1581203792262404e-07, "test_loss": 8.07881883463948e-07, "train_acc": 1.0, "test_acc": 1.0, "all_loss": 6.002703967992445e-07, "logit_trivial_rep_trace_similarity": 4.547473508864641e-11, "logit_excluded_loss_trivial_rep": 1.1581203330503243e-07, "logit_restricted_loss_trivial_rep": 4.770684624465665, "logit_sign_rep_trace_similarity": 0.24154607951641083, "logit_excluded_loss_sign_rep": 4.3958901001122806e-05, "logit_restricted_loss_sign_rep": 4.077973039983196, "logit_freq_1_rep_trace_similarity": 0.45571035146713257, "logit_excluded_loss_freq_1_rep": 0.10134968210483318, "logit_restricted_loss_freq_1_rep": 1.8269748680648399, "logit_freq_2_rep_trace_similarity": 0.00010615431529004127, "logit_excluded_loss_freq_2_rep": 1.1619627203761618e-07, "logit_restricted_loss_freq_2_rep": 4.7672851316848055, "logit_freq_3_rep_trace_similarity": 1.5245677786879241e-06, "logit_excluded_loss_freq_3_rep": 1.1581857791306257e-07, "logit_restricted_loss_freq_3_rep": 4.770635781140315, "logit_freq_4_rep_trace_similarity": 0.10483665764331818, "logit_excluded_loss_freq_4_rep": 3.432021227120486e-05, "logit_restricted_loss_freq_4_rep": 2.7410337047331277, "logit_freq_5_rep_trace_similarity": 9.529788258078042e-06, "logit_excluded_loss_freq_5_rep": 1.1586109959544956e-07, "logit_restricted_loss_freq_5_rep": 4.770379323781135, "logit_freq_6_rep_trace_similarity": 4.847117452300154e-06, "logit_excluded_loss_freq_6_rep": 1.1583709853330599e-07, "logit_restricted_loss_freq_6_rep": 4.770529337051413, "logit_freq_7_rep_trace_similarity": 5.127905296831159e-06, "logit_excluded_loss_freq_7_rep": 1.1583095581464046e-07, "logit_restricted_loss_freq_7_rep": 4.770520341620285, "logit_freq_8_rep_trace_similarity": 0.0001403132191626355, "logit_excluded_loss_freq_8_rep": 1.1619319855414714e-07, "logit_restricted_loss_freq_8_rep": 4.766191839868859, "logit_freq_9_rep_trace_similarity": -4.99378438689746e-06, "logit_excluded_loss_freq_9_rep": 1.1579493204562827e-07, "logit_restricted_loss_freq_9_rep": 4.770844616950599, "logit_freq_10_rep_trace_similarity": 2.9570596780104097e-06, "logit_excluded_loss_freq_10_rep": 1.1582460850599997e-07, "logit_restricted_loss_freq_10_rep": 4.770589888239603, "logit_freq_11_rep_trace_similarity": 0.00011064557475037873, "logit_excluded_loss_freq_11_rep": 1.1625472564473813e-07, "logit_restricted_loss_freq_11_rep": 4.7671413670395815, "logit_freq_12_rep_trace_similarity": 0.0004599117673933506, "logit_excluded_loss_freq_12_rep": 1.1771217774403235e-07, "logit_restricted_loss_freq_12_rep": 4.755977254215182, "logit_freq_13_rep_trace_similarity": 2.04698462766828e-05, "logit_excluded_loss_freq_13_rep": 1.1591530290515279e-07, "logit_restricted_loss_freq_13_rep": 4.770028871722036, "logit_freq_14_rep_trace_similarity": 2.4463861336698756e-07, "logit_excluded_loss_freq_14_rep": 1.1581322418635533e-07, "logit_restricted_loss_freq_14_rep": 4.770676786819114, "logit_freq_15_rep_trace_similarity": 2.967308773804689e-06, "logit_excluded_loss_freq_15_rep": 1.1582218844530843e-07, "logit_restricted_loss_freq_15_rep": 4.770589559890404, "logit_freq_16_rep_trace_similarity": 0.23622015118598938, "logit_excluded_loss_freq_16_rep": 0.004900518801894568, "logit_restricted_loss_freq_16_rep": 2.1679359915073753, "logit_freq_17_rep_trace_similarity": 9.482569112151396e-07, "logit_excluded_loss_freq_17_rep": 1.1581464391688821e-07, "logit_restricted_loss_freq_17_rep": 4.77065424462403, "logit_freq_18_rep_trace_similarity": -6.720410965499468e-07, "logit_excluded_loss_freq_18_rep": 1.1580964694130381e-07, "logit_restricted_loss_freq_18_rep": 4.770706155164443, "logit_freq_19_rep_trace_similarity": 5.265060281089973e-07, "logit_excluded_loss_freq_19_rep": 1.1581351254584735e-07, "logit_restricted_loss_freq_19_rep": 4.770667756466783, "logit_freq_20_rep_trace_similarity": 4.2217587179038674e-05, "logit_excluded_loss_freq_20_rep": 1.1596876593663154e-07, "logit_restricted_loss_freq_20_rep": 4.7693322994226826, "logit_freq_21_rep_trace_similarity": 5.921287993260194e-07, "logit_excluded_loss_freq_21_rep": 1.158148727195272e-07, "logit_restricted_loss_freq_21_rep": 4.770665654075486, "logit_freq_22_rep_trace_similarity": 8.350856660399586e-06, "logit_excluded_loss_freq_22_rep": 1.158493862242402e-07, "logit_restricted_loss_freq_22_rep": 4.770417091300014, "logit_freq_23_rep_trace_similarity": 7.072958396747708e-06, "logit_excluded_loss_freq_23_rep": 1.158307235268627e-07, "logit_restricted_loss_freq_23_rep": 4.770458029668437, "logit_freq_24_rep_trace_similarity": 0.42809346318244934, "logit_excluded_loss_freq_24_rep": 0.12769750895294585, "logit_restricted_loss_freq_24_rep": 1.8588350292405247, "logit_freq_25_rep_trace_similarity": 3.979375833296217e-07, "logit_excluded_loss_freq_25_rep": 1.1581287951914013e-07, "logit_restricted_loss_freq_25_rep": 4.770671875487585, "logit_freq_26_rep_trace_similarity": 6.018399290041998e-07, "logit_excluded_loss_freq_26_rep": 1.1581400452898824e-07, "logit_restricted_loss_freq_26_rep": 4.770665342953472, "logit_freq_27_rep_trace_similarity": 0.00012351208715699613, "logit_excluded_loss_freq_27_rep": 1.1625429810000428e-07, "logit_restricted_loss_freq_27_rep": 4.766729540651023, "logit_freq_28_rep_trace_similarity": -6.365957233356312e-06, "logit_excluded_loss_freq_28_rep": 1.157828236225013e-07, "logit_restricted_loss_freq_28_rep": 4.770888580184478, "logit_freq_29_rep_trace_similarity": 3.757804734050296e-07, "logit_excluded_loss_freq_29_rep": 1.1581427712983488e-07, "logit_restricted_loss_freq_29_rep": 4.770672585347814, "percent_logits_explained": 0.5160713791847229, "total_logit_excluded_loss": 28.855311677239676, "total_logit_restricted_loss": 7.314209656113042e-08, "epoch": 50000.0}