{"train_loss": 1.1294945500762237e-07, "test_loss": 8.073861449691742e-07, "train_acc": 1.0, "test_acc": 1.0, "all_loss": 5.99065468742178e-07, "percent_x_embed_trivial_rep": 1.977701685973443e-05, "percent_y_embed_trivial_rep": 1.977701685973443e-05, "percent_unembed_trivial_rep": 6.440612310143479e-07, "percent_hidden_trivial_rep": 0.32610630989074707, "hidden_excluded_loss_trivial_rep": 4.6014730133140715e-07, "hidden_restricted_loss_trivial_rep": 5.242722293857848, "logit_sign_rep_trace_similarity": 0.2401113361120224, "logit_excluded_loss_sign_rep": 4.178919761453529e-05, "logit_restricted_loss_sign_rep": 4.077989472525322, "percent_x_embed_sign_rep": 0.06903155148029327, "percent_y_embed_sign_rep": 0.06903155148029327, "percent_unembed_sign_rep": 0.07426026463508606, "percent_hidden_sign_rep": 0.008164971135556698, "hidden_excluded_loss_sign_rep": 0.00019304312515875866, "hidden_restricted_loss_sign_rep": 4.0899927023472795, "logit_freq_1_rep_trace_similarity": 0.4561273157596588, "logit_excluded_loss_freq_1_rep": 0.10144579530962755, "logit_restricted_loss_freq_1_rep": 1.8259178583041624, "percent_x_embed_freq_1_rep": 0.28190934658050537, "percent_y_embed_freq_1_rep": 0.28190934658050537, "percent_unembed_freq_1_rep": 0.3009927272796631, "percent_hidden_freq_1_rep": 0.02845873311161995, "hidden_excluded_loss_freq_1_rep": 0.22473918963687642, "hidden_restricted_loss_freq_1_rep": 1.8459753227643096, "logit_freq_2_rep_trace_similarity": 8.656666614115238e-05, "logit_excluded_loss_freq_2_rep": 1.1325435091237085e-07, "logit_restricted_loss_freq_2_rep": 4.767908973765926, "percent_x_embed_freq_2_rep": 0.0001302806631429121, "percent_y_embed_freq_2_rep": 0.0001302806631429121, "percent_unembed_freq_2_rep": 3.771332558244467e-05, "percent_hidden_freq_2_rep": 0.0011476988438516855, "hidden_excluded_loss_freq_2_rep": 3.1430366814976847e-07, "hidden_restricted_loss_freq_2_rep": 4.768625310794156, "logit_freq_3_rep_trace_similarity": 1.8853897927328944e-06, "logit_excluded_loss_freq_3_rep": 1.129573251259155e-07, "logit_restricted_loss_freq_3_rep": 4.77062415129591, "percent_x_embed_freq_3_rep": 0.0001608088205102831, "percent_y_embed_freq_3_rep": 0.0001608088205102831, "percent_unembed_freq_3_rep": 3.2944983104243875e-05, "percent_hidden_freq_3_rep": 0.00020855109323747456, "hidden_excluded_loss_freq_3_rep": 3.0663114936900786e-07, "hidden_restricted_loss_freq_3_rep": 4.773437992604773, "logit_freq_4_rep_trace_similarity": 0.10456416010856628, "logit_excluded_loss_freq_4_rep": 3.324201290046931e-05, "logit_restricted_loss_freq_4_rep": 2.742376172497813, "percent_x_embed_freq_4_rep": 0.13681688904762268, "percent_y_embed_freq_4_rep": 0.13681688904762268, "percent_unembed_freq_4_rep": 0.12175627052783966, "percent_hidden_freq_4_rep": 0.0039011784829199314, "hidden_excluded_loss_freq_4_rep": 0.00011792231878026832, "hidden_restricted_loss_freq_4_rep": 2.9748524160222614, "logit_freq_5_rep_trace_similarity": 8.610209079051856e-06, "logit_excluded_loss_freq_5_rep": 1.1299263460629391e-07, "logit_restricted_loss_freq_5_rep": 4.770408462688551, "percent_x_embed_freq_5_rep": 7.895426824688911e-05, "percent_y_embed_freq_5_rep": 7.895426824688911e-05, "percent_unembed_freq_5_rep": 3.947025470552035e-05, "percent_hidden_freq_5_rep": 4.290899232728407e-05, "hidden_excluded_loss_freq_5_rep": 3.121962384922522e-07, "hidden_restricted_loss_freq_5_rep": 4.771400154925467, "logit_freq_6_rep_trace_similarity": 2.7555133783607744e-06, "logit_excluded_loss_freq_6_rep": 1.1296322147661935e-07, "logit_restricted_loss_freq_6_rep": 4.770596242718768, "percent_x_embed_freq_6_rep": 6.497345020761713e-05, "percent_y_embed_freq_6_rep": 6.497345020761713e-05, "percent_unembed_freq_6_rep": 3.1441926694242284e-05, "percent_hidden_freq_6_rep": 1.2399870684021153e-05, "hidden_excluded_loss_freq_6_rep": 3.1384240148948174e-07, "hidden_restricted_loss_freq_6_rep": 4.770791935763283, "logit_freq_7_rep_trace_similarity": 5.193268407310825e-06, "logit_excluded_loss_freq_7_rep": 1.129683867445769e-07, "logit_restricted_loss_freq_7_rep": 4.770518054547559, "percent_x_embed_freq_7_rep": 0.00023018837964627892, "percent_y_embed_freq_7_rep": 0.00023018837964627892, "percent_unembed_freq_7_rep": 3.860043943859637e-05, "percent_hidden_freq_7_rep": 6.029742962709861e-06, "hidden_excluded_loss_freq_7_rep": 3.13201622486566e-07, "hidden_restricted_loss_freq_7_rep": 4.770726106633061, "logit_freq_8_rep_trace_similarity": 0.0001388090313412249, "logit_excluded_loss_freq_8_rep": 1.1331848121969658e-07, "logit_restricted_loss_freq_8_rep": 4.766234821153211, "percent_x_embed_freq_8_rep": 0.00032447048579342663, "percent_y_embed_freq_8_rep": 0.00032447048579342663, "percent_unembed_freq_8_rep": 0.0004703025915659964, "percent_hidden_freq_8_rep": 1.1364048987161368e-05, "hidden_excluded_loss_freq_8_rep": 3.252263838932965e-07, "hidden_restricted_loss_freq_8_rep": 4.770661982334879, "logit_freq_9_rep_trace_similarity": -1.6781064005044755e-06, "logit_excluded_loss_freq_9_rep": 1.1294392397041683e-07, "logit_restricted_loss_freq_9_rep": 4.770738449870159, "percent_x_embed_freq_9_rep": 0.00011249996168771759, "percent_y_embed_freq_9_rep": 0.00011249996168771759, "percent_unembed_freq_9_rep": 9.167332609649748e-05, "percent_hidden_freq_9_rep": 6.440441211452708e-06, "hidden_excluded_loss_freq_9_rep": 3.1353409419405017e-07, "hidden_restricted_loss_freq_9_rep": 4.770973866114975, "logit_freq_10_rep_trace_similarity": -6.091695468057878e-07, "logit_excluded_loss_freq_10_rep": 1.1294701309052804e-07, "logit_restricted_loss_freq_10_rep": 4.770704163546392, "percent_x_embed_freq_10_rep": 7.662242569494992e-05, "percent_y_embed_freq_10_rep": 7.662242569494992e-05, "percent_unembed_freq_10_rep": 2.715080336201936e-05, "percent_hidden_freq_10_rep": 1.9146327758789994e-06, "hidden_excluded_loss_freq_10_rep": 3.1382541550041144e-07, "hidden_restricted_loss_freq_10_rep": 4.770786459034257, "logit_freq_11_rep_trace_similarity": 0.00010420364560559392, "logit_excluded_loss_freq_11_rep": 1.1335695033313523e-07, "logit_restricted_loss_freq_11_rep": 4.767343702966102, "percent_x_embed_freq_11_rep": 0.00017836422193795443, "percent_y_embed_freq_11_rep": 0.00017836422193795443, "percent_unembed_freq_11_rep": 3.729540549102239e-05, "percent_hidden_freq_11_rep": 0.0010632213670760393, "hidden_excluded_loss_freq_11_rep": 3.1477413592336763e-07, "hidden_restricted_loss_freq_11_rep": 4.768050287609002, "logit_freq_12_rep_trace_similarity": 0.0004460542113520205, "logit_excluded_loss_freq_12_rep": 1.1475369417625128e-07, "logit_restricted_loss_freq_12_rep": 4.756403082030606, "percent_x_embed_freq_12_rep": 0.0069924453273415565, "percent_y_embed_freq_12_rep": 0.0069924453273415565, "percent_unembed_freq_12_rep": 0.0029966947622597218, "percent_hidden_freq_12_rep": 1.573455119796563e-05, "hidden_excluded_loss_freq_12_rep": 3.1783531728250756e-07, "hidden_restricted_loss_freq_12_rep": 4.7617845662485845, "logit_freq_13_rep_trace_similarity": 2.083421168208588e-05, "logit_excluded_loss_freq_13_rep": 1.1305197570451549e-07, "logit_restricted_loss_freq_13_rep": 4.770016425722196, "percent_x_embed_freq_13_rep": 0.00013227785530034453, "percent_y_embed_freq_13_rep": 0.00013227785530034453, "percent_unembed_freq_13_rep": 2.9254342734930106e-05, "percent_hidden_freq_13_rep": 0.00017504692368675023, "hidden_excluded_loss_freq_13_rep": 3.1416563399890003e-07, "hidden_restricted_loss_freq_13_rep": 4.770200811913524, "logit_freq_14_rep_trace_similarity": -1.896473804663401e-07, "logit_excluded_loss_freq_14_rep": 1.1294831076644614e-07, "logit_restricted_loss_freq_14_rep": 4.770690707384587, "percent_x_embed_freq_14_rep": 7.064682722557336e-05, "percent_y_embed_freq_14_rep": 7.064682722557336e-05, "percent_unembed_freq_14_rep": 3.000514698214829e-05, "percent_hidden_freq_14_rep": 4.2312089476581605e-07, "hidden_excluded_loss_freq_14_rep": 3.138245285261755e-07, "hidden_restricted_loss_freq_14_rep": 4.770701412893704,