{"train_loss": 1.6348655149261383e-05, "test_loss": 44.3196134848748, "train_acc": 1.0, "test_acc": 0.004398148041218519, "all_loss": 26.591774563224437, "percent_x_embed_trivial_rep": 0.012644482776522636, "percent_y_embed_trivial_rep": 0.00992879830300808, "percent_unembed_trivial_rep": 0.006107897963374853, "percent_hidden_x_trivial_rep": 1.28799957014431e-15, "percent_hidden_y_trivial_rep": 1.28799957014431e-15, "percent_hidden_xy_trivial_rep": 1.28799957014431e-15, "total_percent_hidden_trivial_rep": 3.86399871043293e-15, "hidden_excluded_loss_trivial_rep": 0.0011579990529228322, "hidden_restricted_loss_trivial_rep": 6.640890830334568, "logit_sign_rep_trace_similarity": 0.4229413866996765, "logit_excluded_loss_sign_rep": 1.1859667305425796, "logit_restricted_loss_sign_rep": 4.09434459758447, "percent_x_embed_sign_rep": 0.11158437281847, "percent_y_embed_sign_rep": 0.10706271976232529, "percent_unembed_sign_rep": 0.047010648995637894, "percent_hidden_x_sign_rep": 0.03729648515582085, "percent_hidden_y_sign_rep": 0.03682955726981163, "percent_hidden_xy_sign_rep": 0.030067823827266693, "total_percent_hidden_sign_rep": 0.10419386625289917, "hidden_excluded_loss_sign_rep": 1.1808022735287316, "hidden_restricted_loss_sign_rep": 4.29105754582462, "logit_standard_rep_trace_similarity": 0.009526651352643967, "logit_excluded_loss_standard_rep": 3.636931790780462e-05, "logit_restricted_loss_standard_rep": 4.034482363291293, "percent_x_embed_standard_rep": 0.09181146323680878, "percent_y_embed_standard_rep": 0.09448568522930145, "percent_unembed_standard_rep": 0.10202088952064514, "percent_hidden_x_standard_rep": 0.041870247572660446, "percent_hidden_y_standard_rep": 0.043426208198070526, "percent_hidden_xy_standard_rep": 0.00022305992024485022, "total_percent_hidden_standard_rep": 0.08551951497793198, "hidden_excluded_loss_standard_rep": 4.1744761159838574e-05, "hidden_restricted_loss_standard_rep": 4.117604569513656, "logit_standard_sign_rep_trace_similarity": 0.028005924075841904, "logit_excluded_loss_standard_sign_rep": 0.00018373832914393332, "logit_restricted_loss_standard_sign_rep": 2.6843102716166323, "percent_x_embed_standard_sign_rep": 0.13399389386177063, "percent_y_embed_standard_sign_rep": 0.13570265471935272, "percent_unembed_standard_sign_rep": 0.1481931060552597, "percent_hidden_x_standard_sign_rep": 0.054311878979206085, "percent_hidden_y_standard_sign_rep": 0.056162841618061066, "percent_hidden_xy_standard_sign_rep": 0.0013481583446264267, "total_percent_hidden_standard_sign_rep": 0.11182288080453873, "hidden_excluded_loss_standard_sign_rep": 0.000457794846422965, "hidden_restricted_loss_standard_sign_rep": 3.1659726012192166, "logit_s5_5d_a_rep_trace_similarity": 0.030623864382505417, "logit_excluded_loss_s5_5d_a_rep": 0.00042348737393808114, "logit_restricted_loss_s5_5d_a_rep": 1.9500574414625125, "percent_x_embed_s5_5d_a_rep": 0.21891659498214722, "percent_y_embed_s5_5d_a_rep": 0.22155369818210602, "percent_unembed_s5_5d_a_rep": 0.227251797914505, "percent_hidden_x_s5_5d_a_rep": 0.09156033396720886, "percent_hidden_y_s5_5d_a_rep": 0.09480944275856018, "percent_hidden_xy_s5_5d_a_rep": 0.0013827239163219929, "total_percent_hidden_s5_5d_a_rep": 0.18775250017642975, "hidden_excluded_loss_s5_5d_a_rep": 0.0009266533753194201, "hidden_restricted_loss_s5_5d_a_rep": 2.4349127325880393, "logit_s5_5d_b_rep_trace_similarity": 0.020616095513105392, "logit_excluded_loss_s5_5d_b_rep": 0.00014312594691777433, "logit_restricted_loss_s5_5d_b_rep": 2.802255825477887, "percent_x_embed_s5_5d_b_rep": 0.1736954152584076, "percent_y_embed_s5_5d_b_rep": 0.17527416348457336, "percent_unembed_s5_5d_b_rep": 0.19273371994495392, "percent_hidden_x_s5_5d_b_rep": 0.07434611022472382, "percent_hidden_y_s5_5d_b_rep": 0.0793917328119278, "percent_hidden_xy_s5_5d_b_rep": 0.0007721232832409441, "total_percent_hidden_s5_5d_b_rep": 0.15450996160507202, "hidden_excluded_loss_s5_5d_b_rep": 0.00036771308329697417, "hidden_restricted_loss_s5_5d_b_rep": 3.1523461571763547, "logit_s5_6d_rep_trace_similarity": 0.02288433164358139, "logit_excluded_loss_s5_6d_rep": 0.0003321815740231847, "logit_restricted_loss_s5_6d_rep": 2.1587544306190263, "percent_x_embed_s5_6d_rep": 0.2573537826538086, "percent_y_embed_s5_6d_rep": 0.25599223375320435, "percent_unembed_s5_6d_rep": 0.27668195962905884, "percent_hidden_x_s5_6d_rep": 0.1096784919500351, "percent_hidden_y_s5_6d_rep": 0.11510830372571945, "percent_hidden_xy_s5_6d_rep": 0.0009296368225477636, "total_percent_hidden_s5_6d_rep": 0.22571642696857452, "hidden_excluded_loss_s5_6d_rep": 0.0005579182706527296, "hidden_restricted_loss_s5_6d_rep": 2.5012285962937453, "percent_logits_explained": 0.18164104223251343, "total_logit_excluded_loss": 8.783032318242263, "total_logit_restricted_loss": 0.0008082828826691004, "total_hidden_excluded_loss": 8.35838115529584, "total_hidden_restricted_loss": 0.020464028325913784, "test_loss_restricted_loss_ratio": 2165.7326103655005, "sum_of_squared_weights": 19195.81640625, "percent_hidden_explained": 0.8695151209831238, "percent_hidden_xy_explained": 0.034723520278930664, "percent_x_embed_explained": 0.9873555898666382, "percent_y_embed_explained": 0.9900711178779602, "percent_unembed_explained": 0.9938920736312866, "epoch": 250000.0}