{"train_loss": 1.729846929492127e-06, "test_loss": 2.3011003512953066e-06, "train_acc": 1.0, "test_acc": 1.0, "all_loss": 2.072598868606728e-06, "percent_x_embed_trivial_rep": 2.345896255029345e-10, "percent_y_embed_trivial_rep": 3.5517891405767443e-10, "percent_unembed_trivial_rep": 0.0653434470295906, "percent_hidden_x_trivial_rep": 3.3113601108098606e-15, "percent_hidden_y_trivial_rep": 3.3113601108098606e-15, "percent_hidden_xy_trivial_rep": 3.3113601108098606e-15, "total_percent_hidden_trivial_rep": 9.934080332429582e-15, "hidden_excluded_loss_trivial_rep": 1.8994768957585971e-06, "hidden_restricted_loss_trivial_rep": 4.851972551049611, "logit_sign_rep_trace_similarity": 0.36991778016090393, "logit_excluded_loss_sign_rep": 0.0015161865971793113, "logit_restricted_loss_sign_rep": 4.094540438659092, "percent_x_embed_sign_rep": 0.042297862470149994, "percent_y_embed_sign_rep": 0.04227900132536888, "percent_unembed_sign_rep": 0.1107657328248024, "percent_hidden_x_sign_rep": 0.015480807982385159, "percent_hidden_y_sign_rep": 0.015479540452361107, "percent_hidden_xy_sign_rep": 0.015478301793336868, "total_percent_hidden_sign_rep": 0.04643864929676056, "hidden_excluded_loss_sign_rep": 0.0015194206152695548, "hidden_restricted_loss_sign_rep": 4.095197832753991, "logit_standard_rep_trace_similarity": 0.6743858456611633, "logit_excluded_loss_standard_rep": 16.390972153362206, "logit_restricted_loss_standard_rep": 1.7396623701483901e-06, "percent_x_embed_standard_rep": 0.9577022194862366, "percent_y_embed_standard_rep": 0.9577211737632751, "percent_unembed_standard_rep": 0.8189747333526611, "percent_hidden_x_standard_rep": 0.3707600235939026, "percent_hidden_y_standard_rep": 0.37091392278671265, "percent_hidden_xy_standard_rep": 0.11175137013196945, "total_percent_hidden_standard_rep": 0.8534253239631653, "hidden_excluded_loss_standard_rep": 16.419802657994655, "hidden_restricted_loss_standard_rep": 1.8910481421502877e-06, "logit_standard_sign_rep_trace_similarity": -2.546585164964199e-11, "logit_excluded_loss_standard_sign_rep": 1.729846641066423e-06, "logit_restricted_loss_standard_sign_rep": 4.78749174395758, "percent_x_embed_standard_sign_rep": 1.2741432353635673e-09, "percent_y_embed_standard_sign_rep": 1.2176947228326185e-09, "percent_unembed_standard_sign_rep": 0.00012781242548953742, "percent_hidden_x_standard_sign_rep": 6.04289673855618e-10, "percent_hidden_y_standard_sign_rep": 7.616029473744845e-10, "percent_hidden_xy_standard_sign_rep": 1.4107019588940894e-12, "total_percent_hidden_standard_sign_rep": 1.3673032706051913e-09, "hidden_excluded_loss_standard_sign_rep": 1.729846705576603e-06, "hidden_restricted_loss_standard_sign_rep": 4.787491745106326, "logit_s5_5d_a_rep_trace_similarity": -1.382431946694851e-09, "logit_excluded_loss_s5_5d_a_rep": 1.729846641066423e-06, "logit_restricted_loss_s5_5d_a_rep": 4.7874918225504794, "percent_x_embed_s5_5d_a_rep": 2.5885942278591756e-09, "percent_y_embed_s5_5d_a_rep": 2.733514969932571e-09, "percent_unembed_s5_5d_a_rep": 0.0002123323065461591, "percent_hidden_x_s5_5d_a_rep": 1.1234886354571927e-09, "percent_hidden_y_s5_5d_a_rep": 1.536875182672759e-09, "percent_hidden_xy_s5_5d_a_rep": 2.0666157858357376e-13, "total_percent_hidden_s5_5d_a_rep": 2.6605706526794393e-09, "hidden_excluded_loss_s5_5d_a_rep": 1.7298466121814908e-06, "hidden_restricted_loss_s5_5d_a_rep": 4.78749169870098, "logit_s5_5d_b_rep_trace_similarity": 0.0009247488342225552, "logit_excluded_loss_s5_5d_b_rep": 1.8280996803347097e-06, "logit_restricted_loss_s5_5d_b_rep": 4.7341894724352285, "percent_x_embed_s5_5d_b_rep": 8.704699183681441e-09, "percent_y_embed_s5_5d_b_rep": 9.65974500388711e-09, "percent_unembed_s5_5d_b_rep": 0.004135459195822477, "percent_hidden_x_s5_5d_b_rep": 0.0002149001811631024, "percent_hidden_y_s5_5d_b_rep": 0.00021512627427000552, "percent_hidden_xy_s5_5d_b_rep": 7.07545259501785e-05, "total_percent_hidden_s5_5d_b_rep": 0.0005007809959352016, "hidden_excluded_loss_s5_5d_b_rep": 1.8291728912583053e-06, "hidden_restricted_loss_s5_5d_b_rep": 4.734603736844799, "logit_s5_6d_rep_trace_similarity": 3.208697307854891e-09, "logit_excluded_loss_s5_6d_rep": 1.729846641066423e-06, "logit_restricted_loss_s5_6d_rep": 4.787491520605962, "percent_x_embed_s5_6d_rep": 2.8542492813699027e-09, "percent_y_embed_s5_6d_rep": 3.785030955327784e-09, "percent_unembed_s5_6d_rep": 0.00044045443064533174, "percent_hidden_x_s5_6d_rep": 1.2607824784183208e-09, "percent_hidden_y_s5_6d_rep": 2.136830490329089e-09, "percent_hidden_xy_s5_6d_rep": 4.646489898570139e-13, "total_percent_hidden_s5_6d_rep": 3.3980775970832156e-09, "hidden_excluded_loss_s5_6d_rep": 1.7298464945756174e-06, "hidden_restricted_loss_s5_6d_rep": 4.78749178282091, "percent_logits_explained": 0.5916362404823303, "total_logit_excluded_loss": 17.216260820228463, "total_logit_restricted_loss": 1.7903488934598284e-09, "total_hidden_excluded_loss": 17.232483991491744, "total_hidden_restricted_loss": 1.9967678187106096e-09, "test_loss_restricted_loss_ratio": 1152.4125788351378, "sum_of_squared_weights": 4903.8544921875, "percent_hidden_explained": 0.8998639583587646, "percent_hidden_xy_explained": 0.12722967565059662, "percent_x_embed_explained": 1.0000001192092896, "percent_y_embed_explained": 1.0000001192092896, "percent_unembed_explained": 0.9297404885292053, "epoch": 250000.0}