{"train_loss": 1.1472835010621029e-07, "test_loss": 1.42498921751153e-07, "train_acc": 1.0, "test_acc": 1.0, "all_loss": 1.2583658091564497e-07, "logit_trivial_rep_trace_similarity": -4.092726157978177e-11, "logit_excluded_loss_trivial_rep": 1.147283552234895e-07, "logit_restricted_loss_trivial_rep": 4.787491742782046, "logit_sign_rep_trace_similarity": 0.34882116317749023, "logit_excluded_loss_sign_rep": 2.6610138424821018e-05, "logit_restricted_loss_sign_rep": 4.094860043753936, "logit_standard_rep_trace_similarity": 2.3497013899032027e-05, "logit_excluded_loss_standard_rep": 1.1483027592114919e-07, "logit_restricted_loss_standard_rep": 4.786471906289237, "logit_standard_sign_rep_trace_similarity": 0.7118958234786987, "logit_excluded_loss_standard_sign_rep": 13.623805645762916, "logit_restricted_loss_standard_sign_rep": 3.449375562560342e-09, "logit_s5_5d_a_rep_trace_similarity": 1.5774639905430377e-07, "logit_excluded_loss_s5_5d_a_rep": 1.147293399475559e-07, "logit_restricted_loss_s5_5d_a_rep": 4.787483184213719, "logit_s5_5d_b_rep_trace_similarity": 1.1999472917523235e-06, "logit_excluded_loss_s5_5d_b_rep": 1.147361965554529e-07, "logit_restricted_loss_s5_5d_b_rep": 4.787426639431619, "logit_s5_6d_rep_trace_similarity": 2.975866664201021e-09, "logit_excluded_loss_s5_6d_rep": 1.147283552234895e-07, "logit_restricted_loss_s5_6d_rep": 4.787491549034379, "percent_logits_explained": 0.628471851348877, "total_logit_excluded_loss": 16.179333369256135, "total_logit_restricted_loss": 1.7252902721211088e-09, "epoch": 50000.0}