{"train_loss": 1.1472835010621029e-07, "test_loss": 1.42498921751153e-07, "train_acc": 1.0, "test_acc": 1.0, "all_loss": 1.2583658091564497e-07, "percent_x_embed_trivial_rep": 6.12429175816942e-06, "percent_y_embed_trivial_rep": 6.12429175816942e-06, "percent_unembed_trivial_rep": 3.0237316650527646e-07, "percent_hidden_x_trivial_rep": 2.304809683763894e-14, "percent_hidden_y_trivial_rep": 2.304809683763894e-14, "percent_hidden_xy_trivial_rep": 2.304809683763894e-14, "total_percent_hidden_trivial_rep": 6.914428881885093e-14, "hidden_excluded_loss_trivial_rep": 9.992829738619575e-07, "hidden_restricted_loss_trivial_rep": 5.031228741747782, "logit_sign_rep_trace_similarity": 0.34882116317749023, "logit_excluded_loss_sign_rep": 2.6610138424821018e-05, "logit_restricted_loss_sign_rep": 4.094860043753936, "percent_x_embed_sign_rep": 0.10339482128620148, "percent_y_embed_sign_rep": 0.10339482128620148, "percent_unembed_sign_rep": 0.04088154807686806, "percent_hidden_x_sign_rep": 0.04075982794165611, "percent_hidden_y_sign_rep": 0.04075868800282478, "percent_hidden_xy_sign_rep": 0.022593893110752106, "total_percent_hidden_sign_rep": 0.104112409055233, "hidden_excluded_loss_sign_rep": 0.0004602906556353373, "hidden_restricted_loss_sign_rep": 4.09608555493964, "logit_standard_rep_trace_similarity": 2.3497013899032027e-05, "logit_excluded_loss_standard_rep": 1.1483027592114919e-07, "logit_restricted_loss_standard_rep": 4.786471906289237, "percent_x_embed_standard_rep": 0.00010912260768236592, "percent_y_embed_standard_rep": 0.00010912260768236592, "percent_unembed_standard_rep": 9.40294994506985e-05, "percent_hidden_x_standard_rep": 0.029028786346316338, "percent_hidden_y_standard_rep": 0.029032353311777115, "percent_hidden_xy_standard_rep": 0.003732265904545784, "total_percent_hidden_standard_rep": 0.06179340183734894, "hidden_excluded_loss_standard_rep": 1.1709964958808617e-06, "hidden_restricted_loss_standard_rep": 4.787220245552129, "logit_standard_sign_rep_trace_similarity": 0.7118958234786987, "logit_excluded_loss_standard_sign_rep": 13.623805645762916, "logit_restricted_loss_standard_sign_rep": 3.449375562560342e-09, "percent_x_embed_standard_sign_rep": 0.8951593637466431, "percent_y_embed_standard_sign_rep": 0.8951593637466431, "percent_unembed_standard_sign_rep": 0.9589024782180786, "percent_hidden_x_standard_sign_rep": 0.31961163878440857, "percent_hidden_y_standard_sign_rep": 0.3196104168891907, "percent_hidden_xy_standard_sign_rep": 0.061803173273801804, "total_percent_hidden_standard_sign_rep": 0.7010251879692078, "hidden_excluded_loss_standard_sign_rep": 14.285568804418812, "hidden_restricted_loss_standard_sign_rep": 3.590451949318936e-09, "logit_s5_5d_a_rep_trace_similarity": 1.5774639905430377e-07, "logit_excluded_loss_s5_5d_a_rep": 1.147293399475559e-07, "logit_restricted_loss_s5_5d_a_rep": 4.787483184213719, "percent_x_embed_s5_5d_a_rep": 0.0004288366180844605, "percent_y_embed_s5_5d_a_rep": 0.0004288366180844605, "percent_unembed_s5_5d_a_rep": 3.4775639505824074e-05, "percent_hidden_x_s5_5d_a_rep": 1.844945352047489e-08, "percent_hidden_y_s5_5d_a_rep": 1.9135844908646504e-08, "percent_hidden_xy_s5_5d_a_rep": 3.839927103399532e-06, "total_percent_hidden_s5_5d_a_rep": 3.877512426697649e-06, "hidden_excluded_loss_s5_5d_a_rep": 1.1856316589467493e-06, "hidden_restricted_loss_s5_5d_a_rep": 4.787487435427441, "logit_s5_5d_b_rep_trace_similarity": 1.1999472917523235e-06, "logit_excluded_loss_s5_5d_b_rep": 1.147361965554529e-07, "logit_restricted_loss_s5_5d_b_rep": 4.787426639431619, "percent_x_embed_s5_5d_b_rep": 0.0002865763090085238, "percent_y_embed_s5_5d_b_rep": 0.0002865763090085238, "percent_unembed_s5_5d_b_rep": 4.464781522983685e-05, "percent_hidden_x_s5_5d_b_rep": 0.0003062420873902738, "percent_hidden_y_s5_5d_b_rep": 0.0003061748866457492, "percent_hidden_xy_s5_5d_b_rep": 6.143376958789304e-05, "total_percent_hidden_s5_5d_b_rep": 0.0006738507654517889, "hidden_excluded_loss_s5_5d_b_rep": 1.1864337877300294e-06, "hidden_restricted_loss_s5_5d_b_rep": 4.787453027401945, "logit_s5_6d_rep_trace_similarity": 2.975866664201021e-09, "logit_excluded_loss_s5_6d_rep": 1.147283552234895e-07, "logit_restricted_loss_s5_6d_rep": 4.787491549034379, "percent_x_embed_s5_6d_rep": 0.0006152322748675942, "percent_y_embed_s5_6d_rep": 0.0006152322748675942, "percent_unembed_s5_6d_rep": 4.2228479287587106e-05, "percent_hidden_x_s5_6d_rep": 1.8181609107159602e-07, "percent_hidden_y_s5_6d_rep": 1.84684978421501e-07, "percent_hidden_xy_s5_6d_rep": 1.5378313733549476e-08, "total_percent_hidden_s5_6d_rep": 3.818793743448623e-07, "hidden_excluded_loss_s5_6d_rep": 1.1858369441544375e-06, "hidden_restricted_loss_s5_6d_rep": 4.7874919167152665, "percent_logits_explained": 0.628471851348877, "total_logit_excluded_loss": 16.179333369256135, "total_logit_restricted_loss": 1.7252902721211088e-09, "total_hidden_excluded_loss": 16.625752835241837, "total_hidden_restricted_loss": 1.7763438901616646e-09, "test_loss_restricted_loss_ratio": 80.22034615053293, "sum_of_squared_weights": 0.0, "percent_hidden_explained": 0.805137574672699, "percent_x_embed_explained": 0.9985541701316833, "percent_y_embed_explained": 0.9985541701316833, "percent_unembed_explained": 0.9997840523719788, "epoch": 50000.0}