{"train_loss": 1.2247676476165547e-05, "test_loss": 41.02228705833353, "train_acc": 1.0, "test_acc": 0.002430555410683155, "all_loss": 24.613377258010722, "percent_x_embed_trivial_rep": 0.013018758036196232, "percent_y_embed_trivial_rep": 0.013622147031128407, "percent_unembed_trivial_rep": 0.005254707764834166, "percent_hidden_x_trivial_rep": 1.7239415935912071e-15, "percent_hidden_y_trivial_rep": 1.7239415935912071e-15, "percent_hidden_xy_trivial_rep": 1.7239415935912071e-15, "total_percent_hidden_trivial_rep": 5.171824780773621e-15, "hidden_excluded_loss_trivial_rep": 0.0002868923604585608, "hidden_restricted_loss_trivial_rep": 6.073574021834502, "logit_sign_rep_trace_similarity": 0.0018766308203339577, "logit_excluded_loss_sign_rep": 1.2652753819933273e-05, "logit_restricted_loss_sign_rep": 4.756989159823482, "percent_x_embed_sign_rep": 0.00585829745978117, "percent_y_embed_sign_rep": 0.00395522965118289, "percent_unembed_sign_rep": 0.005693256389349699, "percent_hidden_x_sign_rep": 0.0028689212631434202, "percent_hidden_y_sign_rep": 0.0019270596094429493, "percent_hidden_xy_sign_rep": 1.0473164365976118e-05, "total_percent_hidden_sign_rep": 0.004806453827768564, "hidden_excluded_loss_sign_rep": 1.2684930005702188e-05, "hidden_restricted_loss_sign_rep": 4.759588620337454, "logit_standard_rep_trace_similarity": 0.03363391384482384, "logit_excluded_loss_standard_rep": 0.00012844063846674032, "logit_restricted_loss_standard_rep": 2.7533867009882433, "percent_x_embed_standard_rep": 0.1487806886434555, "percent_y_embed_standard_rep": 0.1503663808107376, "percent_unembed_standard_rep": 0.14591392874717712, "percent_hidden_x_standard_rep": 0.06298500299453735, "percent_hidden_y_standard_rep": 0.06404223293066025, "percent_hidden_xy_standard_rep": 0.0012935353443026543, "total_percent_hidden_standard_rep": 0.12832078337669373, "hidden_excluded_loss_standard_rep": 0.00021833950753937645, "hidden_restricted_loss_standard_rep": 3.1863562306308997, "logit_standard_sign_rep_trace_similarity": 0.02738869935274124, "logit_excluded_loss_standard_sign_rep": 8.396966840879589e-05, "logit_restricted_loss_standard_sign_rep": 3.083816192091177, "percent_x_embed_standard_sign_rep": 0.12265248596668243, "percent_y_embed_standard_sign_rep": 0.12174513936042786, "percent_unembed_standard_sign_rep": 0.1342877447605133, "percent_hidden_x_standard_sign_rep": 0.05234898626804352, "percent_hidden_y_standard_sign_rep": 0.05125734210014343, "percent_hidden_xy_standard_sign_rep": 0.0010155512718483806, "total_percent_hidden_standard_sign_rep": 0.10462187975645065, "hidden_excluded_loss_standard_sign_rep": 0.00012615411183456544, "hidden_restricted_loss_standard_sign_rep": 3.3851143670326396, "logit_s5_5d_a_rep_trace_similarity": 0.020389730110764503, "logit_excluded_loss_s5_5d_a_rep": 7.137357812051241e-05, "logit_restricted_loss_s5_5d_a_rep": 3.1696847281773586, "percent_x_embed_s5_5d_a_rep": 0.1682988405227661, "percent_y_embed_s5_5d_a_rep": 0.17403344810009003, "percent_unembed_s5_5d_a_rep": 0.18578112125396729, "percent_hidden_x_s5_5d_a_rep": 0.07243364304304123, "percent_hidden_y_s5_5d_a_rep": 0.07861071825027466, "percent_hidden_xy_s5_5d_a_rep": 0.0005912464112043381, "total_percent_hidden_s5_5d_a_rep": 0.15163561701774597, "hidden_excluded_loss_s5_5d_a_rep": 9.124922806249821e-05, "hidden_restricted_loss_s5_5d_a_rep": 3.322273300865705, "logit_s5_5d_b_rep_trace_similarity": 0.043951746076345444, "logit_excluded_loss_s5_5d_b_rep": 0.000556905819095232, "logit_restricted_loss_s5_5d_b_rep": 1.5582168484880239, "percent_x_embed_s5_5d_b_rep": 0.24441242218017578, "percent_y_embed_s5_5d_b_rep": 0.24399688839912415, "percent_unembed_s5_5d_b_rep": 0.23775969445705414, "percent_hidden_x_s5_5d_b_rep": 0.10291183739900589, "percent_hidden_y_s5_5d_b_rep": 0.10194995999336243, "percent_hidden_xy_s5_5d_b_rep": 0.002141365548595786, "total_percent_hidden_s5_5d_b_rep": 0.2070031613111496, "hidden_excluded_loss_s5_5d_b_rep": 0.0018541221188243483, "hidden_restricted_loss_s5_5d_b_rep": 2.115430988488021, "logit_s5_6d_rep_trace_similarity": 0.03233031556010246, "logit_excluded_loss_s5_6d_rep": 0.00035130915242952376, "logit_restricted_loss_s5_6d_rep": 1.8126010679273659, "percent_x_embed_s5_6d_rep": 0.29697859287261963, "percent_y_embed_s5_6d_rep": 0.29228079319000244, "percent_unembed_s5_6d_rep": 0.2853096127510071, "percent_hidden_x_s5_6d_rep": 0.12989994883537292, "percent_hidden_y_s5_6d_rep": 0.12592507898807526, "percent_hidden_xy_s5_6d_rep": 0.0013241557171568274, "total_percent_hidden_s5_6d_rep": 0.25714918971061707, "hidden_excluded_loss_s5_6d_rep": 0.0006361228117875339, "hidden_restricted_loss_s5_6d_rep": 2.1667584012813443, "percent_logits_explained": 0.005277649499475956, "total_logit_excluded_loss": 1.5371472135733386, "total_logit_restricted_loss": 0.00040618927646450894, "total_hidden_excluded_loss": 1.9827339104429975, "total_hidden_restricted_loss": 0.006686205988378295, "test_loss_restricted_loss_ratio": 6135.360940066293, "sum_of_squared_weights": 18905.16796875, "percent_hidden_explained": 0.8487306833267212, "percent_hidden_xy_explained": 0.006365854758769274, "percent_x_embed_explained": 0.9811230301856995, "percent_y_embed_explained": 0.9824227094650269, "percent_unembed_explained": 0.9890521168708801, "epoch": 250000.0}