{"train_loss": 0.2038617710761964, "test_loss": 20.56652408458337, "train_acc": 0.9975694417953491, "test_acc": 0.013310184702277184, "all_loss": 12.421459159180502, "percent_x_embed_trivial_rep": 0.005271268542855978, "percent_y_embed_trivial_rep": 0.005259258206933737, "percent_unembed_trivial_rep": 0.021227354183793068, "percent_hidden_x_trivial_rep": 1.86976064480164e-15, "percent_hidden_y_trivial_rep": 1.86976064480164e-15, "percent_hidden_xy_trivial_rep": 1.86976064480164e-15, "total_percent_hidden_trivial_rep": 5.609281722646683e-15, "hidden_excluded_loss_trivial_rep": 1.7886972718865972, "hidden_restricted_loss_trivial_rep": 8.881892607387359, "logit_sign_rep_trace_similarity": 0.5450618267059326, "logit_excluded_loss_sign_rep": 5.08370147580187, "logit_restricted_loss_sign_rep": 4.0943448823958155, "percent_x_embed_sign_rep": 0.1928660124540329, "percent_y_embed_sign_rep": 0.21265485882759094, "percent_unembed_sign_rep": 0.06575267016887665, "percent_hidden_x_sign_rep": 0.06871266663074493, "percent_hidden_y_sign_rep": 0.07597700506448746, "percent_hidden_xy_sign_rep": 0.04946943745017052, "total_percent_hidden_sign_rep": 0.1941591203212738, "hidden_excluded_loss_sign_rep": 4.506206633333869, "hidden_restricted_loss_sign_rep": 5.7345188833703, "logit_standard_rep_trace_similarity": 0.06165216863155365, "logit_excluded_loss_standard_rep": 1.9336352747604262, "logit_restricted_loss_standard_rep": 1.8859728722971971, "percent_x_embed_standard_rep": 0.23201917111873627, "percent_y_embed_standard_rep": 0.20917432010173798, "percent_unembed_standard_rep": 0.20917990803718567, "percent_hidden_x_standard_rep": 0.10285533219575882, "percent_hidden_y_standard_rep": 0.07186489552259445, "percent_hidden_xy_standard_rep": 0.006081738043576479, "total_percent_hidden_standard_rep": 0.18080197274684906, "hidden_excluded_loss_standard_rep": 2.070207617564953, "hidden_restricted_loss_standard_rep": 3.4059884838950922, "logit_standard_sign_rep_trace_similarity": 0.02143113687634468, "logit_excluded_loss_standard_sign_rep": 0.5205305508100573, "logit_restricted_loss_standard_sign_rep": 3.6551618647761823, "percent_x_embed_standard_sign_rep": 0.10437009483575821, "percent_y_embed_standard_sign_rep": 0.10245421528816223, "percent_unembed_standard_sign_rep": 0.12202298641204834, "percent_hidden_x_standard_sign_rep": 0.045208416879177094, "percent_hidden_y_standard_sign_rep": 0.04290582612156868, "percent_hidden_xy_standard_sign_rep": 0.00118768191896379, "total_percent_hidden_standard_sign_rep": 0.0893019288778305, "hidden_excluded_loss_standard_sign_rep": 0.6159738109207716, "hidden_restricted_loss_standard_sign_rep": 4.062447585600007, "logit_s5_5d_a_rep_trace_similarity": 0.02097877487540245, "logit_excluded_loss_s5_5d_a_rep": 0.6478218778355845, "logit_restricted_loss_s5_5d_a_rep": 3.395103876180303, "percent_x_embed_s5_5d_a_rep": 0.16063757240772247, "percent_y_embed_s5_5d_a_rep": 0.1603032499551773, "percent_unembed_s5_5d_a_rep": 0.2079453468322754, "percent_hidden_x_s5_5d_a_rep": 0.07058455049991608, "percent_hidden_y_s5_5d_a_rep": 0.06850209087133408, "percent_hidden_xy_s5_5d_a_rep": 0.0009272402967326343, "total_percent_hidden_s5_5d_a_rep": 0.14001387357711792, "hidden_excluded_loss_s5_5d_a_rep": 0.6772018492433366, "hidden_restricted_loss_s5_5d_a_rep": 3.676649464065979, "logit_s5_5d_b_rep_trace_similarity": 0.011869264766573906, "logit_excluded_loss_s5_5d_b_rep": 0.40311675036806777, "logit_restricted_loss_s5_5d_b_rep": 3.9874541364375, "percent_x_embed_s5_5d_b_rep": 0.1301223337650299, "percent_y_embed_s5_5d_b_rep": 0.12563100457191467, "percent_unembed_s5_5d_b_rep": 0.15842866897583008, "percent_hidden_x_s5_5d_b_rep": 0.05952194333076477, "percent_hidden_y_s5_5d_b_rep": 0.05459241196513176, "percent_hidden_xy_s5_5d_b_rep": 0.00038913346361368895, "total_percent_hidden_s5_5d_b_rep": 0.11450349539518356, "hidden_excluded_loss_s5_5d_b_rep": 0.41352307176805947, "hidden_restricted_loss_s5_5d_b_rep": 4.11713725258342, "logit_s5_6d_rep_trace_similarity": 0.01385142095386982, "logit_excluded_loss_s5_6d_rep": 0.5292540093172263, "logit_restricted_loss_s5_6d_rep": 3.6672629839142203, "percent_x_embed_s5_6d_rep": 0.17471356689929962, "percent_y_embed_s5_6d_rep": 0.18452301621437073, "percent_unembed_s5_6d_rep": 0.21544304490089417, "percent_hidden_x_s5_6d_rep": 0.07958368957042694, "percent_hidden_y_s5_6d_rep": 0.08343177288770676, "percent_hidden_xy_s5_6d_rep": 0.0005723657668568194, "total_percent_hidden_s5_6d_rep": 0.16358782351016998, "hidden_excluded_loss_s5_6d_rep": 0.5402323061002908, "hidden_restricted_loss_s5_6d_rep": 3.8413439756544605, "percent_logits_explained": 0.3021255433559418, "total_logit_excluded_loss": 12.607158484792508, "total_logit_restricted_loss": 0.022692780658692353, "total_hidden_excluded_loss": 10.843006038141198, "total_hidden_restricted_loss": 1.354955976143794, "test_loss_restricted_loss_ratio": 15.178739713090692, "sum_of_squared_weights": 12572.3525390625, "percent_hidden_explained": 0.8823682069778442, "percent_hidden_xy_explained": 0.058627594262361526, "percent_x_embed_explained": 0.9947287440299988, "percent_y_embed_explained": 0.9947406053543091, "percent_unembed_explained": 0.9787726402282715, "epoch": 500000.0}