{"train_loss": 1.7723593544216235e-06, "test_loss": 2.3261287891520384e-06, "train_acc": 1.0, "test_acc": 1.0, "all_loss": 2.104621041088614e-06, "percent_x_embed_trivial_rep": 1.1542380384810258e-09, "percent_y_embed_trivial_rep": 1.3521016528628138e-09, "percent_unembed_trivial_rep": 0.07528311759233475, "percent_hidden_x_trivial_rep": 3.747384719969115e-15, "percent_hidden_y_trivial_rep": 3.747384719969115e-15, "percent_hidden_xy_trivial_rep": 3.747384719969115e-15, "total_percent_hidden_trivial_rep": 1.1242154159907345e-14, "hidden_excluded_loss_trivial_rep": 1.8612835277221302e-06, "hidden_restricted_loss_trivial_rep": 4.820853970618335, "logit_sign_rep_trace_similarity": 0.3726245164871216, "logit_excluded_loss_sign_rep": 0.001548290104603884, "logit_restricted_loss_sign_rep": 4.0945328645169425, "percent_x_embed_sign_rep": 0.04095970466732979, "percent_y_embed_sign_rep": 0.040964651852846146, "percent_unembed_sign_rep": 0.114469975233078, "percent_hidden_x_sign_rep": 0.01499699056148529, "percent_hidden_y_sign_rep": 0.014996085315942764, "percent_hidden_xy_sign_rep": 0.01499420590698719, "total_percent_hidden_sign_rep": 0.044987283647060394, "hidden_excluded_loss_sign_rep": 0.001551834290530168, "hidden_restricted_loss_sign_rep": 4.095149749893672, "logit_standard_rep_trace_similarity": 0.6741364002227783, "logit_excluded_loss_standard_rep": 16.336564889314257, "logit_restricted_loss_standard_rep": 1.8241974342927954e-06, "percent_x_embed_standard_rep": 0.9590404033660889, "percent_y_embed_standard_rep": 0.9590353965759277, "percent_unembed_standard_rep": 0.8052310943603516, "percent_hidden_x_standard_rep": 0.3714514672756195, "percent_hidden_y_standard_rep": 0.37137556076049805, "percent_hidden_xy_standard_rep": 0.11189304292201996, "total_percent_hidden_standard_rep": 0.8547201156616211, "hidden_excluded_loss_standard_rep": 16.35970780673757, "hidden_restricted_loss_standard_rep": 1.9665087000750115e-06, "logit_standard_sign_rep_trace_similarity": 9.440191206522286e-08, "logit_excluded_loss_standard_sign_rep": 1.772364713735582e-06, "logit_restricted_loss_standard_sign_rep": 4.787487396745833, "percent_x_embed_standard_sign_rep": 1.0974197106605743e-09, "percent_y_embed_standard_sign_rep": 1.2700087648198632e-09, "percent_unembed_standard_sign_rep": 0.0001115244667744264, "percent_hidden_x_standard_sign_rep": 1.2635424262441575e-08, "percent_hidden_y_standard_sign_rep": 1.2639257640501e-08, "percent_hidden_xy_standard_sign_rep": 4.7528372348892844e-09, "total_percent_hidden_standard_sign_rep": 3.002751824965344e-08, "hidden_excluded_loss_standard_sign_rep": 1.7723654146308035e-06, "hidden_restricted_loss_standard_sign_rep": 4.787487405629905, "logit_s5_5d_a_rep_trace_similarity": -2.61206878349185e-09, "logit_excluded_loss_s5_5d_a_rep": 1.7723593934324124e-06, "logit_restricted_loss_s5_5d_a_rep": 4.787491893098741, "percent_x_embed_s5_5d_a_rep": 2.4624939864992257e-09, "percent_y_embed_s5_5d_a_rep": 2.280843736102156e-09, "percent_unembed_s5_5d_a_rep": 0.0002061415434582159, "percent_hidden_x_s5_5d_a_rep": 1.1534587729400414e-09, "percent_hidden_y_s5_5d_a_rep": 1.0457386068196683e-09, "percent_hidden_xy_s5_5d_a_rep": 2.9597434529279876e-13, "total_percent_hidden_s5_5d_a_rep": 2.1994932541957724e-09, "hidden_excluded_loss_s5_5d_a_rep": 1.7723592400750388e-06, "hidden_restricted_loss_s5_5d_a_rep": 4.787491754497612, "logit_s5_5d_b_rep_trace_similarity": 0.0010136212222278118, "logit_excluded_loss_s5_5d_b_rep": 1.8829271859711115e-06, "logit_restricted_loss_s5_5d_b_rep": 4.729229210680422, "percent_x_embed_s5_5d_b_rep": 1.1364177154860045e-08, "percent_y_embed_s5_5d_b_rep": 1.1139420053041249e-08, "percent_unembed_s5_5d_b_rep": 0.004364144057035446, "percent_hidden_x_s5_5d_b_rep": 0.00023592608340550214, "percent_hidden_y_s5_5d_b_rep": 0.0002358390047447756, "percent_hidden_xy_s5_5d_b_rep": 7.764712790958583e-05, "total_percent_hidden_s5_5d_b_rep": 0.0005494122160598636, "hidden_excluded_loss_s5_5d_b_rep": 1.8819936000578026e-06, "hidden_restricted_loss_s5_5d_b_rep": 4.729772310467339, "logit_s5_6d_rep_trace_similarity": 3.4779077395796776e-09, "logit_excluded_loss_s5_6d_rep": 1.7723593934324124e-06, "logit_restricted_loss_s5_6d_rep": 4.787491502610302, "percent_x_embed_s5_6d_rep": 3.8500207466540814e-09, "percent_y_embed_s5_6d_rep": 2.25924012831058e-09, "percent_unembed_s5_6d_rep": 0.00033398554660379887, "percent_hidden_x_s5_6d_rep": 1.883051936601987e-09, "percent_hidden_y_s5_6d_rep": 1.0695633267943094e-09, "percent_hidden_xy_s5_6d_rep": 9.236956902483606e-13, "total_percent_hidden_s5_6d_rep": 2.9535389689527847e-09, "hidden_excluded_loss_s5_6d_rep": 1.772358912324376e-06, "hidden_restricted_loss_s5_6d_rep": 4.787491801450176, "percent_logits_explained": 0.5933099389076233, "total_logit_excluded_loss": 17.157337196565205, "total_logit_restricted_loss": 1.8999955775821083e-09, "total_hidden_excluded_loss": 17.168938654844954, "total_hidden_restricted_loss": 2.073982738040567e-09, "test_loss_restricted_loss_ratio": 1121.57577133438, "sum_of_squared_weights": 4916.35693359375, "percent_hidden_explained": 0.8997073769569397, "percent_hidden_xy_explained": 0.126887246966362, "percent_x_embed_explained": 1.0000001192092896, "percent_y_embed_explained": 1.0, "percent_unembed_explained": 0.919701099395752, "epoch": 250000.0}