{"train_loss": 1.1240982615127877, "test_loss": 16.195070543936676, "train_acc": 0.760937511920929, "test_acc": 0.00416666641831398, "all_loss": 10.166681630967117, "percent_x_embed_trivial_rep": 0.005783523432910442, "percent_y_embed_trivial_rep": 0.006646269932389259, "percent_unembed_trivial_rep": 0.0281171016395092, "percent_hidden_x_trivial_rep": 1.3997188748432975e-15, "percent_hidden_y_trivial_rep": 1.3997188748432975e-15, "percent_hidden_xy_trivial_rep": 1.3997188748432975e-15, "total_percent_hidden_trivial_rep": 4.199156518650774e-15, "hidden_excluded_loss_trivial_rep": 2.258175979186352, "hidden_restricted_loss_trivial_rep": 6.518278838864187, "logit_sign_rep_trace_similarity": 0.0019834167324006557, "logit_excluded_loss_sign_rep": 1.1322205775747145, "logit_restricted_loss_sign_rep": 4.773403979599532, "percent_x_embed_sign_rep": 0.004294629208743572, "percent_y_embed_sign_rep": 0.006497988477349281, "percent_unembed_sign_rep": 0.005654160398989916, "percent_hidden_x_sign_rep": 0.002302294597029686, "percent_hidden_y_sign_rep": 0.002851031953468919, "percent_hidden_xy_sign_rep": 1.2874298590759281e-05, "total_percent_hidden_sign_rep": 0.005166200455278158, "hidden_excluded_loss_sign_rep": 1.1317944135373417, "hidden_restricted_loss_sign_rep": 4.774302690604078, "logit_standard_rep_trace_similarity": 0.00896585825830698, "logit_excluded_loss_standard_rep": 1.2778857178286738, "logit_restricted_loss_standard_rep": 4.533043342664257, "percent_x_embed_standard_rep": 0.09232832491397858, "percent_y_embed_standard_rep": 0.09091787040233612, "percent_unembed_standard_rep": 0.08126887679100037, "percent_hidden_x_standard_rep": 0.043105874210596085, "percent_hidden_y_standard_rep": 0.040740784257650375, "percent_hidden_xy_standard_rep": 0.0002132092631654814, "total_percent_hidden_standard_rep": 0.08405986428260803, "hidden_excluded_loss_standard_rep": 1.2686069373274942, "hidden_restricted_loss_standard_rep": 4.556071609641153, "logit_standard_sign_rep_trace_similarity": 0.05582023411989212, "logit_excluded_loss_standard_sign_rep": 2.262370537816547, "logit_restricted_loss_standard_sign_rep": 3.2715927952043975, "percent_x_embed_standard_sign_rep": 0.21160203218460083, "percent_y_embed_standard_sign_rep": 0.20908422768115997, "percent_unembed_standard_sign_rep": 0.19913913309574127, "percent_hidden_x_standard_sign_rep": 0.08602097630500793, "percent_hidden_y_standard_sign_rep": 0.08344409614801407, "percent_hidden_xy_standard_sign_rep": 0.0032058979850262403, "total_percent_hidden_standard_sign_rep": 0.17267096042633057, "hidden_excluded_loss_standard_sign_rep": 2.1785783366136333, "hidden_restricted_loss_standard_sign_rep": 3.6816284692716486, "logit_s5_5d_a_rep_trace_similarity": 0.03764065355062485, "logit_excluded_loss_s5_5d_a_rep": 2.058075598772116, "logit_restricted_loss_s5_5d_a_rep": 3.4815600971552274, "percent_x_embed_s5_5d_a_rep": 0.2283221185207367, "percent_y_embed_s5_5d_a_rep": 0.2348211705684662, "percent_unembed_s5_5d_a_rep": 0.25066816806793213, "percent_hidden_x_s5_5d_a_rep": 0.09499257802963257, "percent_hidden_y_s5_5d_a_rep": 0.0991448387503624, "percent_hidden_xy_s5_5d_a_rep": 0.0015636906027793884, "total_percent_hidden_s5_5d_a_rep": 0.19570112228393555, "hidden_excluded_loss_s5_5d_a_rep": 2.00563976181924, "hidden_restricted_loss_s5_5d_a_rep": 3.6958401508265473, "logit_s5_5d_b_rep_trace_similarity": 0.02683403342962265, "logit_excluded_loss_s5_5d_b_rep": 1.7572810102017027, "logit_restricted_loss_s5_5d_b_rep": 3.847514056856975, "percent_x_embed_s5_5d_b_rep": 0.21666516363620758, "percent_y_embed_s5_5d_b_rep": 0.20756731927394867, "percent_unembed_s5_5d_b_rep": 0.2223341166973114, "percent_hidden_x_s5_5d_b_rep": 0.09418218582868576, "percent_hidden_y_s5_5d_b_rep": 0.08981353044509888, "percent_hidden_xy_s5_5d_b_rep": 0.0010013009887188673, "total_percent_hidden_s5_5d_b_rep": 0.18499702215194702, "hidden_excluded_loss_s5_5d_b_rep": 1.7116202501638864, "hidden_restricted_loss_s5_5d_b_rep": 3.967372881119548, "logit_s5_6d_rep_trace_similarity": 0.015106051228940487, "logit_excluded_loss_s5_6d_rep": 1.5369103306125385, "logit_restricted_loss_s5_6d_rep": 4.145235396166229, "percent_x_embed_s5_6d_rep": 0.24100421369075775, "percent_y_embed_s5_6d_rep": 0.2444652020931244, "percent_unembed_s5_6d_rep": 0.21281848847866058, "percent_hidden_x_s5_6d_rep": 0.1087125912308693, "percent_hidden_y_s5_6d_rep": 0.11132705956697464, "percent_hidden_xy_s5_6d_rep": 0.0005492102354764938, "total_percent_hidden_s5_6d_rep": 0.22058886289596558, "hidden_excluded_loss_s5_6d_rep": 1.5063607943910906, "hidden_restricted_loss_s5_6d_rep": 4.2072158235411505, "percent_logits_explained": 0.005565295927226543, "total_logit_excluded_loss": 5.263564241488591, "total_logit_restricted_loss": 0.6789359750764596, "total_hidden_excluded_loss": 4.862918919598681, "total_hidden_restricted_loss": 1.2739649499469647, "test_loss_restricted_loss_ratio": 12.712336037667974, "sum_of_squared_weights": 8872.185546875, "percent_hidden_explained": 0.8580178618431091, "percent_hidden_xy_explained": 0.006533308885991573, "percent_x_embed_explained": 0.9899218082427979, "percent_y_embed_explained": 0.9868558645248413, "percent_unembed_explained": 0.9662288427352905, "epoch": 500000.0}