{"train_loss": 1.650476733209541e-06, "test_loss": 3.0188097728845735e-06, "train_acc": 1.0, "test_acc": 1.0, "all_loss": 2.471476565087283e-06, "percent_x_embed_trivial_rep": 2.2630652907196236e-09, "percent_y_embed_trivial_rep": 5.880422815351949e-10, "percent_unembed_trivial_rep": 0.06717902421951294, "percent_hidden_x_trivial_rep": 2.5874224383735283e-15, "percent_hidden_y_trivial_rep": 2.5874224383735283e-15, "percent_hidden_xy_trivial_rep": 2.5874224383735283e-15, "total_percent_hidden_trivial_rep": 7.762267526878822e-15, "hidden_excluded_loss_trivial_rep": 1.6920518998385213e-06, "hidden_restricted_loss_trivial_rep": 4.8069580933671245, "logit_sign_rep_trace_similarity": 0.516781210899353, "logit_excluded_loss_sign_rep": 0.0006143713690737296, "logit_restricted_loss_sign_rep": 4.094812134332621, "percent_x_embed_sign_rep": 0.06389028578996658, "percent_y_embed_sign_rep": 0.06388794630765915, "percent_unembed_sign_rep": 0.10262808203697205, "percent_hidden_x_sign_rep": 0.023167626932263374, "percent_hidden_y_sign_rep": 0.023170236498117447, "percent_hidden_xy_sign_rep": 0.023166708648204803, "total_percent_hidden_sign_rep": 0.06950457394123077, "hidden_excluded_loss_sign_rep": 0.0006157377880761551, "hidden_restricted_loss_sign_rep": 4.095653160730679, "logit_standard_rep_trace_similarity": 0.7670750617980957, "logit_excluded_loss_standard_rep": 6.862286800652295, "logit_restricted_loss_standard_rep": 0.00011482064091792561, "percent_x_embed_standard_rep": 0.936109721660614, "percent_y_embed_standard_rep": 0.9361120462417603, "percent_unembed_standard_rep": 0.8106560707092285, "percent_hidden_x_standard_rep": 0.384295791387558, "percent_hidden_y_standard_rep": 0.3363954424858093, "percent_hidden_xy_standard_rep": 0.104171983897686, "total_percent_hidden_standard_rep": 0.8248631954193115, "hidden_excluded_loss_standard_rep": 6.861033313547061, "hidden_restricted_loss_standard_rep": 0.00012247992334114515, "logit_standard_sign_rep_trace_similarity": 1.5214027371257544e-08, "logit_excluded_loss_standard_sign_rep": 1.6504768093537065e-06, "logit_restricted_loss_standard_sign_rep": 4.787491291306836, "percent_x_embed_standard_sign_rep": 1.1278723510699251e-09, "percent_y_embed_standard_sign_rep": 1.136504890197898e-09, "percent_unembed_standard_sign_rep": 0.0005749923293478787, "percent_hidden_x_standard_sign_rep": 9.779999921022409e-09, "percent_hidden_y_standard_sign_rep": 3.4163342377269146e-08, "percent_hidden_xy_standard_sign_rep": 1.428366105948875e-11, "total_percent_hidden_standard_sign_rep": 4.395762331910191e-08, "hidden_excluded_loss_standard_sign_rep": 1.650477404801003e-06, "hidden_restricted_loss_standard_sign_rep": 4.787491285601492, "logit_s5_5d_a_rep_trace_similarity": -4.929461283609271e-09, "logit_excluded_loss_s5_5d_a_rep": 1.6504768093433753e-06, "logit_restricted_loss_s5_5d_a_rep": 4.787491925633824, "percent_x_embed_s5_5d_a_rep": 6.282791176204228e-09, "percent_y_embed_s5_5d_a_rep": 5.6398610226437995e-09, "percent_unembed_s5_5d_a_rep": 0.0012287059798836708, "percent_hidden_x_s5_5d_a_rep": 3.788189761877447e-09, "percent_hidden_y_s5_5d_a_rep": 2.376674412829516e-09, "percent_hidden_xy_s5_5d_a_rep": 3.1512000040617716e-12, "total_percent_hidden_s5_5d_a_rep": 6.168015431740059e-09, "hidden_excluded_loss_s5_5d_a_rep": 1.6504767220193451e-06, "hidden_restricted_loss_s5_5d_a_rep": 4.787491842416518, "logit_s5_5d_b_rep_trace_similarity": 0.005220302380621433, "logit_excluded_loss_s5_5d_b_rep": 2.048526125719655e-06, "logit_restricted_loss_s5_5d_b_rep": 4.594611504407009, "percent_x_embed_s5_5d_b_rep": 2.2671649446692754e-08, "percent_y_embed_s5_5d_b_rep": 2.2311098746286007e-08, "percent_unembed_s5_5d_b_rep": 0.01597696542739868, "percent_hidden_x_s5_5d_b_rep": 0.0014580059796571732, "percent_hidden_y_s5_5d_b_rep": 0.0014448449946939945, "percent_hidden_xy_s5_5d_b_rep": 0.0004199401300866157, "total_percent_hidden_s5_5d_b_rep": 0.003322791075333953, "hidden_excluded_loss_s5_5d_b_rep": 2.046605298205155e-06, "hidden_restricted_loss_s5_5d_b_rep": 4.597688850280526, "logit_s5_6d_rep_trace_similarity": -2.7852365747094154e-08, "logit_excluded_loss_s5_6d_rep": 1.650473658572087e-06, "logit_restricted_loss_s5_6d_rep": 4.787492982557611, "percent_x_embed_s5_6d_rep": 5.233523836523091e-09, "percent_y_embed_s5_6d_rep": 4.507959339150602e-09, "percent_unembed_s5_6d_rep": 0.0017561395652592182, "percent_hidden_x_s5_6d_rep": 8.867490208785966e-08, "percent_hidden_y_s5_6d_rep": 3.061994391373446e-08, "percent_hidden_xy_s5_6d_rep": 6.637883298576952e-11, "total_percent_hidden_s5_6d_rep": 1.1936121779854147e-07, "hidden_excluded_loss_s5_6d_rep": 1.6504742968766465e-06, "hidden_restricted_loss_s5_6d_rep": 4.787493178294221, "percent_logits_explained": 0.8554942011833191, "total_logit_excluded_loss": 7.436036345246051, "total_logit_restricted_loss": 6.579741126877337e-07, "total_hidden_excluded_loss": 7.432812567220457, "total_hidden_restricted_loss": 7.080252453452892e-07, "test_loss_restricted_loss_ratio": 4.263703579400425, "sum_of_squared_weights": 5086.19921875, "percent_hidden_explained": 0.8976905345916748, "percent_hidden_xy_explained": 0.12775863707065582, "percent_x_embed_explained": 1.0, "percent_y_embed_explained": 1.0, "percent_unembed_explained": 0.9292611479759216, "epoch": 250000.0}