{"train_loss": 2.836966363720642e-06, "test_loss": 2.9148341300147925e-06, "train_acc": 1.0, "test_acc": 1.0, "all_loss": 2.8836870234971326e-06, "percent_x_embed_trivial_rep": 1.3080598364467733e-05, "percent_y_embed_trivial_rep": 1.3080598364467733e-05, "percent_unembed_trivial_rep": 2.8683355139946798e-06, "percent_hidden_x_trivial_rep": 4.8749507441893034e-14, "percent_hidden_y_trivial_rep": 4.8749507441893034e-14, "percent_hidden_xy_trivial_rep": 4.8749507441893034e-14, "total_percent_hidden_trivial_rep": 1.462485189375473e-13, "hidden_excluded_loss_trivial_rep": 8.698712571634289e-06, "hidden_restricted_loss_trivial_rep": 56.71400076619118, "logit_sign_rep_trace_similarity": 0.4556311368942261, "logit_excluded_loss_sign_rep": 0.004922689300637736, "logit_restricted_loss_sign_rep": 47.08924540312358, "percent_x_embed_sign_rep": 0.04485250264406204, "percent_y_embed_sign_rep": 0.04485250264406204, "percent_unembed_sign_rep": 0.03785781189799309, "percent_hidden_x_sign_rep": 0.02599404938519001, "percent_hidden_y_sign_rep": 0.025982392951846123, "percent_hidden_xy_sign_rep": 0.025774406269192696, "total_percent_hidden_sign_rep": 0.07775084674358368, "hidden_excluded_loss_sign_rep": 0.012150935238391329, "hidden_restricted_loss_sign_rep": 47.15123382021674, "logit_standard_rep_trace_similarity": 4.014623300463427e-09, "logit_excluded_loss_standard_rep": 2.836966369410088e-06, "logit_restricted_loss_standard_rep": 52.6340079565685, "percent_x_embed_standard_rep": 3.1042000045999885e-06, "percent_y_embed_standard_rep": 3.1042000045999885e-06, "percent_unembed_standard_rep": 2.6044415335491067e-06, "percent_hidden_x_standard_rep": 4.390941832355111e-09, "percent_hidden_y_standard_rep": 7.474800334250631e-09, "percent_hidden_xy_standard_rep": 1.886925077992929e-12, "total_percent_hidden_standard_rep": 1.1867628657569185e-08, "hidden_excluded_loss_standard_rep": 6.1519336726344434e-06, "hidden_restricted_loss_standard_rep": 52.63400970974602, "logit_standard_sign_rep_trace_similarity": 3.011582521139644e-07, "logit_excluded_loss_standard_sign_rep": 2.837012486198229e-06, "logit_restricted_loss_standard_sign_rep": 52.63387920605828, "percent_x_embed_standard_sign_rep": 6.0304610087769106e-05, "percent_y_embed_standard_sign_rep": 6.0304610087769106e-05, "percent_unembed_standard_sign_rep": 0.00017063322593457997, "percent_hidden_x_standard_sign_rep": 9.60171888664263e-08, "percent_hidden_y_standard_sign_rep": 1.1918513820319276e-07, "percent_hidden_xy_standard_sign_rep": 3.0935449757407696e-09, "total_percent_hidden_standard_sign_rep": 2.1829588092714403e-07, "hidden_excluded_loss_standard_sign_rep": 6.15238778769769e-06, "hidden_restricted_loss_standard_sign_rep": 52.63387952335872, "logit_s6_5d_a_rep_trace_similarity": 4.888079274678603e-09, "logit_excluded_loss_s6_5d_a_rep": 2.836966369410088e-06, "logit_restricted_loss_s6_5d_a_rep": 52.63400757810525, "percent_x_embed_s6_5d_a_rep": 4.040323619847186e-05, "percent_y_embed_s6_5d_a_rep": 4.040323619847186e-05, "percent_unembed_s6_5d_a_rep": 8.116891876852605e-06, "percent_hidden_x_s6_5d_a_rep": 3.244264590307466e-08, "percent_hidden_y_s6_5d_a_rep": 6.00653891069669e-08, "percent_hidden_xy_s6_5d_a_rep": 5.497420010533438e-13, "total_percent_hidden_s6_5d_a_rep": 9.250857857523442e-08, "hidden_excluded_loss_s6_5d_a_rep": 6.151932558589265e-06, "hidden_restricted_loss_s6_5d_a_rep": 52.634009878268444, "logit_s6_5d_b_rep_trace_similarity": 0.6703139543533325, "logit_excluded_loss_s6_5d_b_rep": 134.2791424665329, "logit_restricted_loss_s6_5d_b_rep": 5.9306699325718344e-05, "percent_x_embed_s6_5d_b_rep": 0.9537098407745361, "percent_y_embed_s6_5d_b_rep": 0.9537098407745361, "percent_unembed_s6_5d_b_rep": 0.9595071077346802, "percent_hidden_x_s6_5d_b_rep": 0.3388921916484833, "percent_hidden_y_s6_5d_b_rep": 0.33596789836883545, "percent_hidden_xy_s6_5d_b_rep": 0.05323474854230881, "total_percent_hidden_s6_5d_b_rep": 0.7280948758125305, "hidden_excluded_loss_s6_5d_b_rep": 56.03204910984859, "hidden_restricted_loss_s6_5d_b_rep": 0.006106877014526524, "percent_logits_explained": 0.6569205522537231, "total_logit_excluded_loss": 142.905998937265, "total_logit_restricted_loss": 1.1401527058693349e-07, "total_hidden_excluded_loss": 62.66701748514553, "total_hidden_restricted_loss": 4.187880778262878e-06, "test_loss_restricted_loss_ratio": 0.6960165019845331, "sum_of_squared_weights": 0.0, "percent_hidden_explained": 0.8058457374572754, "percent_hidden_xy_explained": 0.07900915294885635, "percent_x_embed_explained": 0.9985623359680176, "percent_y_embed_explained": 0.9985623359680176, "percent_unembed_explained": 0.9973649382591248, "epoch": 20000.0}