{"train_loss": 1.7025021576249016e-06, "test_loss": 2.2501162003215987e-06, "train_acc": 1.0, "test_acc": 1.0, "all_loss": 2.031070575968005e-06, "percent_x_embed_trivial_rep": 3.47674916634233e-10, "percent_y_embed_trivial_rep": 1.4255570057741807e-09, "percent_unembed_trivial_rep": 0.060477811843156815, "percent_hidden_x_trivial_rep": 2.734146756046339e-15, "percent_hidden_y_trivial_rep": 2.734146756046339e-15, "percent_hidden_xy_trivial_rep": 2.734146756046339e-15, "total_percent_hidden_trivial_rep": 8.20244005638078e-15, "hidden_excluded_loss_trivial_rep": 1.8175633210506202e-06, "hidden_restricted_loss_trivial_rep": 4.832671648822628, "logit_sign_rep_trace_similarity": 0.37199628353118896, "logit_excluded_loss_sign_rep": 0.0015065006640522895, "logit_restricted_loss_sign_rep": 4.094532069661406, "percent_x_embed_sign_rep": 0.041096724569797516, "percent_y_embed_sign_rep": 0.041094180196523666, "percent_unembed_sign_rep": 0.11526233702898026, "percent_hidden_x_sign_rep": 0.01504471804946661, "percent_hidden_y_sign_rep": 0.015045678243041039, "percent_hidden_xy_sign_rep": 0.01504339650273323, "total_percent_hidden_sign_rep": 0.045133791863918304, "hidden_excluded_loss_sign_rep": 0.001508554208265829, "hidden_restricted_loss_sign_rep": 4.094995384615354, "logit_standard_rep_trace_similarity": 0.6738331317901611, "logit_excluded_loss_standard_rep": 16.345250262788458, "logit_restricted_loss_standard_rep": 1.7758005570229777e-06, "percent_x_embed_standard_rep": 0.9589032530784607, "percent_y_embed_standard_rep": 0.9589058756828308, "percent_unembed_standard_rep": 0.8164757490158081, "percent_hidden_x_standard_rep": 0.3712775707244873, "percent_hidden_y_standard_rep": 0.3713325262069702, "percent_hidden_xy_standard_rep": 0.1116209402680397, "total_percent_hidden_standard_rep": 0.854231059551239, "hidden_excluded_loss_standard_rep": 16.368617781492652, "hidden_restricted_loss_standard_rep": 1.93132976387713e-06, "logit_standard_sign_rep_trace_similarity": 1.3751559890806675e-08, "logit_excluded_loss_standard_sign_rep": 1.7025021991859987e-06, "logit_restricted_loss_standard_sign_rep": 4.787491108311335, "percent_x_embed_standard_sign_rep": 1.256773352054097e-09, "percent_y_embed_standard_sign_rep": 1.0716679765820913e-09, "percent_unembed_standard_sign_rep": 0.0001328957441728562, "percent_hidden_x_standard_sign_rep": 1.150822637185911e-08, "percent_hidden_y_standard_sign_rep": 1.1539223798706644e-08, "percent_hidden_xy_standard_sign_rep": 7.043672312079252e-10, "total_percent_hidden_standard_sign_rep": 2.375181651359526e-08, "hidden_excluded_loss_standard_sign_rep": 1.7025032039816283e-06, "hidden_restricted_loss_standard_sign_rep": 4.787491121824296, "logit_s5_5d_a_rep_trace_similarity": 3.5310222301632166e-08, "logit_excluded_loss_s5_5d_a_rep": 1.7025086937241286e-06, "logit_restricted_loss_s5_5d_a_rep": 4.787489706349368, "percent_x_embed_s5_5d_a_rep": 2.38159336696242e-09, "percent_y_embed_s5_5d_a_rep": 2.737430726540424e-09, "percent_unembed_s5_5d_a_rep": 0.00022673691273666918, "percent_hidden_x_s5_5d_a_rep": 1.2016490025246185e-09, "percent_hidden_y_s5_5d_a_rep": 1.4467167464005115e-09, "percent_hidden_xy_s5_5d_a_rep": 1.4965836347968775e-09, "total_percent_hidden_s5_5d_a_rep": 4.144949272699705e-09, "hidden_excluded_loss_s5_5d_a_rep": 1.7025065824899526e-06, "hidden_restricted_loss_s5_5d_a_rep": 4.787489604320511, "logit_s5_5d_b_rep_trace_similarity": 0.0016230748733505607, "logit_excluded_loss_s5_5d_b_rep": 1.8761455359553628e-06, "logit_restricted_loss_s5_5d_b_rep": 4.694061133589231, "percent_x_embed_s5_5d_b_rep": 1.2284294470532586e-08, "percent_y_embed_s5_5d_b_rep": 1.27268711125339e-08, "percent_unembed_s5_5d_b_rep": 0.006981406360864639, "percent_hidden_x_s5_5d_b_rep": 0.0003774012438952923, "percent_hidden_y_s5_5d_b_rep": 0.00037760238046757877, "percent_hidden_xy_s5_5d_b_rep": 0.00012432204675860703, "total_percent_hidden_s5_5d_b_rep": 0.0008793256711214781, "hidden_excluded_loss_s5_5d_b_rep": 1.8775731437349272e-06, "hidden_restricted_loss_s5_5d_b_rep": 4.694770505062542, "logit_s5_6d_rep_trace_similarity": 3.3542164601385593e-09, "logit_excluded_loss_s5_6d_rep": 1.7025021991859987e-06, "logit_restricted_loss_s5_6d_rep": 4.787491510646327, "percent_x_embed_s5_6d_rep": 3.7927980756080615e-09, "percent_y_embed_s5_6d_rep": 2.8215374481277422e-09, "percent_unembed_s5_6d_rep": 0.0004430749686434865, "percent_hidden_x_s5_6d_rep": 1.7317725031773534e-09, "percent_hidden_y_s5_6d_rep": 1.4797928438170516e-09, "percent_hidden_xy_s5_6d_rep": 1.2458331892159502e-12, "total_percent_hidden_s5_6d_rep": 3.212811128250337e-09, "hidden_excluded_loss_s5_6d_rep": 1.7025025984742528e-06, "hidden_restricted_loss_s5_6d_rep": 4.7874918144684075, "percent_logits_explained": 0.5924349427223206, "total_logit_excluded_loss": 17.170523609211262, "total_logit_restricted_loss": 1.8279628793917373e-09, "total_hidden_excluded_loss": 17.178234562203162, "total_hidden_restricted_loss": 2.0178758467459806e-09, "test_loss_restricted_loss_ratio": 1115.0914977995935, "sum_of_squared_weights": 4904.2529296875, "percent_hidden_explained": 0.8993648290634155, "percent_hidden_xy_explained": 0.12666434049606323, "percent_x_embed_explained": 1.0, "percent_y_embed_explained": 1.0, "percent_unembed_explained": 0.9317380785942078, "epoch": 250000.0}